; generated by PrusaSlicer 2.7.0+win64 on 2025-04-29 at 07:22:54 UTC

; 

; external perimeters extrusion width = 0.42mm
; perimeters extrusion width = 0.44mm
; infill extrusion width = 0.44mm
; solid infill extrusion width = 0.44mm
; top infill extrusion width = 0.40mm
; first layer extrusion width = 0.42mm


EXCLUDE_OBJECT_DEFINE NAME=Trigger1_holder_stl CENTER=111.177,117.461 POLYGON=[[116.125,55.000],[115.125,55.000],[115.125,72.000],[113.125,72.000],[113.125,90.000],[115.125,90.000],[115.125,134.000],[113.125,134.000],[113.125,152.000],[115.125,152.000],[115.125,162.000],[115.200,162.668],[115.422,163.302],[115.780,163.870],[116.255,164.345],[116.823,164.703],[117.457,164.925],[118.125,165.000],[124.875,165.000],[125.543,165.075],[126.177,165.297],[126.745,165.655],[127.220,166.130],[127.578,166.698],[127.800,167.332],[127.875,168.000],[127.817,170.509],[127.647,170.958],[127.375,171.354],[127.016,171.674],[126.591,171.899],[125.659,172.133],[125.234,172.357],[124.875,172.677],[124.603,173.073],[124.433,173.523],[124.375,174.000],[124.341,177.259],[124.082,177.707],[123.634,177.966],[123.375,178.000],[122.116,177.966],[121.668,177.707],[121.509,177.500],[121.375,177.000],[121.375,174.000],[121.307,173.482],[121.107,173.000],[120.789,172.586],[120.375,172.268],[119.893,172.068],[119.375,172.000],[108.125,172.000],[107.457,171.925],[106.823,171.703],[106.255,171.345],[105.780,170.870],[105.422,170.302],[105.200,169.668],[105.125,169.000],[105.125,152.000],[107.125,152.000],[107.125,134.000],[105.125,134.000],[105.125,90.000],[107.125,90.000],[107.125,72.000],[105.125,72.000],[105.125,55.000],[103.125,55.000],[103.125,53.000],[116.125,53.000]]

M190 S60 ; set bed temperature and wait for it to be reached
M104 S200 ; set temperature
;TYPE:Custom
START_PRINT
M109 S200 ; set temperature and wait for it to be reached
G21 ; set units to millimeters
G90 ; use absolute coordinates
M83 ; use relative distances for extrusion
; Filament gcode
M107
;LAYER_CHANGE
;Z:0.2
;HEIGHT:0.2
;BEFORE_LAYER_CHANGE
G92 E0
;0.2


G1 E-2 F2700
G1 Z.2 F9000
;AFTER_LAYER_CHANGE
;0.2
G1 X100.142 Y51.417
G1 Z.2
G1 E2 F2400
M204 S500
;TYPE:Skirt/Brim
;WIDTH:0.42
G1 F1200
G1 X101.232 Y50.203 E.05116
G1 X103.125 Y49.623 E.06208
G1 X116.125 Y49.623 E.40761
G1 X117.708 Y50.017 E.05115
G1 X118.922 Y51.107 E.05116
G1 X119.485 Y52.657 E.05171
G1 X131.235 Y167.657 E3.62452
G1 X131.228 Y170.437 E.08717
G1 X130.976 Y171.703 E.04047
G1 X130.643 Y172.518 E.0276
G1 X127.236 Y179.06 E.23127
G1 X126.761 Y179.763 E.0266
G1 X125.931 Y180.545 E.03576
G1 X124.926 Y181.086 E.03579
G1 X124.075 Y181.314 E.02762
G1 X123.375 Y181.377 E.02204
G1 X121.934 Y181.348 E.04519
G1 X120.836 Y181.091 E.03536
G1 X105.027 Y174.562 E.53629
G1 X104.458 Y174.205 E.02106
G1 X103.392 Y173.258 E.04471
G1 X102.563 Y172.098 E.0447
G1 X102.013 Y170.783 E.04469
G1 X101.844 Y170.046 E.02371
G1 X101.748 Y169.059 E.03109
G1 X99.748 Y53 E3.63949
G1 X100.128 Y51.475 E.04928
EXCLUDE_OBJECT_START NAME=Trigger1_holder_stl
G1 E-1.4 F2700
;WIPE_START
G1 F7200
G1 X100.142 Y51.417 E-.02126
G1 X101.228 Y50.208 E-.57874
;WIPE_END
G1 X106.189 Y54.064 F9000
G1 E2 F2400
;TYPE:Perimeter
G1 F1200
G1 X114.061 Y54.064 E.24682
G1 X114.061 Y70.936 E.52901
G1 X112.061 Y70.936 E.06271
G1 X112.061 Y91.064 E.6311
G1 X114.061 Y91.064 E.06271
G1 X114.061 Y132.936 E1.31287
G1 X112.061 Y132.936 E.06271
G1 X112.061 Y153.064 E.6311
G1 X114.061 Y153.064 E.06271
G1 X114.061 Y162.06 E.28206
G1 X114.156 Y162.906 E.02669
G1 X114.457 Y163.766 E.02857
G1 X114.942 Y164.538 E.02859
G1 X115.587 Y165.183 E.0286
G1 X116.359 Y165.668 E.02859
G1 X117.219 Y165.969 E.02857
G1 X118.065 Y166.064 E.02669
G1 X124.815 Y166.064 E.21164
G1 X125.304 Y166.119 E.01543
G1 X125.712 Y166.262 E.01356
G1 X126.078 Y166.492 E.01355
G1 X126.383 Y166.797 E.01352
G1 X126.613 Y167.163 E.01355
G1 X126.756 Y167.571 E.01356
G1 X126.811 Y168.06 E.01543
G1 X126.811 Y169.967 E.05979
G1 X126.776 Y170.253 E.00903
G1 X126.697 Y170.461 E.00698
G1 X126.571 Y170.645 E.00699
G1 X126.404 Y170.794 E.00702
G1 X126.207 Y170.898 E.00698
G1 X125.275 Y171.132 E.03013
G1 X124.622 Y171.477 E.02316
G1 X124.071 Y171.968 E.02314
G1 X123.653 Y172.576 E.02313
G1 X123.392 Y173.267 E.02316
G1 X123.311 Y173.936 E.02113
G1 X123.305 Y176.936 E.09406
G1 X122.44 Y176.935 E.02712
G1 X122.439 Y173.93 E.09422
G1 X122.344 Y173.205 E.02293
G1 X122.037 Y172.463 E.02518
G1 X121.548 Y171.827 E.02515
G1 X120.912 Y171.338 E.02515
G1 X120.17 Y171.031 E.02518
G1 X119.445 Y170.936 E.02293
G1 X108.185 Y170.936 E.35305
G1 X107.696 Y170.881 E.01543
G1 X107.288 Y170.738 E.01356
G1 X106.922 Y170.508 E.01355
G1 X106.617 Y170.203 E.01352
G1 X106.387 Y169.837 E.01355
G1 X106.244 Y169.429 E.01356
G1 X106.189 Y168.94 E.01543
G1 X106.189 Y153.064 E.49778
G1 X108.189 Y153.064 E.06271
G1 X108.189 Y132.936 E.6311
G1 X106.189 Y132.936 E.06271
G1 X106.189 Y91.064 E1.31287
G1 X108.189 Y91.064 E.06271
G1 X108.189 Y70.936 E.6311
G1 X106.189 Y70.936 E.06271
G1 X106.189 Y54.124 E.52713
G1 X105.812 Y54.313 F9000
G1 F1200
G1 X103.812 Y54.313 E.06271
G1 X103.812 Y53.687 E.01963
G1 X115.438 Y53.687 E.36453
G1 X115.438 Y54.313 E.01963
G1 X114.438 Y54.313 E.03135
G1 X114.438 Y71.313 E.53302
G1 X112.438 Y71.313 E.06271
G1 X112.438 Y90.687 E.60746
G1 X114.438 Y90.687 E.06271
G1 X114.438 Y133.313 E1.33651
G1 X112.438 Y133.313 E.06271
G1 X112.438 Y152.687 E.60746
G1 X114.438 Y152.687 E.06271
G1 X114.438 Y162.039 E.29323
G1 X114.526 Y162.821 E.02467
G1 X114.799 Y163.602 E.02594
G1 X115.239 Y164.302 E.02592
G1 X115.823 Y164.886 E.0259
G1 X116.523 Y165.326 E.02592
G1 X117.304 Y165.599 E.02594
G1 X118.086 Y165.687 E.02467
G1 X124.836 Y165.687 E.21164
G1 X125.389 Y165.749 E.01745
G1 X125.877 Y165.92 E.01621
G1 X126.314 Y166.195 E.01619
G1 X126.68 Y166.561 E.01623
G1 X126.955 Y166.998 E.01619
G1 X127.126 Y167.486 E.01621
G1 X127.188 Y168.039 E.01745
G1 X127.188 Y169.99 E.06117
G1 X127.145 Y170.343 E.01115
G1 X127.034 Y170.637 E.00985
G1 X126.856 Y170.896 E.00985
G1 X126.621 Y171.106 E.00988
G1 X126.343 Y171.253 E.00986
G1 X125.411 Y171.486 E.03012
G1 X124.839 Y171.789 E.0203
G1 X124.356 Y172.219 E.02028
G1 X123.989 Y172.752 E.02029
G1 X123.761 Y173.358 E.0203
G1 X123.688 Y173.959 E.01898
G1 X123.688 Y176.955 E.09394
G1 X123.672 Y177.079 E.00392
G1 X123.641 Y177.153 E.00252
G1 X123.528 Y177.266 E.00501
G1 X123.454 Y177.297 E.00252
G1 X123.33 Y177.313 E.00392
G1 X122.42 Y177.313 E.02853
G1 X122.296 Y177.297 E.00392
G1 X122.222 Y177.266 E.00252
G1 X122.109 Y177.153 E.00501
G1 X122.078 Y177.079 E.00252
G1 X122.062 Y176.955 E.00392
G1 X122.062 Y173.955 E.09406
G1 X121.976 Y173.303 E.02062
G1 X121.707 Y172.653 E.02206
G1 X121.279 Y172.096 E.02202
G1 X120.722 Y171.668 E.02202
G1 X120.072 Y171.399 E.02206
G1 X119.42 Y171.313 E.02062
G1 X108.164 Y171.313 E.35292
G1 X107.611 Y171.251 E.01745
G1 X107.123 Y171.08 E.01621
G1 X106.686 Y170.805 E.01619
G1 X106.32 Y170.439 E.01623
G1 X106.045 Y170.002 E.01619
G1 X105.874 Y169.514 E.01621
G1 X105.812 Y168.961 E.01745
G1 X105.812 Y152.687 E.51026
G1 X107.812 Y152.687 E.06271
G1 X107.812 Y133.313 E.60746
G1 X105.812 Y133.313 E.06271
G1 X105.812 Y90.687 E1.33651
G1 X107.812 Y90.687 E.06271
G1 X107.812 Y71.313 E.60746
G1 X105.812 Y71.313 E.06271
G1 X105.812 Y54.373 E.53114
G1 X105.435 Y54.69 F9000
;TYPE:External perimeter
G1 F1200
G1 X103.435 Y54.69 E.06271
G1 X103.435 Y53.31 E.04327
G1 X115.815 Y53.31 E.38817
G1 X115.815 Y54.69 E.04327
G1 X114.815 Y54.69 E.03135
G1 X114.815 Y71.69 E.53302
G1 X112.815 Y71.69 E.06271
G1 X112.815 Y90.31 E.58382
G1 X114.815 Y90.31 E.06271
G1 X114.815 Y133.69 E1.36015
G1 X112.815 Y133.69 E.06271
G1 X112.815 Y152.31 E.58382
G1 X114.815 Y152.31 E.06271
G1 X114.815 Y162.017 E.30436
G1 X114.896 Y162.737 E.02272
G1 X115.141 Y163.437 E.02325
G1 X115.536 Y164.065 E.02326
G1 X116.06 Y164.589 E.02324
G1 X116.688 Y164.984 E.02326
G1 X117.388 Y165.229 E.02325
G1 X118.108 Y165.31 E.02272
G1 X124.858 Y165.31 E.21164
G1 X125.473 Y165.379 E.0194
G1 X126.041 Y165.578 E.01887
G1 X126.551 Y165.898 E.01888
G1 X126.977 Y166.324 E.01889
G1 X127.297 Y166.834 E.01888
G1 X127.496 Y167.402 E.01887
G1 X127.565 Y168.017 E.0194
G1 X127.565 Y170.013 E.06258
G1 X127.514 Y170.434 E.0133
G1 X127.371 Y170.813 E.0127
G1 X127.141 Y171.148 E.01274
G1 X126.838 Y171.417 E.0127
G1 X126.479 Y171.607 E.01274
G1 X125.547 Y171.841 E.03013
G1 X125.056 Y172.101 E.01742
G1 X124.641 Y172.471 E.01743
G1 X124.326 Y172.929 E.01743
G1 X124.13 Y173.448 E.01739
G1 X124.065 Y173.981 E.01684
G1 X124.065 Y176.98 E.09403
G1 X124.039 Y177.178 E.00626
G1 X123.97 Y177.344 E.00564
G1 X123.861 Y177.486 E.00561
G1 X123.719 Y177.595 E.00561
G1 X123.553 Y177.664 E.00564
G1 X123.355 Y177.69 E.00626
G1 X122.395 Y177.69 E.0301
G1 X122.197 Y177.664 E.00626
G1 X122.031 Y177.595 E.00564
G1 X121.889 Y177.486 E.00561
G1 X121.78 Y177.344 E.00561
G1 X121.711 Y177.178 E.00564
G1 X121.685 Y176.98 E.00626
G1 X121.685 Y173.98 E.09406
G1 X121.609 Y173.401 E.01831
G1 X121.378 Y172.844 E.01891
G1 X121.01 Y172.365 E.01894
G1 X120.531 Y171.997 E.01894
G1 X119.974 Y171.766 E.01891
G1 X119.395 Y171.69 E.01831
G1 X108.142 Y171.69 E.35283
G1 X107.527 Y171.621 E.0194
G1 X106.959 Y171.422 E.01887
G1 X106.449 Y171.102 E.01888
G1 X106.023 Y170.676 E.01889
G1 X105.703 Y170.166 E.01888
G1 X105.504 Y169.598 E.01887
G1 X105.435 Y168.983 E.0194
G1 X105.435 Y152.31 E.52277
G1 X107.435 Y152.31 E.06271
G1 X107.435 Y133.69 E.58382
G1 X105.435 Y133.69 E.06271
G1 X105.435 Y90.31 E1.36015
G1 X107.435 Y90.31 E.06271
G1 X107.435 Y71.69 E.58382
G1 X105.435 Y71.69 E.06271
G1 X105.435 Y54.75 E.53114
G1 X106.001 Y54 F9000
;TYPE:Gap fill
;WIDTH:0.291684
G1 F1200
G1 X104.001 Y54 E.04137
G1 E-1.4 F2700
;WIPE_START
G1 F7200
G1 X105.685 Y54 E-.6
;WIPE_END
G1 X115.249 Y54 F9000
G1 E2 F2400
G1 F1200
G1 X114.249 Y54 E.02068
G1 X113.967 Y54.922 F9000
;TYPE:Solid infill
;WIDTH:0.420426
G1 F1200
G1 X113.373 Y54.328 E.02637
G1 X112.839 Y54.328 E.01676
G1 X113.797 Y55.286 E.04253
G1 X113.797 Y55.82 E.01676
G1 X112.305 Y54.328 E.06623
G1 X111.771 Y54.328 E.01676
G1 X113.797 Y56.354 E.08994
G1 X113.797 Y56.887 E.01673
G1 X111.238 Y54.328 E.1136
G1 X110.704 Y54.328 E.01676
G1 X113.797 Y57.421 E.1373
G1 X113.797 Y57.955 E.01676
G1 X110.17 Y54.328 E.16101
G1 X109.636 Y54.328 E.01676
G1 X113.797 Y58.489 E.18471
G1 X113.797 Y59.023 E.01676
G1 X109.102 Y54.328 E.20842
G1 X108.568 Y54.328 E.01676
G1 X113.797 Y59.557 E.23212
G1 X113.797 Y60.091 E.01676
G1 X108.034 Y54.328 E.25583
G1 X107.5 Y54.328 E.01676
G1 X113.797 Y60.625 E.27954
G1 X113.797 Y61.158 E.01673
G1 X106.967 Y54.328 E.3032
G1 X106.453 Y54.328 E.01613
G1 X106.453 Y54.349 E.00066
G1 X113.797 Y61.692 E.32599
G1 X113.797 Y62.226 E.01676
G1 X106.453 Y54.882 E.32601
G1 X106.453 Y55.416 E.01676
G1 X113.797 Y62.76 E.32601
G1 X113.797 Y63.294 E.01676
G1 X106.453 Y55.95 E.32601
G1 X106.453 Y56.484 E.01676
G1 X113.797 Y63.828 E.32601
G1 X113.797 Y64.362 E.01676
G1 X106.453 Y57.018 E.32601
G1 X106.453 Y57.552 E.01676
G1 X113.797 Y64.896 E.32601
G1 X113.797 Y65.429 E.01673
G1 X106.453 Y58.086 E.32599
G1 X106.453 Y58.62 E.01676
G1 X113.797 Y65.963 E.32599
G1 X113.797 Y66.497 E.01676
G1 X106.453 Y59.153 E.32601
G1 X106.453 Y59.687 E.01676
G1 X113.797 Y67.031 E.32601
G1 X113.797 Y67.565 E.01676
G1 X106.453 Y60.221 E.32601
G1 X106.453 Y60.755 E.01676
G1 X113.797 Y68.099 E.32601
G1 X113.797 Y68.633 E.01676
G1 X106.453 Y61.289 E.32601
G1 X106.453 Y61.823 E.01676
G1 X113.797 Y69.167 E.32601
G1 X113.797 Y69.7 E.01673
G1 X106.453 Y62.357 E.32599
G1 X106.453 Y62.89 E.01673
G1 X113.797 Y70.234 E.32601
G1 X113.797 Y70.672 E.01375
G1 X113.701 Y70.672 E.00301
G1 X106.453 Y63.424 E.32175
G1 X106.453 Y63.958 E.01676
G1 X113.167 Y70.672 E.29805
G1 X112.633 Y70.672 E.01676
G1 X106.453 Y64.492 E.27434
G1 X106.453 Y65.026 E.01676
G1 X112.099 Y70.672 E.25064
G1 X111.797 Y70.672 E.00948
G1 X111.797 Y70.904 E.00728
G1 X106.453 Y65.56 E.23723
G1 X106.453 Y66.094 E.01676
G1 X111.797 Y71.438 E.23723
G1 X111.797 Y71.971 E.01673
G1 X106.453 Y66.628 E.23721
G1 X106.453 Y67.161 E.01673
G1 X111.797 Y72.505 E.23723
G1 X111.797 Y73.039 E.01676
G1 X106.453 Y67.695 E.23723
G1 X106.453 Y68.229 E.01676
G1 X111.797 Y73.573 E.23723
G1 X111.797 Y74.107 E.01676
G1 X106.453 Y68.763 E.23723
G1 X106.453 Y69.297 E.01676
G1 X107.828 Y70.672 E.06104
G1 X107.294 Y70.672 E.01676
G1 X106.453 Y69.831 E.03733
G1 X106.453 Y70.365 E.01676
G1 X106.93 Y70.842 E.02117
G1 X108.283 Y71.127 F9000
G1 F1200
G1 X111.797 Y74.641 E.15599
G1 X111.797 Y75.175 E.01676
G1 X108.453 Y71.831 E.14845
G1 X108.453 Y72.365 E.01676
G1 X111.797 Y75.709 E.14845
G1 X111.797 Y76.242 E.01673
G1 X108.453 Y72.899 E.14842
G1 X108.453 Y73.432 E.01673
G1 X111.797 Y76.776 E.14845
G1 X111.797 Y77.31 E.01676
G1 X108.453 Y73.966 E.14845
G1 X108.453 Y74.5 E.01676
G1 X111.797 Y77.844 E.14845
G1 X111.797 Y78.378 E.01676
G1 X108.453 Y75.034 E.14845
G1 X108.453 Y75.568 E.01676
G1 X111.797 Y78.912 E.14845
G1 X111.797 Y79.446 E.01676
G1 X108.453 Y76.102 E.14845
G1 X108.453 Y76.636 E.01676
G1 X111.797 Y79.979 E.14842
G1 X111.797 Y80.513 E.01676
G1 X108.453 Y77.17 E.14842
G1 X108.453 Y77.703 E.01673
G1 X111.797 Y81.047 E.14845
G1 X111.797 Y81.581 E.01676
G1 X108.453 Y78.237 E.14845
G1 X108.453 Y78.771 E.01676
G1 X111.797 Y82.115 E.14845
G1 X111.797 Y82.649 E.01676
G1 X108.453 Y79.305 E.14845
G1 X108.453 Y79.839 E.01676
G1 X111.797 Y83.183 E.14845
G1 X111.797 Y83.717 E.01676
G1 X108.453 Y80.373 E.14845
G1 X108.453 Y80.907 E.01676
G1 X111.797 Y84.25 E.14842
G1 X111.797 Y84.784 E.01676
G1 X108.453 Y81.441 E.14842
G1 X108.453 Y81.974 E.01673
G1 X111.797 Y85.318 E.14845
G1 X111.797 Y85.852 E.01676
G1 X108.453 Y82.508 E.14845
G1 X108.453 Y83.042 E.01676
G1 X111.797 Y86.386 E.14845
G1 X111.797 Y86.92 E.01676
G1 X108.453 Y83.576 E.14845
G1 X108.453 Y84.11 E.01676
G1 X111.797 Y87.454 E.14845
G1 X111.797 Y87.988 E.01676
G1 X108.453 Y84.644 E.14845
G1 X108.453 Y85.178 E.01676
G1 X111.797 Y88.521 E.14842
G1 X111.797 Y89.055 E.01676
G1 X108.453 Y85.712 E.14842
G1 X108.453 Y86.245 E.01673
G1 X111.797 Y89.589 E.14845
G1 X111.797 Y90.123 E.01676
G1 X108.453 Y86.779 E.14845
G1 X108.453 Y87.313 E.01676
G1 X111.967 Y90.827 E.15599
G1 X113.366 Y91.158 F9000
G1 F1200
G1 X113.797 Y91.589 E.01913
G1 X113.797 Y92.123 E.01676
G1 X113.002 Y91.328 E.03529
G1 X112.468 Y91.328 E.01676
G1 X113.797 Y92.657 E.059
G1 X113.797 Y93.191 E.01676
G1 X108.453 Y87.847 E.23723
G1 X108.453 Y88.381 E.01676
G1 X113.797 Y93.725 E.23723
G1 X113.797 Y94.259 E.01676
G1 X108.453 Y88.915 E.23723
G1 X108.453 Y89.449 E.01676
G1 X113.797 Y94.792 E.23721
G1 X113.797 Y95.326 E.01676
G1 X108.453 Y89.983 E.23721
G1 X108.453 Y90.516 E.01673
G1 X113.797 Y95.86 E.23723
G1 X113.797 Y96.394 E.01676
G1 X108.453 Y91.05 E.23723
G1 X108.453 Y91.328 E.00873
G1 X108.197 Y91.328 E.00804
G1 X113.797 Y96.928 E.24859
G1 X113.797 Y97.462 E.01676
G1 X107.663 Y91.328 E.2723
G1 X107.129 Y91.328 E.01676
G1 X113.797 Y97.996 E.296
G1 X113.797 Y98.53 E.01676
G1 X106.595 Y91.328 E.31971
G1 X106.453 Y91.328 E.00446
G1 X106.453 Y91.72 E.0123
G1 X113.797 Y99.063 E.32599
G1 X113.797 Y99.597 E.01676
G1 X106.453 Y92.254 E.32599
G1 X106.453 Y92.787 E.01673
G1 X113.797 Y100.131 E.32601
G1 X113.797 Y100.665 E.01676
G1 X106.453 Y93.321 E.32601
G1 X106.453 Y93.855 E.01676
G1 X113.797 Y101.199 E.32601
G1 X113.797 Y101.733 E.01676
G1 X106.453 Y94.389 E.32601
G1 X106.453 Y94.923 E.01676
G1 X113.797 Y102.267 E.32601
G1 X113.797 Y102.801 E.01676
G1 X106.453 Y95.457 E.32601
G1 X106.453 Y95.991 E.01676
G1 X113.797 Y103.334 E.32599
G1 X113.797 Y103.868 E.01676
G1 X106.453 Y96.525 E.32599
G1 X106.453 Y97.058 E.01673
G1 X113.797 Y104.402 E.32601
G1 X113.797 Y104.936 E.01676
G1 X106.453 Y97.592 E.32601
G1 X106.453 Y98.126 E.01676
G1 X113.797 Y105.47 E.32601
G1 X113.797 Y106.004 E.01676
G1 X106.453 Y98.66 E.32601
G1 X106.453 Y99.194 E.01676
G1 X113.797 Y106.538 E.32601
G1 X113.797 Y107.072 E.01676
G1 X106.453 Y99.728 E.32601
G1 X106.453 Y100.262 E.01676
G1 X113.797 Y107.605 E.32599
G1 X113.797 Y108.139 E.01676
G1 X106.453 Y100.796 E.32599
G1 X106.453 Y101.329 E.01673
G1 X113.797 Y108.673 E.32601
G1 X113.797 Y109.207 E.01676
G1 X106.453 Y101.863 E.32601
G1 X106.453 Y102.397 E.01676
G1 X113.797 Y109.741 E.32601
G1 X113.797 Y110.275 E.01676
G1 X106.453 Y102.931 E.32601
G1 X106.453 Y103.465 E.01676
G1 X113.797 Y110.809 E.32601
G1 X113.797 Y111.343 E.01676
G1 X106.453 Y103.999 E.32601
G1 X106.453 Y104.533 E.01676
G1 X113.797 Y111.876 E.32599
G1 X113.797 Y112.41 E.01676
G1 X106.453 Y105.067 E.32599
G1 X106.453 Y105.6 E.01673
G1 X113.797 Y112.944 E.32601
G1 X113.797 Y113.478 E.01676
G1 X106.453 Y106.134 E.32601
G1 X106.453 Y106.668 E.01676
G1 X113.797 Y114.012 E.32601
G1 X113.797 Y114.546 E.01676
G1 X106.453 Y107.202 E.32601
G1 X106.453 Y107.736 E.01676
G1 X113.797 Y115.08 E.32601
G1 X113.797 Y115.614 E.01676
G1 X106.453 Y108.27 E.32601
G1 X106.453 Y108.804 E.01676
G1 X113.797 Y116.147 E.32599
G1 X113.797 Y116.681 E.01676
G1 X106.453 Y109.338 E.32599
G1 X106.453 Y109.871 E.01673
G1 X113.797 Y117.215 E.32601
G1 X113.797 Y117.749 E.01676
G1 X106.453 Y110.405 E.32601
G1 X106.453 Y110.939 E.01676
G1 X113.797 Y118.283 E.32601
G1 X113.797 Y118.817 E.01676
G1 X106.453 Y111.473 E.32601
G1 X106.453 Y112.007 E.01676
G1 X113.797 Y119.351 E.32601
G1 X113.797 Y119.885 E.01676
G1 X106.453 Y112.541 E.32601
G1 X106.453 Y113.075 E.01676
G1 X113.797 Y120.418 E.32599
G1 X113.797 Y120.952 E.01676
G1 X106.453 Y113.609 E.32599
G1 X106.453 Y114.142 E.01673
G1 X113.797 Y121.486 E.32601
G1 X113.797 Y122.02 E.01676
G1 X106.453 Y114.676 E.32601
G1 X106.453 Y115.21 E.01676
G1 X113.797 Y122.554 E.32601
G1 X113.797 Y123.088 E.01676
G1 X106.453 Y115.744 E.32601
G1 X106.453 Y116.278 E.01676
G1 X113.797 Y123.622 E.32601
G1 X113.797 Y124.156 E.01676
G1 X106.453 Y116.812 E.32601
G1 X106.453 Y117.346 E.01676
G1 X113.797 Y124.689 E.32599
G1 X113.797 Y125.223 E.01676
G1 X106.453 Y117.88 E.32599
G1 X106.453 Y118.413 E.01673
G1 X113.797 Y125.757 E.32601
G1 X113.797 Y126.291 E.01676
G1 X106.453 Y118.947 E.32601
G1 X106.453 Y119.481 E.01676
G1 X113.797 Y126.825 E.32601
G1 X113.797 Y127.359 E.01676
G1 X106.453 Y120.015 E.32601
G1 X106.453 Y120.549 E.01676
G1 X113.797 Y127.893 E.32601
G1 X113.797 Y128.427 E.01676
G1 X106.453 Y121.083 E.32601
G1 X106.453 Y121.617 E.01676
G1 X113.797 Y128.96 E.32599
G1 X113.797 Y129.494 E.01676
G1 X106.453 Y122.151 E.32599
G1 X106.453 Y122.684 E.01673
G1 X113.797 Y130.028 E.32601
G1 X113.797 Y130.562 E.01676
G1 X106.453 Y123.218 E.32601
G1 X106.453 Y123.752 E.01676
G1 X113.797 Y131.096 E.32601
G1 X113.797 Y131.63 E.01676
G1 X106.453 Y124.286 E.32601
G1 X106.453 Y124.82 E.01676
G1 X113.797 Y132.164 E.32601
G1 X113.797 Y132.672 E.01595
G1 X113.771 Y132.672 E.00082
G1 X106.453 Y125.354 E.32486
G1 X106.453 Y125.888 E.01676
G1 X113.237 Y132.672 E.30115
G1 X112.703 Y132.672 E.01676
G1 X106.453 Y126.422 E.27745
G1 X106.453 Y126.955 E.01673
G1 X112.17 Y132.672 E.25379
G1 X111.797 Y132.672 E.01171
G1 X111.797 Y132.833 E.00505
G1 X106.453 Y127.489 E.23723
G1 X106.453 Y128.023 E.01676
G1 X111.797 Y133.367 E.23723
G1 X111.797 Y133.901 E.01676
G1 X106.453 Y128.557 E.23723
G1 X106.453 Y129.091 E.01676
G1 X111.797 Y134.435 E.23723
G1 X111.797 Y134.969 E.01676
G1 X106.453 Y129.625 E.23723
G1 X106.453 Y130.159 E.01676
G1 X111.797 Y135.502 E.23721
G1 X111.797 Y136.036 E.01676
G1 X106.453 Y130.693 E.23721
G1 X106.453 Y131.226 E.01673
G1 X107.899 Y132.672 E.06419
G1 X107.365 Y132.672 E.01676
G1 X106.453 Y131.76 E.04049
G1 X106.453 Y132.294 E.01676
G1 X107.001 Y132.842 E.02433
G1 X108.283 Y133.057 F9000
G1 F1200
G1 X111.797 Y136.57 E.15597
G1 X111.797 Y137.104 E.01676
G1 X108.453 Y133.76 E.14845
G1 X108.453 Y134.294 E.01676
G1 X111.797 Y137.638 E.14845
G1 X111.797 Y138.172 E.01676
G1 X108.453 Y134.828 E.14845
G1 X108.453 Y135.362 E.01676
G1 X111.797 Y138.706 E.14845
G1 X111.797 Y139.24 E.01676
G1 X108.453 Y135.896 E.14845
G1 X108.453 Y136.43 E.01676
G1 X111.797 Y139.773 E.14842
G1 X111.797 Y140.307 E.01676
G1 X108.453 Y136.963 E.14845
G1 X108.453 Y137.497 E.01676
G1 X111.797 Y140.841 E.14845
G1 X111.797 Y141.375 E.01676
G1 X108.453 Y138.031 E.14845
G1 X108.453 Y138.565 E.01676
G1 X111.797 Y141.909 E.14845
G1 X111.797 Y142.443 E.01676
G1 X108.453 Y139.099 E.14845
G1 X108.453 Y139.633 E.01676
G1 X111.797 Y142.977 E.14845
G1 X111.797 Y143.511 E.01676
G1 X108.453 Y140.167 E.14845
G1 X108.453 Y140.701 E.01676
G1 X111.797 Y144.044 E.14842
G1 X111.797 Y144.578 E.01676
G1 X108.453 Y141.234 E.14845
G1 X108.453 Y141.768 E.01676
G1 X111.797 Y145.112 E.14845
G1 X111.797 Y145.646 E.01676
G1 X108.453 Y142.302 E.14845
G1 X108.453 Y142.836 E.01676
G1 X111.797 Y146.18 E.14845
G1 X111.797 Y146.714 E.01676
G1 X108.453 Y143.37 E.14845
G1 X108.453 Y143.904 E.01676
G1 X111.797 Y147.248 E.14845
G1 X111.797 Y147.782 E.01676
G1 X108.453 Y144.438 E.14845
G1 X108.453 Y144.972 E.01676
G1 X111.797 Y148.315 E.14842
G1 X111.797 Y148.849 E.01676
G1 X108.453 Y145.505 E.14845
G1 X108.453 Y146.039 E.01676
G1 X111.797 Y149.383 E.14845
G1 X111.797 Y149.917 E.01676
G1 X108.453 Y146.573 E.14845
G1 X108.453 Y147.107 E.01676
G1 X111.797 Y150.451 E.14845
G1 X111.797 Y150.985 E.01676
G1 X108.453 Y147.641 E.14845
G1 X108.453 Y148.175 E.01676
G1 X111.797 Y151.519 E.14845
G1 X111.797 Y152.053 E.01676
G1 X108.453 Y148.709 E.14845
G1 X108.453 Y149.243 E.01676
G1 X111.967 Y152.756 E.15597
G1 E-1.4 F2700
;WIPE_START
G1 F7200
G1 X110.776 Y151.565 E-.6
;WIPE_END
G1 X113.437 Y153.158 F9000
G1 E2 F2400
G1 F1200
G1 X113.797 Y153.519 E.016
G1 X113.797 Y154.053 E.01676
G1 X113.073 Y153.328 E.03216
G1 X112.539 Y153.328 E.01676
G1 X113.797 Y154.586 E.05584
G1 X113.797 Y155.12 E.01676
G1 X108.453 Y149.776 E.23723
G1 X108.453 Y150.31 E.01676
G1 X113.797 Y155.654 E.23723
G1 X113.797 Y156.188 E.01676
G1 X108.453 Y150.844 E.23723
G1 X108.453 Y151.378 E.01676
G1 X113.797 Y156.722 E.23723
G1 X113.797 Y157.256 E.01676
G1 X108.453 Y151.912 E.23723
G1 X108.453 Y152.446 E.01676
G1 X113.797 Y157.79 E.23723
G1 X113.797 Y158.323 E.01673
G1 X108.453 Y152.98 E.23721
G1 X108.453 Y153.328 E.01092
G1 X108.268 Y153.328 E.00581
G1 X113.797 Y158.857 E.24544
G1 X113.797 Y159.391 E.01676
G1 X107.734 Y153.328 E.26915
G1 X107.2 Y153.328 E.01676
G1 X113.797 Y159.925 E.29285
G1 X113.797 Y160.459 E.01676
G1 X106.666 Y153.328 E.31656
G1 X106.453 Y153.328 E.00669
G1 X106.453 Y153.649 E.01008
G1 X113.797 Y160.993 E.32601
G1 X113.797 Y161.527 E.01676
G1 X106.453 Y154.183 E.32601
G1 X106.453 Y154.717 E.01676
G1 X113.797 Y162.061 E.32601
G1 X113.863 Y162.661 E.01895
G1 X106.453 Y155.251 E.32894
G1 X106.453 Y155.785 E.01676
G1 X114.316 Y163.647 E.34903
G1 E-1.4 F2700
;WIPE_START
G1 F7200
G1 X113.125 Y162.456 E-.6
;WIPE_END
G1 X125.497 Y166.287 F9000
G1 E2 F2400
G1 F1200
G1 X126.179 Y166.969 E.03028
G1 X126.374 Y167.278 E.01147
G1 X126.497 Y167.63 E.0117
G1 X126.521 Y167.844 E.00676
G1 X125.031 Y166.354 E.06614
G1 X124.8 Y166.328 E.0073
G1 X124.471 Y166.328 E.01033
G1 X126.547 Y168.404 E.09216
G1 X126.547 Y168.938 E.01676
G1 X123.937 Y166.328 E.11586
G1 X123.403 Y166.328 E.01676
G1 X126.547 Y169.472 E.13957
G1 X126.541 Y170 E.01657
G1 X122.869 Y166.328 E.16301
G1 X122.335 Y166.328 E.01676
G1 X126.414 Y170.407 E.18107
G1 X126.253 Y170.575 E.0073
G1 X126.119 Y170.646 E.00476
G1 X121.802 Y166.328 E.19166
G1 X121.268 Y166.328 E.01676
G1 X125.694 Y170.755 E.1965
G1 X125.267 Y170.862 E.01382
G1 X120.734 Y166.328 E.20125
G1 X120.2 Y166.328 E.01676
G1 X124.902 Y171.03 E.20873
G1 X124.553 Y171.215 E.0124
G1 X119.666 Y166.328 E.21694
G1 X119.132 Y166.328 E.01676
G1 X124.255 Y171.451 E.22742
G1 X123.973 Y171.702 E.01185
G1 X118.598 Y166.328 E.23858
G1 X118.064 Y166.328 E.01676
G1 X123.732 Y171.996 E.25161
G1 X123.514 Y172.312 E.01205
G1 X117.464 Y166.262 E.26857
G1 X117.16 Y166.228 E.0096
G1 X116.754 Y166.086 E.0135
G1 X123.336 Y172.668 E.29219
G1 X123.19 Y173.055 E.01298
G1 X106.453 Y156.318 E.74299
G1 X106.453 Y156.852 E.01676
G1 X120.471 Y170.87 E.62228
G1 X121.045 Y171.108 E.01951
G1 X121.736 Y171.639 E.02735
G1 X122.267 Y172.33 E.02735
G1 X122.505 Y172.904 E.01951
G1 X123.251 Y173.65 E.03312
G1 X122.464 Y173.397 F9000
G1 F1200
G1 X123.047 Y173.98 E.02588
G1 X123.046 Y174.513 E.01673
G1 X122.703 Y174.17 E.01523
G1 X122.703 Y174.704 E.01676
G1 X123.045 Y175.046 E.01518
G1 X123.044 Y175.579 E.01673
G1 X122.703 Y175.238 E.01514
G1 X122.704 Y175.772 E.01676
G1 X123.043 Y176.111 E.01505
G1 X123.042 Y176.644 E.01673
G1 X122.534 Y176.136 E.02255
G1 E-1.4 F2700
;WIPE_START
G1 F7200
G1 X123.042 Y176.644 E-.25594
G1 X123.043 Y176.111 E-.18988
G1 X122.737 Y175.805 E-.15418
;WIPE_END
G1 X119.978 Y170.911 F9000
G1 E2 F2400
G1 F1200
G1 X106.453 Y157.386 E.6004
G1 X106.453 Y157.92 E.01676
G1 X119.205 Y170.672 E.56608
G1 X118.671 Y170.672 E.01676
G1 X106.453 Y158.454 E.54238
G1 X106.453 Y158.988 E.01676
G1 X118.137 Y170.672 E.51867
G1 X117.603 Y170.672 E.01676
G1 X106.453 Y159.522 E.49497
G1 X106.453 Y160.056 E.01676
G1 X117.069 Y170.672 E.47126
G1 X116.536 Y170.672 E.01673
G1 X106.453 Y160.589 E.4476
G1 X106.453 Y161.123 E.01676
G1 X116.002 Y170.672 E.4239
G1 X115.468 Y170.672 E.01676
G1 X106.453 Y161.657 E.40019
G1 X106.453 Y162.191 E.01676
G1 X114.934 Y170.672 E.37649
G1 X114.4 Y170.672 E.01676
G1 X106.453 Y162.725 E.35278
G1 X106.453 Y163.259 E.01676
G1 X113.866 Y170.672 E.32908
G1 X113.332 Y170.672 E.01676
G1 X106.453 Y163.793 E.30537
G1 X106.453 Y164.327 E.01676
G1 X112.798 Y170.672 E.28167
G1 X112.265 Y170.672 E.01673
G1 X106.453 Y164.86 E.25801
G1 X106.453 Y165.394 E.01676
G1 X111.731 Y170.672 E.2343
G1 X111.197 Y170.672 E.01676
G1 X106.453 Y165.928 E.21059
G1 X106.453 Y166.462 E.01676
G1 X110.663 Y170.672 E.18689
G1 X110.129 Y170.672 E.01676
G1 X106.453 Y166.996 E.16318
G1 X106.453 Y167.53 E.01676
G1 X109.595 Y170.672 E.13948
G1 X109.061 Y170.672 E.01676
G1 X106.453 Y168.064 E.11577
G1 X106.453 Y168.598 E.01676
G1 X108.527 Y170.672 E.09207
G1 X108.2 Y170.672 E.01026
G1 X107.967 Y170.646 E.00736
G1 X106.479 Y169.158 E.06606
G1 X106.503 Y169.37 E.0067
G1 X106.626 Y169.722 E.0117
G1 X106.824 Y170.036 E.01165
G1 X107.5 Y170.712 E.03001
EXCLUDE_OBJECT_END NAME=Trigger1_holder_stl
M106 S127.5
;LAYER_CHANGE
;Z:0.4
;HEIGHT:0.2
;BEFORE_LAYER_CHANGE
G92 E0
;0.4


G1 E-1.4 F2700
;WIPE_START
G1 F7200
G1 X106.824 Y170.036 E-.34058
G1 X106.626 Y169.722 E-.13225
G1 X106.508 Y169.385 E-.12717
;WIPE_END
G1 Z.4 F9000
;AFTER_LAYER_CHANGE
;0.4
G1 X102.184 Y171.193
G1 E2 F2400
;TYPE:Skirt/Brim
;WIDTH:0.42
G1 X102.013 Y170.783 E.01393
G1 X101.844 Y170.046 E.02371
G1 X101.748 Y169.059 E.03109
G1 X99.748 Y53 E3.63949
G1 X100.142 Y51.417 E.05115
G1 X101.232 Y50.203 E.05116
G1 X103.125 Y49.623 E.06208
G1 X116.125 Y49.623 E.40761
G1 X117.708 Y50.017 E.05115
G1 X118.922 Y51.107 E.05116
G1 X119.485 Y52.657 E.05171
G1 X131.235 Y167.657 E3.62452
G1 X131.228 Y170.437 E.08717
G1 X130.976 Y171.703 E.04047
G1 X130.643 Y172.518 E.0276
G1 X127.236 Y179.06 E.23127
G1 X126.761 Y179.763 E.0266
G1 X125.931 Y180.545 E.03576
G1 X124.926 Y181.086 E.03579
G1 X124.075 Y181.314 E.02762
G1 X123.375 Y181.377 E.02204
G1 X121.934 Y181.348 E.04519
G1 X120.836 Y181.091 E.03536
G1 X105.027 Y174.562 E.53629
G1 X104.458 Y174.205 E.02106
G1 X103.392 Y173.258 E.04471
G1 X102.563 Y172.098 E.0447
G1 X102.207 Y171.248 E.02889
EXCLUDE_OBJECT_START NAME=Trigger1_holder_stl
G1 E-1.4 F2700
;WIPE_START
G1 F7200
G1 X102.184 Y171.193 E-.02124
G1 X102.013 Y170.783 E-.15826
G1 X101.844 Y170.046 E-.26937
G1 X101.803 Y169.624 E-.15113
;WIPE_END
G1 X108.119 Y152.994 F9000
G1 E2 F2400
;TYPE:Perimeter
;WIDTH:0.44
G1 F3600
G1 X108.119 Y133.006 E.65995
G1 X106.119 Y133.006 E.06603
G1 X106.119 Y90.994 E1.38712
G1 X108.119 Y90.994 E.06603
G1 X108.119 Y71.006 E.65995
G1 X106.119 Y71.006 E.06603
G1 X106.119 Y54.006 E.56129
G1 X104.119 Y53.994 E.06604
G1 X115.131 Y54.006 E.36359
G1 X114.131 Y54.006 E.03302
G1 X114.131 Y71.006 E.56129
G1 X112.131 Y71.006 E.06603
G1 X112.131 Y90.994 E.65995
G1 X114.131 Y90.994 E.06603
G1 X114.131 Y133.006 E1.38712
G1 X112.131 Y133.006 E.06603
G1 X112.131 Y152.994 E.65995
G1 X114.131 Y152.994 E.06603
G1 X114.131 Y162.056 E.2992
G1 X114.225 Y162.89 E.02771
G1 X114.521 Y163.736 E.02959
G1 X114.997 Y164.494 E.02955
G1 X115.631 Y165.128 E.0296
G1 X116.389 Y165.604 E.02955
G1 X117.235 Y165.9 E.02959
G1 X118.069 Y165.994 E.02771
G1 X124.819 Y165.994 E.22287
G1 X125.32 Y166.051 E.01665
G1 X125.743 Y166.198 E.01479
G1 X126.122 Y166.437 E.01479
G1 X126.438 Y166.753 E.01476
G1 X126.677 Y167.132 E.01479
G1 X126.824 Y167.555 E.01479
G1 X126.881 Y168.056 E.01665
G1 X126.881 Y169.971 E.06323
G1 X126.845 Y170.27 E.00994
G1 X126.76 Y170.494 E.00791
G1 X126.624 Y170.692 E.00793
G1 X126.445 Y170.851 E.00791
G1 X126.233 Y170.964 E.00793
G1 X125.3 Y171.198 E.03176
G1 X124.663 Y171.535 E.02379
G1 X124.124 Y172.015 E.02383
G1 X123.715 Y172.609 E.02381
G1 X123.46 Y173.284 E.02382
G1 X123.381 Y173.94 E.02182
G1 X123.381 Y176.935 E.09889
G1 X123.373 Y176.998 E.0021
G1 X123.31 Y177.006 E.0021
G1 X122.377 Y176.998 E.03081
G1 X122.369 Y173.935 E.10113
G1 X122.275 Y173.223 E.02371
G1 X121.975 Y172.499 E.02588
G1 X121.498 Y171.877 E.02588
G1 X120.876 Y171.4 E.02588
G1 X120.152 Y171.1 E.02588
G1 X119.44 Y171.006 E.02371
G1 X108.181 Y171.006 E.37174
G1 X107.68 Y170.949 E.01665
G1 X107.257 Y170.802 E.01479
G1 X106.878 Y170.563 E.01479
G1 X106.562 Y170.247 E.01476
G1 X106.323 Y169.868 E.01479
G1 X106.176 Y169.445 E.01479
G1 X106.119 Y168.944 E.01665
G1 X106.119 Y152.994 E.52663
G1 X108.059 Y152.994 E.06405
G1 X107.722 Y152.597 F9000
G1 F3600
G1 X107.722 Y133.403 E.63373
G1 X105.722 Y133.403 E.06603
G1 X105.722 Y90.597 E1.41334
G1 X107.722 Y90.597 E.06603
G1 X107.722 Y71.403 E.63373
G1 X105.722 Y71.403 E.06603
G1 X105.722 Y54.403 E.56129
G1 X103.722 Y54.403 E.06603
G1 X103.722 Y53.597 E.02661
G1 X115.528 Y53.597 E.3898
G1 X115.528 Y54.403 E.02661
G1 X114.528 Y54.403 E.03302
G1 X114.528 Y71.403 E.56129
G1 X112.528 Y71.403 E.06603
G1 X112.528 Y90.597 E.63373
G1 X114.528 Y90.597 E.06603
G1 X114.528 Y133.403 E1.41334
G1 X112.528 Y133.403 E.06603
G1 X112.528 Y152.597 E.63373
G1 X114.528 Y152.597 E.06603
G1 X114.528 Y162.034 E.31158
G1 X114.614 Y162.801 E.02548
G1 X114.881 Y163.562 E.02663
G1 X115.31 Y164.245 E.02663
G1 X115.88 Y164.815 E.02662
G1 X116.563 Y165.244 E.02663
G1 X117.324 Y165.511 E.02663
G1 X118.091 Y165.597 E.02548
G1 X124.841 Y165.597 E.22287
G1 X125.409 Y165.661 E.01887
G1 X125.916 Y165.838 E.01773
G1 X126.371 Y166.124 E.01774
G1 X126.751 Y166.504 E.01774
G1 X127.037 Y166.959 E.01774
G1 X127.214 Y167.466 E.01773
G1 X127.278 Y168.034 E.01887
G1 X127.278 Y169.995 E.06475
G1 X127.233 Y170.365 E.01231
G1 X127.114 Y170.679 E.01109
G1 X126.924 Y170.956 E.01109
G1 X126.673 Y171.18 E.01111
G1 X126.376 Y171.337 E.01109
G1 X125.443 Y171.571 E.03176
G1 X124.891 Y171.864 E.02063
G1 X124.424 Y172.279 E.02063
G1 X124.07 Y172.795 E.02066
G1 X123.849 Y173.379 E.02062
G1 X123.778 Y173.964 E.01946
G1 X123.778 Y176.961 E.09895
G1 X123.759 Y177.103 E.00473
G1 X123.719 Y177.199 E.00343
G1 X123.656 Y177.281 E.00341
G1 X123.574 Y177.344 E.00341
G1 X123.478 Y177.384 E.00343
G1 X123.336 Y177.403 E.00473
G1 X122.414 Y177.403 E.03044
G1 X122.272 Y177.384 E.00473
G1 X122.176 Y177.344 E.00343
G1 X122.094 Y177.281 E.00341
G1 X122.031 Y177.199 E.00341
G1 X121.991 Y177.103 E.00343
G1 X121.972 Y176.961 E.00473
G1 X121.972 Y173.961 E.09905
G1 X121.889 Y173.326 E.02114
G1 X121.629 Y172.699 E.02241
G1 X121.215 Y172.16 E.02244
G1 X120.676 Y171.746 E.02244
G1 X120.049 Y171.486 E.02241
G1 X119.414 Y171.403 E.02114
G1 X108.159 Y171.403 E.37161
G1 X107.591 Y171.339 E.01887
G1 X107.084 Y171.162 E.01773
G1 X106.629 Y170.876 E.01774
G1 X106.249 Y170.496 E.01774
G1 X105.963 Y170.041 E.01774
G1 X105.786 Y169.534 E.01773
G1 X105.722 Y168.966 E.01887
G1 X105.722 Y152.597 E.54046
G1 X107.662 Y152.597 E.06405
G1 X107.335 Y152.21 F9000
;TYPE:External perimeter
;WIDTH:0.42
G1 F1800
G1 X107.335 Y133.79 E.57755
G1 X105.335 Y133.79 E.06271
G1 X105.335 Y90.21 E1.36642
G1 X107.335 Y90.21 E.06271
G1 X107.335 Y71.79 E.57755
G1 X105.335 Y71.79 E.06271
G1 X105.335 Y54.79 E.53302
G1 X103.335 Y54.79 E.06271
G1 X103.335 Y53.21 E.04954
G1 X115.915 Y53.21 E.39444
G1 X115.915 Y54.79 E.04954
G1 X114.915 Y54.79 E.03135
G1 X114.915 Y71.79 E.53302
G1 X112.915 Y71.79 E.06271
G1 X112.915 Y90.21 E.57755
G1 X114.915 Y90.21 E.06271
G1 X114.915 Y133.79 E1.36642
G1 X112.915 Y133.79 E.06271
G1 X112.915 Y152.21 E.57755
G1 X114.915 Y152.21 E.06271
G1 X114.915 Y162.012 E.30733
G1 X114.994 Y162.715 E.02218
G1 X115.232 Y163.393 E.02253
G1 X115.614 Y164.002 E.02254
G1 X116.123 Y164.511 E.02257
G1 X116.732 Y164.893 E.02254
G1 X117.41 Y165.131 E.02253
G1 X118.113 Y165.21 E.02218
G1 X124.863 Y165.21 E.21164
G1 X125.496 Y165.281 E.01997
G1 X126.085 Y165.487 E.01956
G1 X126.614 Y165.82 E.0196
G1 X127.055 Y166.261 E.01955
G1 X127.388 Y166.79 E.0196
G1 X127.594 Y167.379 E.01956
G1 X127.665 Y168.012 E.01997
G1 X127.665 Y170.019 E.06293
G1 X127.612 Y170.458 E.01386
G1 X127.46 Y170.86 E.01348
G1 X127.216 Y171.214 E.01348
G1 X126.895 Y171.5 E.01348
G1 X126.515 Y171.701 E.01348
G1 X125.583 Y171.935 E.03013
G1 X125.113 Y172.184 E.01668
G1 X124.716 Y172.537 E.01666
G1 X124.415 Y172.975 E.01666
G1 X124.227 Y173.472 E.01666
G1 X124.165 Y173.987 E.01626
G1 X124.165 Y176.986 E.09403
G1 X124.136 Y177.204 E.0069
G1 X124.058 Y177.394 E.00644
G1 X123.932 Y177.557 E.00646
G1 X123.769 Y177.683 E.00646
G1 X123.579 Y177.761 E.00644
G1 X123.361 Y177.79 E.0069
G1 X122.389 Y177.79 E.03048
G1 X122.171 Y177.761 E.0069
G1 X121.981 Y177.683 E.00644
G1 X121.818 Y177.557 E.00646
G1 X121.692 Y177.394 E.00646
G1 X121.614 Y177.204 E.00644
G1 X121.585 Y176.986 E.0069
G1 X121.585 Y173.986 E.09406
G1 X121.511 Y173.428 E.01765
G1 X121.29 Y172.894 E.01812
G1 X120.939 Y172.436 E.01809
G1 X120.481 Y172.085 E.01809
G1 X119.947 Y171.864 E.01812
G1 X119.389 Y171.79 E.01765
G1 X108.137 Y171.79 E.3528
G1 X107.504 Y171.719 E.01997
G1 X106.915 Y171.513 E.01956
G1 X106.386 Y171.18 E.0196
G1 X105.945 Y170.739 E.01955
G1 X105.612 Y170.21 E.0196
G1 X105.406 Y169.621 E.01956
G1 X105.335 Y168.988 E.01997
G1 X105.335 Y152.21 E.52606
G1 X107.275 Y152.21 E.06083
G1 E-1.4 F2700
;WIPE_START
G1 F7200
G1 X107.335 Y152.21 E-.02138
G1 X107.335 Y150.586 E-.57862
;WIPE_END
G1 X106.505 Y54.307 F9000
G1 E2 F2400
;TYPE:Solid infill
;WIDTH:0.536186
G1 X106.461 Y54.263 E.00255
G1 X106.402 Y54.279 E.00251
G1 X106.386 Y54.339 E.00255
G1 X106.429 Y54.382 E.00249
G1 X106.489 Y54.366 E.00255
;WIDTH:0.439999
G1 X107.122 Y54.275 E.02111
G1 X106.397 Y55 E.03385
G1 X106.397 Y55.562 E.01856
G1 X107.683 Y54.276 E.06005
G1 X108.244 Y54.276 E.01852
G1 X106.397 Y56.123 E.08624
G1 X106.397 Y56.685 E.01856
G1 X108.805 Y54.277 E.11244
G1 X109.366 Y54.278 E.01852
G1 X106.397 Y57.247 E.13863
G1 X106.397 Y57.808 E.01852
G1 X109.927 Y54.278 E.16483
G1 X110.488 Y54.279 E.01852
G1 X106.397 Y58.37 E.19102
G1 X106.397 Y58.931 E.01852
G1 X111.049 Y54.279 E.21722
G1 X111.61 Y54.28 E.01852
G1 X106.397 Y59.493 E.24341
G1 X106.397 Y60.054 E.01852
G1 X112.171 Y54.281 E.26958
G1 X112.732 Y54.281 E.01852
G1 X106.397 Y60.616 E.2958
G1 X106.397 Y61.177 E.01852
G1 X113.293 Y54.282 E.32197
G1 X113.853 Y54.283 E.01849
G1 X106.397 Y61.739 E.34815
G1 X106.397 Y62.301 E.01856
G1 X113.853 Y54.845 E.34815
G1 X113.853 Y55.406 E.01852
G1 X106.397 Y62.862 E.34815
G1 X106.397 Y63.424 E.01856
G1 X113.853 Y55.968 E.34815
G1 X113.853 Y56.529 E.01852
G1 X106.397 Y63.985 E.34815
G1 X106.397 Y64.547 E.01856
G1 X113.853 Y57.091 E.34815
G1 X113.853 Y57.653 E.01856
G1 X106.397 Y65.108 E.34812
G1 X106.397 Y65.67 E.01856
G1 X113.853 Y58.214 E.34815
G1 X113.853 Y58.776 E.01856
G1 X106.397 Y66.231 E.34812
G1 X106.397 Y66.793 E.01856
G1 X113.853 Y59.337 E.34815
G1 X113.853 Y59.899 E.01856
G1 X106.397 Y67.355 E.34815
G1 X106.397 Y67.916 E.01852
G1 X113.853 Y60.46 E.34815
G1 X113.853 Y61.022 E.01856
G1 X106.397 Y68.478 E.34815
G1 X106.397 Y69.039 E.01852
G1 X113.853 Y61.583 E.34815
G1 X113.853 Y62.145 E.01856
G1 X106.397 Y69.601 E.34815
G1 X106.397 Y70.162 E.01852
G1 X113.853 Y62.707 E.34812
G1 X113.853 Y63.268 E.01852
G1 X106.397 Y70.724 E.34815
G1 X106.955 Y70.728 E.01842
G1 X113.853 Y63.83 E.32209
G1 X113.853 Y64.391 E.01852
G1 X107.516 Y70.728 E.2959
G1 X108.078 Y70.728 E.01856
G1 X113.853 Y64.953 E.26965
G1 X113.853 Y65.514 E.01852
G1 X108.333 Y71.042 E.25793
;WIDTH:0.41146
G1 X108.269 Y71.114 E.00295
;WIDTH:0.38292
G1 X108.198 Y71.095 E.00208
G1 X108.217 Y71.166 E.00208
G1 X108.258 Y71.155 E.0012
;WIDTH:0.439999
G1 X108.397 Y71.532 E.01327
G1 X113.853 Y66.076 E.25476
G1 X113.853 Y66.637 E.01852
G1 X108.397 Y72.093 E.25476
G1 X108.397 Y72.655 E.01856
G1 X113.853 Y67.199 E.25476
G1 X113.853 Y67.761 E.01856
G1 X108.397 Y73.216 E.25474
G1 X108.311 Y74.089 F9000
;WIDTH:0.38292
G1 F2400
G1 X108.27 Y74.1 E.0012
G1 X108.251 Y74.029 E.00208
G1 X108.322 Y74.048 E.00208
;WIDTH:0.41146
G1 X108.359 Y73.913 E.00429
;WIDTH:0.439999
G1 X108.397 Y73.778 E.00463
G1 X113.853 Y68.322 E.25476
G1 X113.853 Y68.884 E.01856
G1 X108.397 Y74.339 E.25474
G1 X108.397 Y74.901 E.01856
G1 X111.853 Y71.445 E.16137
G1 X111.853 Y72.007 E.01856
G1 X108.397 Y75.463 E.16137
G1 X108.397 Y76.024 E.01852
G1 X111.853 Y72.568 E.16137
G1 X111.853 Y73.13 E.01856
G1 X108.397 Y76.586 E.16137
G1 X108.397 Y77.147 E.01852
G1 X111.853 Y73.691 E.16137
G1 X111.853 Y74.253 E.01856
G1 X108.397 Y77.709 E.16137
G1 X108.397 Y78.27 E.01852
G1 X111.853 Y74.815 E.16135
G1 X111.853 Y75.376 E.01852
G1 X108.397 Y78.832 E.16137
G1 X108.397 Y79.393 E.01852
G1 X111.853 Y75.938 E.16135
G1 X111.853 Y76.499 E.01852
G1 X108.397 Y79.955 E.16137
G1 X108.397 Y80.517 E.01856
G1 X111.853 Y77.061 E.16137
G1 X111.853 Y77.622 E.01852
G1 X108.397 Y81.078 E.16137
G1 X108.397 Y81.64 E.01856
G1 X111.853 Y78.184 E.16137
G1 X111.853 Y78.745 E.01852
G1 X108.397 Y82.201 E.16137
G1 X108.397 Y82.763 E.01856
G1 X111.853 Y79.307 E.16137
G1 X111.853 Y79.869 E.01856
G1 X108.397 Y83.324 E.16135
G1 X108.397 Y83.886 E.01856
G1 X111.853 Y80.43 E.16137
G1 X111.853 Y80.992 E.01856
G1 X108.397 Y84.447 E.16135
G1 X108.397 Y85.009 E.01856
G1 X111.853 Y81.553 E.16137
G1 X111.853 Y82.115 E.01856
G1 X108.397 Y85.571 E.16137
G1 X108.397 Y86.132 E.01852
G1 X111.853 Y82.676 E.16137
G1 X111.853 Y83.238 E.01856
G1 X108.397 Y86.694 E.16137
G1 X108.397 Y87.255 E.01852
G1 X111.853 Y83.799 E.16137
G1 X111.853 Y84.361 E.01856
G1 X108.397 Y87.817 E.16137
G1 X108.397 Y88.378 E.01852
G1 X111.853 Y84.923 E.16135
G1 X111.853 Y85.484 E.01852
G1 X108.397 Y88.94 E.16137
G1 X108.397 Y89.501 E.01852
G1 X111.853 Y86.046 E.16135
G1 X111.853 Y86.607 E.01852
G1 X108.397 Y90.063 E.16137
G1 X108.397 Y90.624 E.01852
G1 X111.853 Y87.169 E.16135
G1 X111.853 Y87.73 E.01852
G1 X108.397 Y91.186 E.16137
G1 E-1.4 F2700
;WIPE_START
G1 F7200
G1 X109.588 Y89.995 E-.6
;WIPE_END
G1 X106.528 Y91.322 F9000
G1 E2 F2400
;WIDTH:0.574296
G1 X106.481 Y91.275 E.00294
G1 X106.417 Y91.292 E.00293
G1 X106.4 Y91.356 E.00293
G1 X106.447 Y91.403 E.00294
G1 X106.511 Y91.386 E.00293
;WIDTH:0.439999
G1 X107.188 Y91.272 E.02267
G1 X106.397 Y92.063 E.03693
G1 X106.397 Y92.624 E.01852
G1 X107.749 Y91.272 E.06313
G1 X108.311 Y91.272 E.01856
G1 X106.397 Y93.186 E.08937
G1 X106.359 Y93.321 E.00463
;WIDTH:0.41146
G1 X106.322 Y93.456 E.00429
;WIDTH:0.38292
G1 X106.251 Y93.437 E.00208
G1 X106.27 Y93.508 E.00208
G1 X106.311 Y93.497 E.0012
;WIDTH:0.439999
G1 X106.397 Y93.748 E.00876
G1 X111.853 Y88.292 E.25476
G1 X111.853 Y88.853 E.01852
G1 X106.397 Y94.309 E.25476
G1 X106.397 Y94.871 E.01856
G1 X111.853 Y89.415 E.25476
G1 X111.853 Y89.976 E.01852
G1 X106.397 Y95.432 E.25476
G1 X106.397 Y95.994 E.01856
G1 X111.853 Y90.538 E.25476
G1 X111.853 Y91.1 E.01856
G1 X106.397 Y96.555 E.25474
G1 X106.397 Y97.117 E.01856
G1 X112.242 Y91.272 E.27292
G1 X112.803 Y91.272 E.01852
G1 X106.397 Y97.678 E.29912
G1 X106.397 Y98.24 E.01856
G1 X113.365 Y91.272 E.32536
G1 X113.794 Y91.124 E.01498
;WIDTH:0.38292
G1 X113.986 Y91.139 E.00544
;WIDTH:0.41146
G1 X113.92 Y91.242 E.00375
;WIDTH:0.439999
G1 X113.853 Y91.346 E.00408
G1 X106.397 Y98.802 E.34815
G1 X106.397 Y99.363 E.01852
G1 X113.853 Y91.907 E.34815
G1 X113.853 Y92.469 E.01856
G1 X106.397 Y99.925 E.34815
G1 X106.397 Y100.486 E.01852
G1 X113.853 Y93.03 E.34815
G1 X113.853 Y93.592 E.01856
G1 X106.397 Y101.048 E.34815
G1 X106.397 Y101.609 E.01852
G1 X113.853 Y94.154 E.34812
G1 X113.853 Y94.715 E.01852
G1 X106.397 Y102.171 E.34815
G1 X106.397 Y102.732 E.01852
G1 X113.853 Y95.277 E.34812
G1 X113.853 Y95.838 E.01852
G1 X106.397 Y103.294 E.34815
G1 X106.397 Y103.856 E.01856
G1 X113.853 Y96.4 E.34815
G1 X113.853 Y96.961 E.01852
G1 X106.397 Y104.417 E.34815
G1 X106.397 Y104.979 E.01856
G1 X113.853 Y97.523 E.34815
G1 X113.853 Y98.084 E.01852
G1 X106.397 Y105.54 E.34815
G1 X106.397 Y106.102 E.01856
G1 X113.853 Y98.646 E.34815
G1 X113.853 Y99.208 E.01856
G1 X106.397 Y106.663 E.34812
G1 X106.397 Y107.225 E.01856
G1 X113.853 Y99.769 E.34815
G1 X113.853 Y100.331 E.01856
G1 X106.397 Y107.786 E.34812
G1 X106.397 Y108.348 E.01856
G1 X113.853 Y100.892 E.34815
G1 X113.853 Y101.454 E.01856
G1 X106.397 Y108.91 E.34815
G1 X106.397 Y109.471 E.01852
G1 X113.853 Y102.015 E.34815
G1 X113.853 Y102.577 E.01856
G1 X106.397 Y110.033 E.34815
G1 X106.397 Y110.594 E.01852
G1 X113.853 Y103.138 E.34815
G1 X113.853 Y103.7 E.01856
G1 X106.397 Y111.156 E.34815
G1 X106.397 Y111.717 E.01852
G1 X113.853 Y104.262 E.34812
G1 X113.853 Y104.823 E.01852
G1 X106.397 Y112.279 E.34815
G1 X106.397 Y112.84 E.01852
G1 X113.853 Y105.385 E.34812
G1 X113.853 Y105.946 E.01852
G1 X106.397 Y113.402 E.34815
G1 X106.397 Y113.964 E.01856
G1 X113.853 Y106.508 E.34815
G1 X113.853 Y107.069 E.01852
G1 X106.397 Y114.525 E.34815
G1 X106.397 Y115.087 E.01856
G1 X113.853 Y107.631 E.34815
G1 X113.853 Y108.192 E.01852
G1 X106.397 Y115.648 E.34815
G1 X106.397 Y116.21 E.01856
G1 X113.853 Y108.754 E.34815
G1 X113.853 Y109.316 E.01856
G1 X106.397 Y116.771 E.34812
G1 X106.397 Y117.333 E.01856
G1 X113.853 Y109.877 E.34815
G1 X113.853 Y110.439 E.01856
G1 X106.397 Y117.894 E.34812
G1 X106.397 Y118.456 E.01856
G1 X113.853 Y111 E.34815
G1 X113.853 Y111.562 E.01856
G1 X106.397 Y119.018 E.34815
G1 X106.397 Y119.579 E.01852
G1 X113.853 Y112.123 E.34815
G1 X113.853 Y112.685 E.01856
G1 X106.397 Y120.141 E.34815
G1 X106.397 Y120.702 E.01852
G1 X113.853 Y113.246 E.34815
G1 X113.853 Y113.808 E.01856
G1 X106.397 Y121.264 E.34815
G1 X106.397 Y121.825 E.01852
G1 X113.853 Y114.37 E.34812
G1 X113.853 Y114.931 E.01852
G1 X106.397 Y122.387 E.34815
G1 X106.397 Y122.948 E.01852
G1 X113.853 Y115.493 E.34812
G1 X113.853 Y116.054 E.01852
G1 X106.397 Y123.51 E.34815
G1 X106.397 Y124.072 E.01856
G1 X113.853 Y116.616 E.34815
G1 X113.853 Y117.177 E.01852
G1 X106.397 Y124.633 E.34815
G1 X106.397 Y125.195 E.01856
G1 X113.853 Y117.739 E.34815
G1 X113.853 Y118.3 E.01852
G1 X106.397 Y125.756 E.34815
G1 X106.397 Y126.318 E.01856
G1 X113.853 Y118.862 E.34815
G1 X113.853 Y119.424 E.01856
G1 X106.397 Y126.879 E.34812
G1 X106.397 Y127.441 E.01856
G1 X113.853 Y119.985 E.34815
G1 X113.853 Y120.547 E.01856
G1 X106.397 Y128.002 E.34812
G1 X106.397 Y128.564 E.01856
G1 X113.853 Y121.108 E.34815
G1 X113.853 Y121.67 E.01856
G1 X106.397 Y129.126 E.34815
G1 X106.397 Y129.687 E.01852
G1 X113.853 Y122.231 E.34815
G1 X113.853 Y122.793 E.01856
G1 X106.397 Y130.249 E.34815
G1 X106.397 Y130.81 E.01852
G1 X113.853 Y123.354 E.34815
G1 X113.853 Y123.916 E.01856
G1 X106.397 Y131.372 E.34815
G1 X106.397 Y131.933 E.01852
G1 X113.853 Y124.478 E.34812
G1 X113.853 Y125.039 E.01852
G1 X106.397 Y132.495 E.34815
G1 X106.375 Y132.649 E.00514
;WIDTH:0.41146
G1 X106.353 Y132.802 E.00474
;WIDTH:0.38292
G1 X106.282 Y132.783 E.00208
G1 X106.301 Y132.854 E.00208
G1 X106.342 Y132.843 E.0012
;WIDTH:0.439999
G1 X106.726 Y132.728 E.01323
G1 X113.853 Y125.601 E.33278
G1 X113.853 Y126.162 E.01852
G1 X107.287 Y132.728 E.30659
G1 X107.738 Y132.927 E.01628
;WIDTH:0.38292
G1 X107.697 Y132.938 E.0012
G1 X107.678 Y132.867 E.00208
G1 X107.749 Y132.886 E.00208
;WIDTH:0.41146
G1 X107.799 Y132.807 E.00287
;WIDTH:0.439999
G1 X107.849 Y132.728 E.00309
G1 X113.853 Y126.724 E.28035
G1 X113.853 Y127.285 E.01852
G1 X108.397 Y132.741 E.25476
G1 X108.397 Y133.303 E.01856
G1 X113.853 Y127.847 E.25476
G1 X113.853 Y128.408 E.01852
G1 X108.397 Y133.864 E.25476
G1 X108.397 Y134.426 E.01856
G1 X113.853 Y128.97 E.25476
G1 X113.853 Y129.532 E.01856
G1 X108.397 Y134.987 E.25474
G1 X108.397 Y135.549 E.01856
G1 X113.853 Y130.093 E.25476
G1 X113.853 Y130.655 E.01856
G1 X108.397 Y136.11 E.25474
G1 X108.359 Y136.245 E.00463
;WIDTH:0.41146
G1 X108.322 Y136.38 E.00429
;WIDTH:0.38292
G1 X108.251 Y136.361 E.00208
G1 X108.27 Y136.432 E.00208
G1 X108.311 Y136.421 E.0012
G1 E-1.4 F2700
;WIPE_START
G1 F7200
G1 X108.27 Y136.432 E-.01512
G1 X108.251 Y136.361 E-.02618
G1 X108.322 Y136.38 E-.02618
;WIPE_END
G1 E-.53252 F2700
G1 X111.969 Y132.935 F9000
G1 E2 F2400
G1 X112.06 Y132.844 E.00364
;WIDTH:0.41146
G1 X112.201 Y132.786 E.00467
;WIDTH:0.439999
G1 X112.341 Y132.728 E.005
G1 X113.853 Y131.216 E.0706
G1 X113.853 Y131.778 E.01856
G1 X112.903 Y132.728 E.04436
G1 X113.342 Y132.927 E.01591
;WIDTH:0.38292
G1 X113.301 Y132.938 E.0012
G1 X113.282 Y132.867 E.00208
G1 X113.353 Y132.886 E.00208
;WIDTH:0.41146
G1 X113.409 Y132.807 E.00297
;WIDTH:0.439999
G1 X113.464 Y132.728 E.00318
G1 X113.853 Y132.339 E.01816
G1 E-1.4 F2700
;WIPE_START
G1 F7200
G1 X113.464 Y132.728 E-.19598
G1 X113.409 Y132.807 E-.03429
;WIPE_END
G1 E-.36973 F2700
G1 X111.853 Y133.216 F9000
G1 E2 F2400
G1 X108.397 Y136.672 E.16137
G1 X108.397 Y137.234 E.01856
G1 X111.853 Y133.778 E.16137
G1 X111.853 Y134.339 E.01852
G1 X108.397 Y137.795 E.16137
G1 X108.397 Y138.357 E.01856
G1 X111.853 Y134.901 E.16137
G1 X111.853 Y135.462 E.01852
G1 X108.397 Y138.918 E.16137
G1 X108.397 Y139.48 E.01856
G1 X111.853 Y136.024 E.16137
G1 X111.853 Y136.586 E.01856
G1 X108.397 Y140.041 E.16135
G1 X108.397 Y140.603 E.01856
G1 X111.853 Y137.147 E.16137
G1 X111.853 Y137.709 E.01856
G1 X108.397 Y141.164 E.16135
G1 X108.397 Y141.726 E.01856
G1 X111.853 Y138.27 E.16137
G1 X111.853 Y138.832 E.01856
G1 X108.397 Y142.288 E.16137
G1 X108.397 Y142.849 E.01852
G1 X111.853 Y139.393 E.16137
G1 X111.853 Y139.955 E.01856
G1 X108.397 Y143.411 E.16137
G1 X108.397 Y143.972 E.01852
G1 X111.853 Y140.516 E.16137
G1 X111.853 Y141.078 E.01856
G1 X108.397 Y144.534 E.16137
G1 X108.397 Y145.095 E.01852
G1 X111.853 Y141.64 E.16135
G1 X111.853 Y142.201 E.01852
G1 X108.397 Y145.657 E.16137
G1 X108.397 Y146.218 E.01852
G1 X111.853 Y142.763 E.16135
G1 X111.853 Y143.324 E.01852
G1 X108.397 Y146.78 E.16137
G1 X108.397 Y147.341 E.01852
G1 X111.853 Y143.886 E.16135
G1 X111.853 Y144.447 E.01852
G1 X108.397 Y147.903 E.16137
G1 X108.397 Y148.465 E.01856
G1 X111.853 Y145.009 E.16137
G1 X111.853 Y145.57 E.01852
G1 X108.397 Y149.026 E.16137
G1 X108.397 Y149.588 E.01856
G1 X111.853 Y146.132 E.16137
G1 X111.853 Y146.693 E.01852
G1 X108.397 Y150.149 E.16137
G1 X108.397 Y150.711 E.01856
G1 X111.853 Y147.255 E.16137
G1 X111.853 Y147.817 E.01856
G1 X108.397 Y151.272 E.16135
G1 X108.397 Y151.834 E.01856
G1 X111.853 Y148.378 E.16137
G1 X111.853 Y148.94 E.01856
G1 X108.397 Y152.395 E.16135
G1 X108.397 Y152.957 E.01856
G1 X111.853 Y149.501 E.16137
G1 E-1.4 F2700
;WIPE_START
G1 F7200
G1 X110.662 Y150.692 E-.6
;WIPE_END
G1 X106.445 Y153.259 F9000
G1 E2 F2400
;WIDTH:0.440142
G1 X106.362 Y153.237 E.00284
G1 X106.384 Y153.32 E.00284
G1 X106.432 Y153.307 E.00164
;WIDTH:0.439999
G1 X106.959 Y153.272 E.01744
G1 X106.333 Y153.905 E.02939
;WIDTH:0.41146
G1 X106.269 Y153.975 E.00291
;WIDTH:0.38292
G1 X106.198 Y153.956 E.00208
G1 X106.217 Y154.027 E.00208
G1 X106.258 Y154.016 E.0012
;WIDTH:0.439999
G1 X106.397 Y154.395 E.01333
G1 X107.52 Y153.272 E.05244
G1 X108.082 Y153.272 E.01856
G1 X106.397 Y154.957 E.07868
G1 X106.359 Y155.092 E.00463
;WIDTH:0.41146
G1 X106.322 Y155.227 E.00429
;WIDTH:0.38292
G1 X106.251 Y155.208 E.00208
G1 X106.27 Y155.279 E.00208
G1 X106.311 Y155.268 E.0012
;WIDTH:0.439999
G1 X106.397 Y155.519 E.00876
G1 X111.853 Y150.063 E.25476
G1 X111.853 Y150.624 E.01852
G1 X106.397 Y156.08 E.25476
G1 X106.397 Y156.642 E.01856
G1 X111.853 Y151.186 E.25476
G1 X111.853 Y151.747 E.01852
G1 X106.397 Y157.203 E.25476
G1 X106.397 Y157.765 E.01856
G1 X111.853 Y152.309 E.25476
G1 X111.853 Y152.871 E.01856
G1 X106.397 Y158.326 E.25474
G1 X106.397 Y158.888 E.01856
G1 X112.013 Y153.272 E.26223
G1 X112.574 Y153.272 E.01852
G1 X106.397 Y159.449 E.28843
G1 X106.397 Y160.011 E.01856
G1 X113.136 Y153.272 E.31467
G1 X113.698 Y153.272 E.01856
G1 X106.397 Y160.573 E.34091
G1 X106.397 Y161.134 E.01852
G1 X113.853 Y153.678 E.34815
G1 X113.853 Y154.24 E.01856
G1 X106.397 Y161.696 E.34815
G1 X106.397 Y162.257 E.01852
G1 X113.853 Y154.801 E.34815
G1 X113.853 Y155.363 E.01856
G1 X106.397 Y162.819 E.34815
G1 X106.397 Y163.38 E.01852
G1 X113.853 Y155.925 E.34812
G1 X113.853 Y156.486 E.01852
G1 X106.397 Y163.942 E.34815
G1 X106.397 Y164.503 E.01852
G1 X113.853 Y157.048 E.34812
G1 X113.853 Y157.609 E.01852
G1 X106.397 Y165.065 E.34815
G1 X106.397 Y165.627 E.01856
G1 X113.853 Y158.171 E.34815
G1 X113.853 Y158.732 E.01852
G1 X106.397 Y166.188 E.34815
G1 X106.397 Y166.75 E.01856
G1 X113.853 Y159.294 E.34815
G1 X113.853 Y159.855 E.01852
G1 X106.397 Y167.311 E.34815
G1 X106.397 Y167.873 E.01856
G1 X113.853 Y160.417 E.34815
G1 X113.853 Y160.979 E.01856
G1 X106.397 Y168.434 E.34812
G1 X106.404 Y168.989 E.01833
G1 X113.853 Y161.54 E.34782
G1 X113.856 Y162.099 E.01846
G1 X106.48 Y169.474 E.34439
G1 X106.651 Y169.866 E.01412
G1 X113.913 Y162.603 E.33911
G1 X113.997 Y163.081 E.01602
G1 X106.893 Y170.185 E.33171
G1 X107.201 Y170.438 E.01316
G1 X114.143 Y163.497 E.32412
G1 X114.298 Y163.903 E.01435
G1 X107.581 Y170.62 E.31364
G1 X108.051 Y170.711 E.01581
G1 X114.514 Y164.248 E.30178
G1 X114.731 Y164.593 E.01346
G1 X108.596 Y170.728 E.28646
G1 X109.158 Y170.728 E.01856
G1 X114.998 Y164.888 E.27269
G1 X115.279 Y165.169 E.01312
G1 X109.719 Y170.728 E.25959
G1 X110.281 Y170.728 E.01856
G1 X115.583 Y165.426 E.24757
G1 X115.928 Y165.642 E.01344
G1 X110.842 Y170.728 E.23748
G1 X111.404 Y170.728 E.01856
G1 X116.273 Y165.858 E.22737
G1 X116.689 Y166.004 E.01456
G1 X111.965 Y170.728 E.22058
G1 X112.527 Y170.728 E.01856
G1 X117.105 Y166.149 E.21379
G1 X117.596 Y166.221 E.01638
G1 X113.088 Y170.728 E.21047
G1 X113.65 Y170.728 E.01856
G1 X118.106 Y166.272 E.20807
G1 X118.667 Y166.272 E.01852
G1 X114.212 Y170.728 E.20804
G1 X114.773 Y170.728 E.01852
G1 X119.229 Y166.272 E.20807
G1 X119.79 Y166.272 E.01852
G1 X115.335 Y170.728 E.20804
G1 X115.896 Y170.728 E.01852
G1 X120.352 Y166.272 E.20807
G1 X120.914 Y166.272 E.01856
G1 X116.458 Y170.728 E.20807
G1 X117.019 Y170.728 E.01852
G1 X121.475 Y166.272 E.20807
G1 X122.037 Y166.272 E.01856
G1 X117.581 Y170.728 E.20807
G1 X118.142 Y170.728 E.01852
G1 X122.598 Y166.272 E.20807
G1 X123.16 Y166.272 E.01856
G1 X118.704 Y170.728 E.20807
G1 X119.266 Y170.728 E.01856
G1 X123.721 Y166.272 E.20804
G1 X124.283 Y166.272 E.01856
G1 X119.784 Y170.771 E.21007
G1 X120.269 Y170.847 E.01621
G1 X124.84 Y166.276 E.21344
G1 X125.33 Y166.348 E.01635
G1 X120.666 Y171.012 E.21778
G1 X121.054 Y171.186 E.01404
G1 X125.724 Y166.515 E.21808
G1 X126.047 Y166.755 E.01329
G1 X121.372 Y171.429 E.21827
G1 X121.69 Y171.673 E.01323
G1 X126.303 Y167.06 E.2154
G1 X126.488 Y167.436 E.01384
G1 X121.935 Y171.989 E.2126
G1 X122.179 Y172.307 E.01323
G1 X126.584 Y167.902 E.20568
G1 X126.603 Y168.445 E.01794
G1 X122.356 Y172.691 E.19828
G1 X122.521 Y173.088 E.01419
G1 X126.603 Y169.006 E.1906
G1 X126.603 Y169.568 E.01856
G1 X125.246 Y170.925 E.06336
G1 X125.105 Y171.025 E.00571
;WIDTH:0.41146
G1 X124.965 Y171.125 E.00527
;WIDTH:0.38292
G1 X124.571 Y171.417 E.01386
G1 X124.085 Y171.876 E.0189
G1 X123.512 Y172.559 F9000
G1 F2400
G1 X123.528 Y172.713 E.00438
G1 X123.486 Y172.848 E.004
;WIDTH:0.41146
G1 X123.409 Y172.844 E.00236
;WIDTH:0.439999
G1 X123.331 Y172.839 E.00258
G1 X122.601 Y173.569 E.03409
G1 X122.648 Y174.085 E.01711
G1 X123.143 Y173.589 E.02314
G1 X123.103 Y174.191 E.01992
G1 X122.71 Y174.584 E.01835
G1 X122.605 Y174.582 E.00347
;WIDTH:0.41146
G1 X122.501 Y174.58 E.00319
;WIDTH:0.38292
G1 X122.511 Y174.734 E.00436
;WIDTH:0.439999
G1 X123.089 Y174.786 E.01916
;WIDTH:0.467566
G1 X122.793 Y175.06 E.01424
G1 X122.664 Y175.035 E.00464
G1 X122.667 Y176.5 E.05173
;WIDTH:0.465887
G1 X122.668 Y176.709 E.00735
G1 X123.09 Y176.713 E.01484
G1 X123.09 Y176.5 E.00749
;WIDTH:0.467566
G1 X123.089 Y174.984 E.05353
G1 E-1.4 F2700
;WIPE_START
G1 F7200
G1 X123.09 Y176.5 E-.54008
;WIPE_END
G1 E-.05992 F2700
G1 X126.513 Y170.601 F9000
G1 E2 F2400
;WIDTH:0.38292
G1 X126.369 Y170.739 E.00564
;WIDTH:0.41146
G1 X126.182 Y170.738 E.00573
;WIDTH:0.439999
G1 X125.995 Y170.737 E.00617
G1 X126.579 Y170.153 E.02727
G1 E-1.4 F2700
;WIPE_START
G1 F7200
G1 X125.995 Y170.737 E-.29423
G1 X126.182 Y170.738 E-.06662
;WIPE_END
G1 E-.23915 F2700
G1 X112.57 Y70.728 F9000
G1 E2 F2400
G1 X113.853 Y69.445 E.05991
G1 X113.853 Y70.007 E.01856
G1 X113.132 Y70.728 E.03367
G1 X113.85 Y70.725 E.02371
;WIDTH:0.53347
G1 X113.79 Y70.74 E.00252
G1 X113.747 Y70.697 E.00248
G1 X113.763 Y70.638 E.00249
G1 X113.822 Y70.622 E.00249
G1 X113.865 Y70.665 E.00248
EXCLUDE_OBJECT_END NAME=Trigger1_holder_stl
;LAYER_CHANGE
;Z:0.6
;HEIGHT:0.2
;BEFORE_LAYER_CHANGE
G92 E0
;0.6


G1 E-1.4 F2700
;WIPE_START
G1 F7200
G1 X113.822 Y70.622 E-.02166
G1 X113.763 Y70.638 E-.02178
G1 X113.747 Y70.697 E-.02178
G1 X113.79 Y70.74 E-.02166
G1 X113.85 Y70.725 E-.02203
;WIPE_END
G1 E-.49109 F2700
G1 Z.6 F9000
;AFTER_LAYER_CHANGE
;0.6
EXCLUDE_OBJECT_START NAME=Trigger1_holder_stl
G1 X112.131 Y71.006
G1 E2 F2400
;TYPE:Perimeter
;WIDTH:0.44
G1 F3600
G1 X112.131 Y90.994 E.65995
G1 X114.131 Y90.994 E.06603
G1 X114.131 Y133.006 E1.38712
G1 X112.131 Y133.006 E.06603
G1 X112.131 Y152.994 E.65995
G1 X114.131 Y152.994 E.06603
G1 X114.131 Y162.056 E.2992
G1 X114.225 Y162.89 E.02771
G1 X114.521 Y163.736 E.02959
G1 X114.997 Y164.494 E.02955
G1 X115.631 Y165.128 E.0296
G1 X116.389 Y165.604 E.02955
G1 X117.235 Y165.9 E.02959
G1 X118.069 Y165.994 E.02771
G1 X124.819 Y165.994 E.22287
G1 X125.32 Y166.051 E.01665
G1 X125.743 Y166.198 E.01479
G1 X126.122 Y166.437 E.01479
G1 X126.438 Y166.753 E.01476
G1 X126.677 Y167.132 E.01479
G1 X126.824 Y167.555 E.01479
G1 X126.881 Y168.056 E.01665
G1 X126.881 Y169.971 E.06323
G1 X126.845 Y170.27 E.00994
G1 X126.76 Y170.494 E.00791
G1 X126.624 Y170.692 E.00793
G1 X126.445 Y170.851 E.00791
G1 X126.233 Y170.964 E.00793
G1 X125.3 Y171.198 E.03176
G1 X124.663 Y171.535 E.02379
G1 X124.124 Y172.015 E.02383
G1 X123.715 Y172.609 E.02381
G1 X123.46 Y173.284 E.02382
G1 X123.381 Y173.94 E.02182
G1 X123.381 Y176.935 E.09889
G1 X123.373 Y176.998 E.0021
G1 X123.31 Y177.006 E.0021
G1 X122.377 Y176.998 E.03081
G1 X122.369 Y173.935 E.10113
G1 X122.275 Y173.223 E.02371
G1 X121.975 Y172.499 E.02588
G1 X121.498 Y171.877 E.02588
G1 X120.876 Y171.4 E.02588
G1 X120.152 Y171.1 E.02588
G1 X119.44 Y171.006 E.02371
G1 X108.181 Y171.006 E.37174
G1 X107.68 Y170.949 E.01665
G1 X107.257 Y170.802 E.01479
G1 X106.878 Y170.563 E.01479
G1 X106.562 Y170.247 E.01476
G1 X106.323 Y169.868 E.01479
G1 X106.176 Y169.445 E.01479
G1 X106.119 Y168.944 E.01665
G1 X106.119 Y152.994 E.52663
G1 X108.119 Y152.994 E.06603
G1 X108.119 Y133.006 E.65995
G1 X106.119 Y133.006 E.06603
G1 X106.119 Y90.994 E1.38712
G1 X108.119 Y90.994 E.06603
G1 X108.119 Y71.006 E.65995
G1 X106.119 Y71.006 E.06603
G1 X106.119 Y54.006 E.56129
G1 X104.119 Y53.994 E.06604
G1 X115.131 Y54.006 E.36359
G1 X114.131 Y54.006 E.03302
G1 X114.131 Y71.006 E.56129
G1 X112.191 Y71.006 E.06405
G1 X112.528 Y71.403 F9000
G1 F3600
G1 X112.528 Y90.597 E.63373
G1 X114.528 Y90.597 E.06603
G1 X114.528 Y133.403 E1.41334
G1 X112.528 Y133.403 E.06603
G1 X112.528 Y152.597 E.63373
G1 X114.528 Y152.597 E.06603
G1 X114.528 Y162.034 E.31158
G1 X114.614 Y162.801 E.02548
G1 X114.881 Y163.562 E.02663
G1 X115.31 Y164.245 E.02663
G1 X115.88 Y164.815 E.02662
G1 X116.563 Y165.244 E.02663
G1 X117.324 Y165.511 E.02663
G1 X118.091 Y165.597 E.02548
G1 X124.841 Y165.597 E.22287
G1 X125.409 Y165.661 E.01887
G1 X125.916 Y165.838 E.01773
G1 X126.371 Y166.124 E.01774
G1 X126.751 Y166.504 E.01774
G1 X127.037 Y166.959 E.01774
G1 X127.214 Y167.466 E.01773
G1 X127.278 Y168.034 E.01887
G1 X127.278 Y169.995 E.06475
G1 X127.233 Y170.365 E.01231
G1 X127.114 Y170.679 E.01109
G1 X126.924 Y170.956 E.01109
G1 X126.673 Y171.18 E.01111
G1 X126.376 Y171.337 E.01109
G1 X125.443 Y171.571 E.03176
G1 X124.891 Y171.864 E.02063
G1 X124.424 Y172.279 E.02063
G1 X124.07 Y172.795 E.02066
G1 X123.849 Y173.379 E.02062
G1 X123.778 Y173.964 E.01946
G1 X123.778 Y176.961 E.09895
G1 X123.759 Y177.103 E.00473
G1 X123.719 Y177.199 E.00343
G1 X123.656 Y177.281 E.00341
G1 X123.574 Y177.344 E.00341
G1 X123.478 Y177.384 E.00343
G1 X123.336 Y177.403 E.00473
G1 X122.414 Y177.403 E.03044
G1 X122.272 Y177.384 E.00473
G1 X122.176 Y177.344 E.00343
G1 X122.094 Y177.281 E.00341
G1 X122.031 Y177.199 E.00341
G1 X121.991 Y177.103 E.00343
G1 X121.972 Y176.961 E.00473
G1 X121.972 Y173.961 E.09905
G1 X121.889 Y173.326 E.02114
G1 X121.629 Y172.699 E.02241
G1 X121.215 Y172.16 E.02244
G1 X120.676 Y171.746 E.02244
G1 X120.049 Y171.486 E.02241
G1 X119.414 Y171.403 E.02114
G1 X108.159 Y171.403 E.37161
G1 X107.591 Y171.339 E.01887
G1 X107.084 Y171.162 E.01773
G1 X106.629 Y170.876 E.01774
G1 X106.249 Y170.496 E.01774
G1 X105.963 Y170.041 E.01774
G1 X105.786 Y169.534 E.01773
G1 X105.722 Y168.966 E.01887
G1 X105.722 Y152.597 E.54046
G1 X107.722 Y152.597 E.06603
G1 X107.722 Y133.403 E.63373
G1 X105.722 Y133.403 E.06603
G1 X105.722 Y90.597 E1.41334
G1 X107.722 Y90.597 E.06603
G1 X107.722 Y71.403 E.63373
G1 X105.722 Y71.403 E.06603
G1 X105.722 Y54.403 E.56129
G1 X103.722 Y54.403 E.06603
G1 X103.722 Y53.597 E.02661
G1 X115.528 Y53.597 E.3898
G1 X115.528 Y54.403 E.02661
G1 X114.528 Y54.403 E.03302
G1 X114.528 Y71.403 E.56129
G1 X112.588 Y71.403 E.06405
G1 X112.915 Y71.79 F9000
;TYPE:External perimeter
;WIDTH:0.42
G1 F1800
G1 X112.915 Y90.21 E.57755
G1 X114.915 Y90.21 E.06271
G1 X114.915 Y133.79 E1.36642
G1 X112.915 Y133.79 E.06271
G1 X112.915 Y152.21 E.57755
G1 X114.915 Y152.21 E.06271
G1 X114.915 Y162.012 E.30733
G1 X114.994 Y162.715 E.02218
G1 X115.232 Y163.393 E.02253
G1 X115.614 Y164.002 E.02254
G1 X116.123 Y164.511 E.02257
G1 X116.732 Y164.893 E.02254
G1 X117.41 Y165.131 E.02253
G1 X118.113 Y165.21 E.02218
G1 X124.863 Y165.21 E.21164
G1 X125.496 Y165.281 E.01997
G1 X126.085 Y165.487 E.01956
G1 X126.614 Y165.82 E.0196
G1 X127.055 Y166.261 E.01955
G1 X127.388 Y166.79 E.0196
G1 X127.594 Y167.379 E.01956
G1 X127.665 Y168.012 E.01997
G1 X127.665 Y170.019 E.06293
G1 X127.612 Y170.458 E.01386
G1 X127.46 Y170.86 E.01348
G1 X127.216 Y171.214 E.01348
G1 X126.895 Y171.5 E.01348
G1 X126.515 Y171.701 E.01348
G1 X125.583 Y171.935 E.03013
G1 X125.113 Y172.184 E.01668
G1 X124.716 Y172.537 E.01666
G1 X124.415 Y172.975 E.01666
G1 X124.227 Y173.472 E.01666
G1 X124.165 Y173.987 E.01626
G1 X124.165 Y176.986 E.09403
G1 X124.136 Y177.204 E.0069
G1 X124.058 Y177.394 E.00644
G1 X123.932 Y177.557 E.00646
G1 X123.769 Y177.683 E.00646
G1 X123.579 Y177.761 E.00644
G1 X123.361 Y177.79 E.0069
G1 X122.389 Y177.79 E.03048
G1 X122.171 Y177.761 E.0069
G1 X121.981 Y177.683 E.00644
G1 X121.818 Y177.557 E.00646
G1 X121.692 Y177.394 E.00646
G1 X121.614 Y177.204 E.00644
G1 X121.585 Y176.986 E.0069
G1 X121.585 Y173.986 E.09406
G1 X121.511 Y173.428 E.01765
G1 X121.29 Y172.894 E.01812
G1 X120.939 Y172.436 E.01809
G1 X120.481 Y172.085 E.01809
G1 X119.947 Y171.864 E.01812
G1 X119.389 Y171.79 E.01765
G1 X108.137 Y171.79 E.3528
G1 X107.504 Y171.719 E.01997
G1 X106.915 Y171.513 E.01956
G1 X106.386 Y171.18 E.0196
G1 X105.945 Y170.739 E.01955
G1 X105.612 Y170.21 E.0196
G1 X105.406 Y169.621 E.01956
G1 X105.335 Y168.988 E.01997
G1 X105.335 Y152.21 E.52606
G1 X107.335 Y152.21 E.06271
G1 X107.335 Y133.79 E.57755
G1 X105.335 Y133.79 E.06271
G1 X105.335 Y90.21 E1.36642
G1 X107.335 Y90.21 E.06271
G1 X107.335 Y71.79 E.57755
G1 X105.335 Y71.79 E.06271
G1 X105.335 Y54.79 E.53302
G1 X103.335 Y54.79 E.06271
G1 X103.335 Y53.21 E.04954
G1 X115.915 Y53.21 E.39444
G1 X115.915 Y54.79 E.04954
G1 X114.915 Y54.79 E.03135
G1 X114.915 Y71.79 E.53302
G1 X112.975 Y71.79 E.06083
G1 E-1.4 F2700
;WIPE_START
G1 F7200
G1 X112.915 Y71.79 E-.02138
G1 X112.915 Y73.414 E-.57862
;WIPE_END
G1 X106.397 Y132.346 F9000
G1 E2 F2400
;TYPE:Solid infill
;WIDTH:0.439999
G1 X106.779 Y132.728 E.01784
G1 X107.341 Y132.728 E.01856
G1 X106.397 Y131.784 E.04408
G1 E-1.4 F2700
;WIPE_START
G1 F7200
G1 X107.341 Y132.728 E-.4756
G1 X106.992 Y132.728 E-.1244
;WIPE_END
G1 X106.702 Y170.135 F9000
G1 E2 F2400
;WIDTH:0.38292
G1 X106.99 Y170.423 E.01151
;WIDTH:0.439999
G1 X107.624 Y170.635 E.02207
G1 X106.49 Y169.501 E.05295
G1 X106.397 Y168.847 E.02181
G1 X108.278 Y170.728 E.08783
G1 X108.84 Y170.728 E.01856
G1 X106.397 Y168.285 E.11407
G1 X106.397 Y167.724 E.01852
G1 X109.401 Y170.728 E.14027
G1 X109.963 Y170.728 E.01856
G1 X106.397 Y167.162 E.16651
G1 X106.397 Y166.6 E.01856
G1 X110.525 Y170.728 E.19275
G1 X111.086 Y170.728 E.01852
G1 X106.397 Y166.039 E.21895
G1 X106.397 Y165.477 E.01856
G1 X111.648 Y170.728 E.24519
G1 X112.209 Y170.728 E.01852
G1 X106.397 Y164.916 E.27138
G1 X106.397 Y164.354 E.01856
G1 X112.771 Y170.728 E.29762
G1 X113.332 Y170.728 E.01852
G1 X106.397 Y163.793 E.32382
G1 X106.397 Y163.231 E.01856
G1 X113.894 Y170.728 E.35006
G1 X114.455 Y170.728 E.01852
G1 X106.397 Y162.67 E.37626
G1 X106.397 Y162.108 E.01856
G1 X115.017 Y170.728 E.4025
G1 X115.579 Y170.728 E.01856
G1 X106.397 Y161.546 E.42874
G1 X106.397 Y160.985 E.01852
G1 X116.14 Y170.728 E.45493
G1 X116.702 Y170.728 E.01856
G1 X106.397 Y160.423 E.48118
G1 X106.397 Y159.862 E.01852
G1 X117.263 Y170.728 E.50737
G1 X117.825 Y170.728 E.01856
G1 X106.397 Y159.3 E.53361
G1 X106.397 Y158.739 E.01852
G1 X118.386 Y170.728 E.55981
G1 X118.948 Y170.728 E.01856
G1 X106.397 Y158.177 E.58605
G1 X106.397 Y157.616 E.01852
G1 X119.517 Y170.736 E.61262
G1 X120.434 Y170.955 F9000
;WIDTH:0.38292
G1 F2400
G1 X120.415 Y171.026 E.00208
G1 X120.486 Y171.007 E.00208
G1 X120.475 Y170.966 E.0012
;WIDTH:0.41146
G1 X120.319 Y170.893 E.00528
;WIDTH:0.439999
G1 X120.164 Y170.821 E.00564
G1 X106.397 Y157.054 E.64283
G1 E-1.4 F2700
;WIPE_START
G1 F7200
G1 X107.588 Y158.245 E-.6
;WIPE_END
G1 X122.664 Y175.28 F9000
G1 E2 F2400
;WIDTH:0.467264
G1 X122.664 Y175.025 E.009
G1 X122.947 Y175.277 E.01337
G1 X123.089 Y175.245 E.00514
G1 X123.09 Y176.5 E.04428
;WIDTH:0.465887
G1 X123.09 Y176.713 E.00749
G1 X122.668 Y176.709 E.01484
G1 X122.667 Y176.5 E.00735
;WIDTH:0.467264
G1 X122.665 Y175.478 E.03606
;WIDTH:0.439999
G1 X123.016 Y174.796 E.02533
G1 X122.648 Y174.429 E.01716
G1 X123.103 Y174.321 E.01544
G1 X122.565 Y173.774 E.02533
;WIDTH:0.41146
G1 X122.49 Y173.69 E.00345
;WIDTH:0.38292
G1 X122.501 Y173.731 E.0012
G1 X122.43 Y173.75 E.00208
G1 X122.449 Y173.679 E.00208
;WIDTH:0.439999
G1 X122.554 Y173.211 E.01584
G1 X123.121 Y173.777 E.02645
G1 X123.181 Y173.277 E.01663
G1 X122.07 Y172.166 E.05188
G1 X121.824 Y171.885 E.01233
;WIDTH:0.391138
G1 X121.49 Y171.551 E.01368
;WIDTH:0.439999
G1 X121.209 Y171.305 E.01233
G1 X106.397 Y156.493 E.69162
G1 X106.397 Y155.931 E.01856
G1 X114.239 Y163.773 E.36617
G1 X114.345 Y163.914 E.00582
;WIDTH:0.41146
G1 X114.451 Y164.054 E.00538
;WIDTH:0.38292
G1 X114.873 Y164.583 E.01913
G1 X115.53 Y165.242 E.02631
G1 X116.071 Y165.674 E.01957
;WIDTH:0.439999
G1 X116.352 Y165.886 E.01162
G1 X123.324 Y172.858 E.32555
G1 X123.483 Y172.456 E.01427
G1 X117.204 Y166.176 E.29321
G1 X117.079 Y166.077 E.00526
;WIDTH:0.41146
G1 X116.953 Y165.978 E.00491
;WIDTH:0.38292
G1 X116.964 Y166.019 E.0012
G1 X116.893 Y166.038 E.00208
G1 X116.912 Y165.967 E.00208
G1 X117.837 Y166.248 F9000
;WIDTH:0.439999
G1 F2400
G1 X123.712 Y172.123 E.27432
G1 X123.949 Y171.798 E.01328
G1 X118.423 Y166.272 E.25803
G1 X118.984 Y166.272 E.01852
G1 X124.246 Y171.534 E.2457
G1 X124.553 Y171.279 E.01318
G1 X119.546 Y166.272 E.23379
G1 X120.108 Y166.272 E.01856
G1 X124.92 Y171.084 E.22469
G1 X125.307 Y170.909 E.01402
G1 X120.669 Y166.272 E.21654
G1 X121.231 Y166.272 E.01856
G1 X125.755 Y170.797 E.21126
G1 X126.191 Y170.671 E.01498
G1 X121.792 Y166.272 E.2054
G1 X122.354 Y166.272 E.01856
G1 X126.485 Y170.403 E.19289
G1 X126.602 Y169.959 E.01516
G1 X122.915 Y166.272 E.17216
G1 X123.477 Y166.272 E.01856
G1 X126.603 Y169.398 E.14596
G1 X126.603 Y168.837 E.01852
G1 X124.038 Y166.272 E.11977
G1 X124.6 Y166.272 E.01856
G1 X126.603 Y168.275 E.09353
G1 X126.557 Y167.668 E.0201
G1 X125.207 Y166.318 E.06304
G1 X125.983 Y166.611 F9000
;WIDTH:0.38292
G1 F2400
G1 X126.264 Y166.892 E.01123
G1 E-1.4 F2700
;WIPE_START
G1 F7200
G1 X125.983 Y166.611 E-.14157
;WIPE_END
G1 E-.45843 F2700
G1 X114.151 Y163.169 F9000
G1 E2 F2400
G1 X114.162 Y163.21 E.0012
G1 X114.091 Y163.229 E.00208
G1 X114.11 Y163.158 E.00208
;WIDTH:0.41146
G1 X114.029 Y163.039 E.00441
;WIDTH:0.439999
G1 X113.949 Y162.921 E.00471
G1 X106.397 Y155.369 E.35263
G1 X106.397 Y154.808 E.01852
G1 X113.877 Y162.288 E.34927
G1 X113.961 Y162.336 E.00319
;WIDTH:0.41146
G1 X114.044 Y162.384 E.00294
;WIDTH:0.38292
G1 X114.025 Y162.456 E.00211
G1 X114.096 Y162.437 E.00208
G1 X114.085 Y162.395 E.00123
;WIDTH:0.439999
G1 X113.853 Y161.702 E.02413
G1 X106.397 Y154.246 E.34815
G1 X106.397 Y153.685 E.01852
G1 X113.853 Y161.141 E.34815
G1 X113.853 Y160.579 E.01856
G1 X106.546 Y153.272 E.34119
G1 X106.434 Y153.205 E.00431
;WIDTH:0.41146
G1 X106.323 Y153.138 E.00397
;WIDTH:0.38292
G1 X106.334 Y153.179 E.0012
G1 X106.263 Y153.198 E.00208
G1 X106.282 Y153.127 E.00208
G1 X107.108 Y153.272 F9000
;WIDTH:0.439999
G1 F2400
G1 X113.853 Y160.017 E.31495
G1 X113.853 Y159.456 E.01852
G1 X107.669 Y153.272 E.28875
G1 X108.231 Y153.272 E.01856
G1 X113.853 Y158.894 E.26251
G1 X113.853 Y158.333 E.01852
G1 X108.397 Y152.877 E.25476
G1 X108.327 Y152.787 E.00376
;WIDTH:0.41146
G1 X108.258 Y152.698 E.00345
;WIDTH:0.38292
G1 X108.269 Y152.739 E.0012
G1 X108.198 Y152.758 E.00208
G1 X108.217 Y152.687 E.00208
;WIDTH:0.439999
G1 X108.397 Y152.315 E.01364
G1 X113.853 Y157.771 E.25476
G1 X113.853 Y157.21 E.01852
G1 X108.397 Y151.754 E.25476
G1 X108.397 Y151.192 E.01856
G1 X113.853 Y156.648 E.25476
G1 X113.853 Y156.087 E.01852
G1 X108.397 Y150.631 E.25476
G1 X108.397 Y150.069 E.01856
G1 X113.853 Y155.525 E.25476
G1 X113.906 Y155.364 E.0056
;WIDTH:0.41146
G1 X113.958 Y155.203 E.00518
;WIDTH:0.38292
G1 X113.939 Y155.274 E.00208
G1 X114.01 Y155.255 E.00208
G1 X113.999 Y155.214 E.0012
G1 E-1.4 F2700
;WIPE_START
G1 F7200
G1 X114.01 Y155.255 E-.01512
G1 X113.939 Y155.274 E-.02618
G1 X113.958 Y155.203 E-.02618
;WIPE_END
G1 E-.53252 F2700
G1 X111.853 Y152.963 F9000
G1 E2 F2400
;WIDTH:0.439999
G1 X108.397 Y149.508 E.16135
G1 X108.397 Y148.946 E.01856
G1 X111.853 Y152.402 E.16137
G1 X111.853 Y151.84 E.01856
G1 X108.397 Y148.385 E.16135
G1 X108.397 Y147.823 E.01856
G1 X111.853 Y151.279 E.16137
G1 X111.853 Y150.717 E.01856
G1 X108.397 Y147.261 E.16137
G1 X108.397 Y146.7 E.01852
G1 X111.853 Y150.156 E.16137
G1 X111.853 Y149.594 E.01856
G1 X108.397 Y146.138 E.16137
G1 X108.397 Y145.577 E.01852
G1 X111.853 Y149.033 E.16137
G1 X111.853 Y148.471 E.01856
G1 X108.397 Y145.015 E.16137
G1 X108.397 Y144.454 E.01852
G1 X111.853 Y147.909 E.16135
G1 X111.853 Y147.348 E.01852
G1 X108.397 Y143.892 E.16137
G1 X108.397 Y143.331 E.01852
G1 X111.853 Y146.786 E.16135
G1 X111.853 Y146.225 E.01852
G1 X108.397 Y142.769 E.16137
G1 X108.397 Y142.207 E.01856
G1 X111.853 Y145.663 E.16137
G1 X111.853 Y145.102 E.01852
G1 X108.397 Y141.646 E.16137
G1 X108.397 Y141.084 E.01856
G1 X111.853 Y144.54 E.16137
G1 X111.853 Y143.979 E.01852
G1 X108.397 Y140.523 E.16137
G1 X108.397 Y139.961 E.01856
G1 X111.853 Y143.417 E.16137
G1 X111.853 Y142.855 E.01856
G1 X108.397 Y139.4 E.16135
G1 X108.397 Y138.838 E.01856
G1 X111.853 Y142.294 E.16137
G1 X111.853 Y141.732 E.01856
G1 X108.397 Y138.277 E.16135
G1 X108.397 Y137.715 E.01856
G1 X111.853 Y141.171 E.16137
G1 X111.853 Y140.609 E.01856
G1 X108.397 Y137.153 E.16137
G1 X108.397 Y136.592 E.01852
G1 X111.853 Y140.048 E.16137
G1 X111.853 Y139.486 E.01856
G1 X108.397 Y136.03 E.16137
G1 X108.397 Y135.469 E.01852
G1 X111.853 Y138.925 E.16137
G1 X111.853 Y138.363 E.01856
G1 X108.397 Y134.907 E.16137
G1 X108.397 Y134.346 E.01852
G1 X111.853 Y137.801 E.16135
G1 X111.853 Y137.24 E.01852
G1 X108.397 Y133.784 E.16137
G1 X108.397 Y133.223 E.01852
G1 X111.853 Y136.678 E.16135
G1 E-1.4 F2700
;WIPE_START
G1 F7200
G1 X110.662 Y135.487 E-.6
;WIPE_END
G1 X108.281 Y132.942 F9000
G1 E2 F2400
;WIDTH:0.38292
G1 X108.183 Y132.844 E.00392
;WIDTH:0.41146
G1 X108.043 Y132.786 E.00464
;WIDTH:0.439999
G1 X107.902 Y132.728 E.00503
G1 X106.397 Y131.223 E.07027
G1 X106.217 Y130.468 E.02563
;WIDTH:0.38292
G1 X106.198 Y130.539 E.00208
G1 X106.269 Y130.52 E.00208
G1 X106.258 Y130.479 E.0012
;WIDTH:0.41146
G1 X106.327 Y130.57 E.0035
;WIDTH:0.439999
G1 X106.397 Y130.661 E.00379
G1 X111.853 Y136.117 E.25476
G1 X111.853 Y135.555 E.01856
G1 X106.397 Y130.099 E.25476
G1 X106.397 Y129.538 E.01852
G1 X111.853 Y134.994 E.25476
G1 X111.853 Y134.432 E.01856
G1 X106.397 Y128.976 E.25476
G1 X106.397 Y128.415 E.01852
G1 X111.853 Y133.871 E.25476
G1 X111.853 Y133.309 E.01856
G1 X106.397 Y127.853 E.25476
G1 X106.397 Y127.292 E.01852
G1 X111.853 Y132.747 E.25474
G1 X112.566 Y132.867 E.02387
;WIDTH:0.38292
G1 X112.577 Y132.908 E.0012
G1 X112.506 Y132.927 E.00208
G1 X112.525 Y132.856 E.00208
;WIDTH:0.41146
G1 X112.46 Y132.792 E.0028
;WIDTH:0.439999
G1 X106.397 Y126.73 E.28308
G1 X106.397 Y126.169 E.01852
G1 X112.956 Y132.728 E.30626
G1 X113.518 Y132.728 E.01856
G1 X106.397 Y125.607 E.3325
G1 X106.397 Y125.045 E.01856
G1 X113.853 Y132.501 E.34815
G1 X113.89 Y132.637 E.00465
;WIDTH:0.41146
G1 X113.928 Y132.773 E.00433
;WIDTH:0.38292
G1 X113.909 Y132.844 E.00208
G1 X113.98 Y132.825 E.00208
G1 X113.969 Y132.784 E.0012
G1 X113.853 Y131.94 F9000
;WIDTH:0.439999
G1 F2400
G1 X106.397 Y124.484 E.34815
G1 X106.397 Y123.922 E.01856
G1 X113.853 Y131.378 E.34815
G1 X113.853 Y130.817 E.01852
G1 X106.397 Y123.361 E.34815
G1 X106.397 Y122.799 E.01856
G1 X113.853 Y130.255 E.34815
G1 X113.853 Y129.693 E.01856
G1 X106.397 Y122.238 E.34812
G1 X106.397 Y121.676 E.01856
G1 X113.853 Y129.132 E.34815
G1 X113.853 Y128.57 E.01856
G1 X106.397 Y121.115 E.34812
G1 X106.397 Y120.553 E.01856
G1 X113.853 Y128.009 E.34815
G1 X113.853 Y127.447 E.01856
G1 X106.397 Y119.991 E.34815
G1 X106.397 Y119.43 E.01852
G1 X113.853 Y126.886 E.34815
G1 X113.853 Y126.324 E.01856
G1 X106.397 Y118.868 E.34815
G1 X106.397 Y118.307 E.01852
G1 X113.853 Y125.763 E.34815
G1 X113.853 Y125.201 E.01856
G1 X106.397 Y117.745 E.34815
G1 X106.397 Y117.184 E.01852
G1 X113.853 Y124.639 E.34812
G1 X113.853 Y124.078 E.01852
G1 X106.397 Y116.622 E.34815
G1 X106.397 Y116.061 E.01852
G1 X113.853 Y123.516 E.34812
G1 X113.853 Y122.955 E.01852
G1 X106.397 Y115.499 E.34815
G1 X106.397 Y114.937 E.01856
G1 X113.853 Y122.393 E.34815
G1 X113.853 Y121.832 E.01852
G1 X106.397 Y114.376 E.34815
G1 X106.397 Y113.814 E.01856
G1 X113.853 Y121.27 E.34815
G1 X113.853 Y120.709 E.01852
G1 X106.397 Y113.253 E.34815
G1 X106.397 Y112.691 E.01856
G1 X113.853 Y120.147 E.34815
G1 X113.853 Y119.585 E.01856
G1 X106.397 Y112.13 E.34812
G1 X106.397 Y111.568 E.01856
G1 X113.853 Y119.024 E.34815
G1 X113.853 Y118.462 E.01856
G1 X106.397 Y111.007 E.34812
G1 X106.397 Y110.445 E.01856
G1 X113.853 Y117.901 E.34815
G1 X113.853 Y117.339 E.01856
G1 X106.397 Y109.883 E.34815
G1 X106.397 Y109.322 E.01852
G1 X113.853 Y116.778 E.34815
G1 X113.853 Y116.216 E.01856
G1 X106.397 Y108.76 E.34815
G1 X106.397 Y108.199 E.01852
G1 X113.853 Y115.655 E.34815
G1 X113.853 Y115.093 E.01856
G1 X106.397 Y107.637 E.34815
G1 X106.397 Y107.076 E.01852
G1 X113.853 Y114.531 E.34812
G1 X113.853 Y113.97 E.01852
G1 X106.397 Y106.514 E.34815
G1 X106.397 Y105.953 E.01852
G1 X113.853 Y113.408 E.34812
G1 X113.853 Y112.847 E.01852
G1 X106.397 Y105.391 E.34815
G1 X106.397 Y104.829 E.01856
G1 X113.853 Y112.285 E.34815
G1 X113.853 Y111.724 E.01852
G1 X106.397 Y104.268 E.34815
G1 X106.397 Y103.706 E.01856
G1 X113.853 Y111.162 E.34815
G1 X113.853 Y110.601 E.01852
G1 X106.397 Y103.145 E.34815
G1 X106.397 Y102.583 E.01856
G1 X113.853 Y110.039 E.34815
G1 X113.853 Y109.477 E.01856
G1 X106.397 Y102.022 E.34812
G1 X106.397 Y101.46 E.01856
G1 X113.853 Y108.916 E.34815
G1 X113.853 Y108.354 E.01856
G1 X106.397 Y100.899 E.34812
G1 X106.397 Y100.337 E.01856
G1 X113.853 Y107.793 E.34815
G1 X113.853 Y107.231 E.01856
G1 X106.397 Y99.776 E.34812
G1 X106.397 Y99.214 E.01856
G1 X113.853 Y106.67 E.34815
G1 X113.853 Y106.108 E.01856
G1 X106.397 Y98.652 E.34815
G1 X106.397 Y98.091 E.01852
G1 X113.853 Y105.547 E.34815
G1 X113.853 Y104.985 E.01856
G1 X106.397 Y97.529 E.34815
G1 X106.397 Y96.968 E.01852
G1 X113.853 Y104.424 E.34815
G1 X113.853 Y103.862 E.01856
G1 X106.397 Y96.406 E.34815
G1 X106.397 Y95.845 E.01852
G1 X113.853 Y103.3 E.34812
G1 X113.853 Y102.739 E.01852
G1 X106.397 Y95.283 E.34815
G1 X106.397 Y94.722 E.01852
G1 X113.853 Y102.177 E.34812
G1 X113.853 Y101.616 E.01852
G1 X106.397 Y94.16 E.34815
G1 X106.397 Y93.598 E.01856
G1 X113.853 Y101.054 E.34815
G1 X113.853 Y100.493 E.01852
G1 X106.397 Y93.037 E.34815
G1 X106.397 Y92.475 E.01856
G1 X113.853 Y99.931 E.34815
G1 X113.853 Y99.37 E.01852
G1 X106.397 Y91.914 E.34815
G1 X106.397 Y91.352 E.01856
G1 X113.853 Y98.808 E.34815
G1 X113.853 Y98.246 E.01856
G1 X106.879 Y91.272 E.32564
G1 X107.44 Y91.272 E.01852
G1 X113.853 Y97.685 E.29945
G1 X113.853 Y97.123 E.01856
G1 X108.002 Y91.272 E.2732
G1 X108.397 Y91.106 E.01415
G1 X113.853 Y96.562 E.25476
G1 X113.853 Y96 E.01856
G1 X108.397 Y90.544 E.25476
G1 X108.397 Y89.983 E.01852
G1 X113.853 Y95.439 E.25476
G1 X113.853 Y94.877 E.01856
G1 X108.397 Y89.421 E.25476
G1 X108.397 Y88.86 E.01852
G1 X113.853 Y94.316 E.25476
G1 X113.999 Y93.443 F9000
;WIDTH:0.38292
G1 F2400
G1 X114.01 Y93.484 E.0012
G1 X113.939 Y93.503 E.00208
G1 X113.958 Y93.432 E.00208
;WIDTH:0.41146
G1 X113.906 Y93.593 E.00518
;WIDTH:0.439999
G1 X113.853 Y93.754 E.0056
G1 X108.397 Y88.298 E.25476
G1 X108.397 Y87.737 E.01852
G1 X113.853 Y93.192 E.25474
G1 X113.853 Y92.631 E.01852
G1 X112.494 Y91.272 E.06346
G1 X113.056 Y91.272 E.01856
G1 X113.853 Y92.069 E.03721
G1 X113.831 Y91.294 E.0256
;WIDTH:0.578022
G1 X113.848 Y91.358 E.00295
G1 X113.801 Y91.406 E.00299
G1 X113.737 Y91.388 E.00296
G1 X113.719 Y91.324 E.00296
G1 X113.767 Y91.277 E.00299
G1 E-1.4 F2700
;WIPE_START
G1 F7200
G1 X113.719 Y91.324 E-.02393
G1 X113.737 Y91.388 E-.02368
G1 X113.801 Y91.406 E-.02368
G1 X113.848 Y91.358 E-.02393
G1 X113.831 Y91.294 E-.02359
;WIPE_END
G1 E-.48119 F2700
G1 X111.853 Y90.631 F9000
G1 E2 F2400
;WIDTH:0.439999
G1 X108.397 Y87.175 E.16137
G1 X108.397 Y86.614 E.01852
G1 X111.853 Y90.069 E.16135
G1 X111.853 Y89.508 E.01852
G1 X108.397 Y86.052 E.16137
G1 X108.397 Y85.49 E.01856
G1 X111.853 Y88.946 E.16137
G1 X111.853 Y88.385 E.01852
G1 X108.397 Y84.929 E.16137
G1 X108.397 Y84.367 E.01856
G1 X111.853 Y87.823 E.16137
G1 X111.853 Y87.262 E.01852
G1 X108.397 Y83.806 E.16137
G1 X108.397 Y83.244 E.01856
G1 X111.853 Y86.7 E.16137
G1 X111.853 Y86.138 E.01856
G1 X108.397 Y82.683 E.16135
G1 X108.397 Y82.121 E.01856
G1 X111.853 Y85.577 E.16137
G1 X111.853 Y85.015 E.01856
G1 X108.397 Y81.56 E.16135
G1 X108.397 Y80.998 E.01856
G1 X111.853 Y84.454 E.16137
G1 X111.853 Y83.892 E.01856
G1 X108.397 Y80.436 E.16137
G1 X108.397 Y79.875 E.01852
G1 X111.853 Y83.331 E.16137
G1 X111.853 Y82.769 E.01856
G1 X108.397 Y79.313 E.16137
G1 X108.397 Y78.752 E.01852
G1 X111.853 Y82.208 E.16137
G1 X111.853 Y81.646 E.01856
G1 X108.397 Y78.19 E.16137
G1 X108.397 Y77.629 E.01852
G1 X111.853 Y81.084 E.16135
G1 X111.853 Y80.523 E.01852
G1 X108.397 Y77.067 E.16137
G1 X108.397 Y76.506 E.01852
G1 X111.853 Y79.961 E.16135
G1 X111.853 Y79.4 E.01852
G1 X108.397 Y75.944 E.16137
G1 X108.397 Y75.382 E.01856
G1 X111.853 Y78.838 E.16137
G1 X111.853 Y78.277 E.01852
G1 X108.397 Y74.821 E.16137
G1 X108.397 Y74.259 E.01856
G1 X111.853 Y77.715 E.16137
G1 X111.853 Y77.154 E.01852
G1 X108.397 Y73.698 E.16137
G1 X108.397 Y73.136 E.01856
G1 X111.853 Y76.592 E.16137
G1 X111.853 Y76.03 E.01856
G1 X108.397 Y72.575 E.16135
G1 X108.397 Y72.013 E.01856
G1 X111.853 Y75.469 E.16137
G1 X111.853 Y74.907 E.01856
G1 X108.397 Y71.452 E.16135
G1 X108.397 Y70.89 E.01856
G1 X111.853 Y74.346 E.16137
G1 E-1.4 F2700
;WIPE_START
G1 F7200
G1 X110.662 Y73.155 E-.6
;WIPE_END
G1 X106.485 Y70.64 F9000
G1 E2 F2400
;WIDTH:0.529748
G1 X106.501 Y70.699 E.00247
G1 X106.458 Y70.742 E.00246
G1 X106.399 Y70.726 E.00247
G1 X106.383 Y70.667 E.00247
G1 X106.426 Y70.624 E.00246
;WIDTH:0.439999
G1 X106.397 Y70.013 E.0202
G1 X107.112 Y70.728 E.03339
G1 X107.673 Y70.728 E.01852
G1 X106.397 Y69.452 E.05958
G1 X106.27 Y68.568 F9000
;WIDTH:0.38292
G1 F2400
G1 X106.251 Y68.639 E.00208
G1 X106.322 Y68.62 E.00208
G1 X106.311 Y68.579 E.0012
;WIDTH:0.41146
G1 X106.354 Y68.735 E.00496
;WIDTH:0.439999
G1 X106.397 Y68.89 E.00531
G1 X108.235 Y70.728 E.08582
G1 E-1.4 F2700
;WIPE_START
G1 F7200
G1 X107.044 Y69.537 E-.6
;WIPE_END
G1 X106.397 Y68.328 F9000
G1 E2 F2400
G1 X111.853 Y73.784 E.25476
G1 X111.853 Y73.223 E.01852
G1 X106.397 Y67.767 E.25476
G1 X106.397 Y67.205 E.01856
G1 X111.853 Y72.661 E.25476
G1 X111.853 Y72.1 E.01852
G1 X106.397 Y66.644 E.25476
G1 X106.397 Y66.082 E.01856
G1 X111.853 Y71.538 E.25476
G1 X111.853 Y70.976 E.01856
G1 X106.397 Y65.521 E.25474
G1 X106.397 Y64.959 E.01856
G1 X112.166 Y70.728 E.26937
G1 X112.727 Y70.728 E.01852
G1 X106.397 Y64.398 E.29557
G1 X106.397 Y63.836 E.01856
G1 X113.289 Y70.728 E.32181
G1 X113.851 Y70.728 E.01856
G1 X106.397 Y63.274 E.34805
G1 X106.397 Y62.713 E.01852
G1 X113.853 Y70.169 E.34815
G1 X113.853 Y69.607 E.01856
G1 X106.397 Y62.151 E.34815
G1 X106.397 Y61.59 E.01852
G1 X113.853 Y69.046 E.34815
G1 X113.853 Y68.484 E.01856
G1 X106.397 Y61.028 E.34815
G1 X106.397 Y60.467 E.01852
G1 X113.853 Y67.922 E.34812
G1 X113.853 Y67.361 E.01852
G1 X106.397 Y59.905 E.34815
G1 X106.397 Y59.344 E.01852
G1 X113.853 Y66.799 E.34812
G1 X113.853 Y66.238 E.01852
G1 X106.397 Y58.782 E.34815
G1 X106.397 Y58.22 E.01856
G1 X113.853 Y65.676 E.34815
G1 X113.853 Y65.115 E.01852
G1 X106.397 Y57.659 E.34815
G1 X106.397 Y57.097 E.01856
G1 X113.853 Y64.553 E.34815
G1 X113.853 Y63.992 E.01852
G1 X106.397 Y56.536 E.34815
G1 X106.397 Y55.974 E.01856
G1 X113.853 Y63.43 E.34815
G1 X113.853 Y62.868 E.01856
G1 X106.397 Y55.413 E.34812
G1 X106.397 Y54.851 E.01856
G1 X113.853 Y62.307 E.34815
G1 X113.853 Y61.745 E.01856
G1 X106.397 Y54.29 E.34812
G1 X106.944 Y54.275 E.01807
G1 X113.853 Y61.184 E.32261
G1 X113.853 Y60.622 E.01856
G1 X107.506 Y54.276 E.29634
G1 X108.068 Y54.276 E.01856
G1 X113.853 Y60.061 E.27012
G1 X113.853 Y59.499 E.01856
G1 X108.631 Y54.277 E.24383
G1 X109.193 Y54.277 E.01856
G1 X113.853 Y58.938 E.21761
G1 X113.853 Y58.376 E.01856
G1 X109.755 Y54.278 E.19135
G1 X110.317 Y54.279 E.01856
G1 X113.853 Y57.814 E.16508
G1 X113.853 Y57.253 E.01852
G1 X110.879 Y54.279 E.13887
G1 X111.441 Y54.28 E.01856
G1 X113.853 Y56.691 E.1126
G1 X113.853 Y56.13 E.01852
G1 X112.004 Y54.28 E.08636
G1 X112.566 Y54.281 E.01856
G1 X113.853 Y55.568 E.06009
G1 X113.853 Y55.007 E.01852
G1 X113.128 Y54.282 E.03385
G1 X113.789 Y54.271 E.02183
;WIDTH:0.535332
G1 X113.746 Y54.314 E.00249
G1 X113.762 Y54.374 E.00254
G1 X113.821 Y54.39 E.0025
G1 X113.865 Y54.346 E.00255
G1 X113.849 Y54.287 E.0025
G1 E-1.4 F2700
;WIPE_START
G1 F7200
G1 X113.865 Y54.346 E-.02178
G1 X113.821 Y54.39 E-.02217
G1 X113.762 Y54.374 E-.02178
G1 X113.746 Y54.314 E-.02212
G1 X113.789 Y54.271 E-.02166
;WIPE_END
G1 E-.49049 F2700
G1 X112.162 Y153.272 F9000
G1 E2 F2400
;WIDTH:0.439999
G1 X113.853 Y154.963 E.07896
G1 X113.853 Y154.402 E.01852
G1 X112.723 Y153.272 E.05276
G1 X113.285 Y153.272 E.01856
G1 X113.853 Y153.84 E.02652
G1 X113.886 Y153.239 E.01987
;WIDTH:0.443874
G1 X113.899 Y153.287 E.00166
G1 X113.864 Y153.322 E.00165
G1 X113.816 Y153.309 E.00166
G1 X113.803 Y153.261 E.00166
G1 X113.838 Y153.226 E.00165
EXCLUDE_OBJECT_END NAME=Trigger1_holder_stl
;LAYER_CHANGE
;Z:0.8
;HEIGHT:0.2
;BEFORE_LAYER_CHANGE
G92 E0
;0.8


G1 E-1.4 F2700
;WIPE_START
G1 F7200
G1 X113.803 Y153.261 E-.01763
G1 X113.816 Y153.309 E-.01772
G1 X113.864 Y153.322 E-.01772
G1 X113.899 Y153.287 E-.01763
G1 X113.886 Y153.239 E-.01772
;WIPE_END
G1 E-.51158 F2700
G1 Z.8 F9000
;AFTER_LAYER_CHANGE
;0.8
EXCLUDE_OBJECT_START NAME=Trigger1_holder_stl
G1 X112.131 Y152.994
G1 E2 F2400
;TYPE:Perimeter
;WIDTH:0.44
G1 F3600
G1 X114.131 Y152.994 E.06603
G1 X114.131 Y162.056 E.2992
G1 X114.225 Y162.89 E.02771
G1 X114.521 Y163.736 E.02959
G1 X114.997 Y164.494 E.02955
G1 X115.631 Y165.128 E.0296
G1 X116.389 Y165.604 E.02955
G1 X117.235 Y165.9 E.02959
G1 X118.069 Y165.994 E.02771
G1 X124.819 Y165.994 E.22287
G1 X125.32 Y166.051 E.01665
G1 X125.743 Y166.198 E.01479
G1 X126.122 Y166.437 E.01479
G1 X126.438 Y166.753 E.01476
G1 X126.677 Y167.132 E.01479
G1 X126.824 Y167.555 E.01479
G1 X126.881 Y168.056 E.01665
G1 X126.881 Y169.971 E.06323
G1 X126.845 Y170.27 E.00994
G1 X126.76 Y170.494 E.00791
G1 X126.624 Y170.692 E.00793
G1 X126.445 Y170.851 E.00791
G1 X126.233 Y170.964 E.00793
G1 X125.3 Y171.198 E.03176
G1 X124.663 Y171.535 E.02379
G1 X124.124 Y172.015 E.02383
G1 X123.715 Y172.609 E.02381
G1 X123.46 Y173.284 E.02382
G1 X123.381 Y173.94 E.02182
G1 X123.373 Y176.998 E.10097
G1 X122.377 Y176.998 E.03289
G1 X122.369 Y173.935 E.10113
G1 X122.275 Y173.223 E.02371
G1 X121.975 Y172.499 E.02588
G1 X121.498 Y171.877 E.02588
G1 X120.876 Y171.4 E.02588
G1 X120.152 Y171.1 E.02588
G1 X119.44 Y171.006 E.02371
G1 X108.181 Y171.006 E.37174
G1 X107.68 Y170.949 E.01665
G1 X107.257 Y170.802 E.01479
G1 X106.878 Y170.563 E.01479
G1 X106.562 Y170.247 E.01476
G1 X106.323 Y169.868 E.01479
G1 X106.176 Y169.445 E.01479
G1 X106.119 Y168.944 E.01665
G1 X106.119 Y152.994 E.52663
G1 X108.119 Y152.994 E.06603
G1 X108.119 Y133.006 E.65995
G1 X106.119 Y133.006 E.06603
G1 X106.119 Y90.994 E1.38712
G1 X108.119 Y90.994 E.06603
G1 X108.119 Y71.006 E.65995
G1 X106.119 Y71.006 E.06603
G1 X106.119 Y54.006 E.56129
G1 X104.119 Y53.994 E.06604
G1 X106.17 Y53.994 E.06772
G1 X106.17 Y54.994 E.03302
G1 X108.333 Y54.994 E.07142
G1 X108.333 Y53.994 E.03302
G1 X115.131 Y53.994 E.22445
G1 X114.131 Y54.006 E.03302
G1 X114.131 Y71.006 E.56129
G1 X112.131 Y71.006 E.06603
G1 X112.131 Y90.994 E.65995
G1 X114.131 Y90.994 E.06603
G1 X114.131 Y133.006 E1.38712
G1 X112.131 Y133.006 E.06603
G1 X112.131 Y152.934 E.65797
G1 X112.528 Y152.597 F9000
G1 F3600
G1 X114.528 Y152.597 E.06603
G1 X114.528 Y162.034 E.31158
G1 X114.614 Y162.801 E.02548
G1 X114.881 Y163.562 E.02663
G1 X115.31 Y164.245 E.02663
G1 X115.88 Y164.815 E.02662
G1 X116.563 Y165.244 E.02663
G1 X117.324 Y165.511 E.02663
G1 X118.091 Y165.597 E.02548
G1 X124.841 Y165.597 E.22287
G1 X125.409 Y165.661 E.01887
G1 X125.916 Y165.838 E.01773
G1 X126.371 Y166.124 E.01774
G1 X126.751 Y166.504 E.01774
G1 X127.037 Y166.959 E.01774
G1 X127.214 Y167.466 E.01773
G1 X127.278 Y168.034 E.01887
G1 X127.278 Y169.995 E.06475
G1 X127.233 Y170.365 E.01231
G1 X127.114 Y170.679 E.01109
G1 X126.924 Y170.956 E.01109
G1 X126.673 Y171.18 E.01111
G1 X126.376 Y171.337 E.01109
G1 X125.443 Y171.571 E.03176
G1 X124.891 Y171.863 E.02062
G1 X124.424 Y172.279 E.02065
G1 X124.07 Y172.795 E.02066
G1 X123.849 Y173.379 E.02062
G1 X123.778 Y173.964 E.01946
G1 X123.778 Y176.961 E.09895
G1 X123.759 Y177.103 E.00473
G1 X123.719 Y177.199 E.00343
G1 X123.656 Y177.281 E.00341
G1 X123.574 Y177.344 E.00341
G1 X123.478 Y177.384 E.00343
G1 X123.336 Y177.403 E.00473
G1 X122.414 Y177.403 E.03044
G1 X122.272 Y177.384 E.00473
G1 X122.176 Y177.344 E.00343
G1 X122.094 Y177.281 E.00341
G1 X122.031 Y177.199 E.00341
G1 X121.991 Y177.103 E.00343
G1 X121.972 Y176.961 E.00473
G1 X121.972 Y173.961 E.09905
G1 X121.889 Y173.326 E.02114
G1 X121.629 Y172.699 E.02241
G1 X121.215 Y172.16 E.02244
G1 X120.676 Y171.746 E.02244
G1 X120.049 Y171.486 E.02241
G1 X119.414 Y171.403 E.02114
G1 X108.159 Y171.403 E.37161
G1 X107.591 Y171.339 E.01887
G1 X107.084 Y171.162 E.01773
G1 X106.629 Y170.876 E.01774
G1 X106.249 Y170.496 E.01774
G1 X105.963 Y170.041 E.01774
G1 X105.786 Y169.534 E.01773
G1 X105.722 Y168.966 E.01887
G1 X105.722 Y152.597 E.54046
G1 X107.722 Y152.597 E.06603
G1 X107.722 Y133.403 E.63373
G1 X105.722 Y133.403 E.06603
G1 X105.722 Y90.597 E1.41334
G1 X107.722 Y90.597 E.06603
G1 X107.722 Y71.403 E.63373
G1 X105.722 Y71.403 E.06603
G1 X105.722 Y54.403 E.56129
G1 X103.722 Y54.403 E.06603
G1 X103.722 Y53.597 E.02661
G1 X106.567 Y53.597 E.09393
G1 X106.567 Y54.597 E.03302
G1 X107.936 Y54.597 E.0452
G1 X107.936 Y53.597 E.03302
G1 X115.528 Y53.597 E.25067
G1 X115.528 Y54.403 E.02661
G1 X114.528 Y54.403 E.03302
G1 X114.528 Y71.403 E.56129
G1 X112.528 Y71.403 E.06603
G1 X112.528 Y90.597 E.63373
G1 X114.528 Y90.597 E.06603
G1 X114.528 Y133.403 E1.41334
G1 X112.528 Y133.403 E.06603
G1 X112.528 Y152.537 E.63175
G1 X112.915 Y152.21 F9000
;TYPE:External perimeter
;WIDTH:0.42
G1 F1800
G1 X114.915 Y152.21 E.06271
G1 X114.915 Y162.012 E.30733
G1 X114.994 Y162.715 E.02218
G1 X115.232 Y163.393 E.02253
G1 X115.614 Y164.002 E.02254
G1 X116.123 Y164.511 E.02257
G1 X116.732 Y164.893 E.02254
G1 X117.41 Y165.131 E.02253
G1 X118.113 Y165.21 E.02218
G1 X124.863 Y165.21 E.21164
G1 X125.496 Y165.281 E.01997
G1 X126.085 Y165.487 E.01956
G1 X126.614 Y165.82 E.0196
G1 X127.055 Y166.261 E.01955
G1 X127.388 Y166.79 E.0196
G1 X127.594 Y167.379 E.01956
G1 X127.665 Y168.012 E.01997
G1 X127.665 Y170.019 E.06293
G1 X127.612 Y170.458 E.01386
G1 X127.46 Y170.86 E.01348
G1 X127.216 Y171.214 E.01348
G1 X126.895 Y171.5 E.01348
G1 X126.515 Y171.701 E.01348
G1 X125.583 Y171.935 E.03013
G1 X125.113 Y172.184 E.01668
G1 X124.716 Y172.537 E.01666
G1 X124.415 Y172.975 E.01666
G1 X124.227 Y173.472 E.01666
G1 X124.165 Y173.987 E.01626
G1 X124.165 Y176.986 E.09403
G1 X124.136 Y177.204 E.0069
G1 X124.058 Y177.394 E.00644
G1 X123.932 Y177.557 E.00646
G1 X123.769 Y177.683 E.00646
G1 X123.579 Y177.761 E.00644
G1 X123.361 Y177.79 E.0069
G1 X122.389 Y177.79 E.03048
G1 X122.171 Y177.761 E.0069
G1 X121.981 Y177.683 E.00644
G1 X121.818 Y177.557 E.00646
G1 X121.692 Y177.394 E.00646
G1 X121.614 Y177.204 E.00644
G1 X121.585 Y176.986 E.0069
G1 X121.585 Y173.986 E.09406
G1 X121.511 Y173.428 E.01765
G1 X121.29 Y172.894 E.01812
G1 X120.939 Y172.436 E.01809
G1 X120.481 Y172.085 E.01809
G1 X119.947 Y171.864 E.01812
G1 X119.389 Y171.79 E.01765
G1 X108.137 Y171.79 E.3528
G1 X107.504 Y171.719 E.01997
G1 X106.915 Y171.513 E.01956
G1 X106.386 Y171.18 E.0196
G1 X105.945 Y170.739 E.01955
G1 X105.612 Y170.21 E.0196
G1 X105.406 Y169.621 E.01956
G1 X105.335 Y168.988 E.01997
G1 X105.335 Y152.21 E.52606
G1 X107.335 Y152.21 E.06271
G1 X107.335 Y133.79 E.57755
G1 X105.335 Y133.79 E.06271
G1 X105.335 Y90.21 E1.36642
G1 X107.335 Y90.21 E.06271
G1 X107.335 Y71.79 E.57755
G1 X105.335 Y71.79 E.06271
G1 X105.335 Y54.79 E.53302
G1 X103.335 Y54.79 E.06271
G1 X103.335 Y53.21 E.04954
G1 X106.954 Y53.21 E.11347
G1 X106.954 Y54.21 E.03135
G1 X107.549 Y54.21 E.01866
G1 X107.549 Y53.21 E.03135
G1 X115.915 Y53.21 E.26231
G1 X115.915 Y54.79 E.04954
G1 X114.915 Y54.79 E.03135
G1 X114.915 Y71.79 E.53302
G1 X112.915 Y71.79 E.06271
G1 X112.915 Y90.21 E.57755
G1 X114.915 Y90.21 E.06271
G1 X114.915 Y133.79 E1.36642
G1 X112.915 Y133.79 E.06271
G1 X112.915 Y152.15 E.57566
G1 E-1.4 F2700
;WIPE_START
G1 F7200
G1 X112.915 Y152.21 E-.02138
G1 X114.539 Y152.21 E-.57862
;WIPE_END
G1 X108.686 Y54.279 F9000
G1 E2 F2400
;TYPE:Solid infill
;WIDTH:0.482908
G1 X108.647 Y54.24 E.00202
G1 X108.594 Y54.255 E.00202
G1 X108.58 Y54.308 E.00201
G1 X108.619 Y54.347 E.00202
G1 X108.672 Y54.332 E.00202
G1 E-1.4 F2700
;WIPE_START
G1 F7200
G1 X108.619 Y54.347 E-.01962
G1 X108.58 Y54.308 E-.01965
G1 X108.594 Y54.255 E-.01953
G1 X108.647 Y54.24 E-.01962
G1 X108.686 Y54.279 E-.01965
;WIPE_END
G1 E-.50193 F2700
G1 X106.505 Y55.304 F9000
G1 E2 F2400
;WIDTH:0.53634
G1 X106.461 Y55.261 E.00252
G1 X106.402 Y55.277 E.00251
G1 X106.386 Y55.336 E.00251
G1 X106.429 Y55.38 E.00252
G1 X106.489 Y55.364 E.00255
;WIDTH:0.439999
G1 X107.123 Y55.272 E.02115
G1 X106.397 Y55.998 E.0339
G1 X106.397 Y56.56 E.01856
G1 X107.685 Y55.272 E.06014
G1 X108.246 Y55.272 E.01852
G1 X106.397 Y57.121 E.08634
G1 E-1.4 F2700
;WIPE_START
G1 F7200
G1 X107.588 Y55.93 E-.6
;WIPE_END
G1 X108.455 Y55.116 F9000
G1 E2 F2400
;WIDTH:0.38292
G1 X108.527 Y55.188 E.00288
;WIDTH:0.41146
G1 X108.569 Y55.047 E.00451
;WIDTH:0.439999
G1 X108.611 Y54.907 E.00483
G1 X109.246 Y54.272 E.02965
G1 X109.808 Y54.272 E.01856
G1 X106.397 Y57.683 E.15927
G1 X106.397 Y58.244 E.01852
G1 X110.369 Y54.272 E.18547
G1 X110.931 Y54.272 E.01856
G1 X106.397 Y58.806 E.21171
G1 X106.397 Y59.367 E.01852
G1 X111.492 Y54.272 E.2379
G1 X112.054 Y54.272 E.01856
G1 X106.397 Y59.929 E.26414
G1 X106.397 Y60.491 E.01856
G1 X112.616 Y54.272 E.29039
G1 X113.177 Y54.272 E.01852
G1 X106.397 Y61.052 E.31658
G1 X106.397 Y61.614 E.01856
G1 X113.739 Y54.272 E.34282
G1 X113.869 Y54.229 E.00452
;WIDTH:0.41146
G1 X114 Y54.185 E.00423
;WIDTH:0.38292
G1 X113.959 Y54.196 E.0012
G1 X113.94 Y54.125 E.00208
G1 X114.011 Y54.144 E.00208
;WIDTH:0.439999
G1 X113.853 Y54.719 E.01969
G1 X106.397 Y62.175 E.34815
G1 X106.397 Y62.737 E.01856
G1 X113.853 Y55.281 E.34815
G1 X113.853 Y55.843 E.01856
G1 X106.397 Y63.298 E.34812
G1 X106.397 Y63.86 E.01856
G1 X113.853 Y56.404 E.34815
G1 X113.853 Y56.966 E.01856
G1 X106.397 Y64.421 E.34812
G1 X106.397 Y64.983 E.01856
G1 X113.853 Y57.527 E.34815
G1 X113.853 Y58.089 E.01856
G1 X106.397 Y65.545 E.34815
G1 X106.397 Y66.106 E.01852
G1 X113.853 Y58.65 E.34815
G1 X113.853 Y59.212 E.01856
G1 X106.397 Y66.668 E.34815
G1 X106.397 Y67.229 E.01852
G1 X113.853 Y59.773 E.34815
G1 X113.853 Y60.335 E.01856
G1 X106.397 Y67.791 E.34815
G1 X106.397 Y68.352 E.01852
G1 X113.853 Y60.897 E.34812
G1 X113.853 Y61.458 E.01852
G1 X106.397 Y68.914 E.34815
G1 X106.397 Y69.475 E.01852
G1 X113.853 Y62.02 E.34812
G1 X113.853 Y62.581 E.01852
G1 X106.397 Y70.037 E.34815
G1 X106.316 Y70.869 F9000
;WIDTH:0.38292
G1 F2400
G1 X106.275 Y70.88 E.0012
G1 X106.256 Y70.809 E.00208
G1 X106.327 Y70.828 E.00208
;WIDTH:0.41146
G1 X106.362 Y70.713 E.00368
;WIDTH:0.439999
G1 X106.397 Y70.599 E.00394
G1 X113.853 Y63.143 E.34815
G1 X113.853 Y63.704 E.01852
G1 X106.829 Y70.728 E.32797
G1 X107.391 Y70.728 E.01856
G1 X113.853 Y64.266 E.30173
G1 X113.853 Y64.827 E.01852
G1 X107.952 Y70.728 E.27554
G1 X108.258 Y71.038 E.01438
;WIDTH:0.38292
G1 X108.217 Y71.049 E.0012
G1 X108.198 Y70.978 E.00208
G1 X108.269 Y70.997 E.00208
;WIDTH:0.41146
G1 X108.333 Y70.921 E.00304
;WIDTH:0.439999
G1 X113.853 Y65.389 E.25803
G1 X113.853 Y65.951 E.01856
G1 X108.397 Y71.406 E.25474
G1 X108.397 Y71.968 E.01856
G1 X113.853 Y66.512 E.25476
G1 X113.853 Y67.074 E.01856
G1 X108.397 Y72.529 E.25474
G1 X108.397 Y73.091 E.01856
G1 X113.853 Y67.635 E.25476
G1 X113.853 Y68.197 E.01856
G1 X108.397 Y73.653 E.25476
G1 X108.359 Y73.787 E.0046
;WIDTH:0.41146
G1 X108.322 Y73.922 E.00429
;WIDTH:0.38292
G1 X108.251 Y73.903 E.00208
G1 X108.27 Y73.974 E.00208
G1 X108.311 Y73.963 E.0012
G1 E-1.4 F2700
;WIPE_START
G1 F7200
G1 X108.27 Y73.974 E-.01512
G1 X108.251 Y73.903 E-.02618
G1 X108.322 Y73.922 E-.02618
;WIPE_END
G1 E-.53252 F2700
G1 X111.883 Y70.728 F9000
G1 E2 F2400
;WIDTH:0.439999
G1 X113.853 Y68.758 E.09199
G1 X113.853 Y69.32 E.01856
G1 X112.445 Y70.728 E.06574
G1 X113.006 Y70.728 E.01852
G1 X113.853 Y69.881 E.03955
G1 X113.853 Y70.443 E.01856
G1 X113.568 Y70.728 E.01331
G1 E-1.4 F2700
;WIPE_START
G1 F7200
G1 X113.853 Y70.443 E-.14359
G1 X113.853 Y69.881 E-.20021
G1 X113.345 Y70.389 E-.2562
;WIPE_END
G1 X111.853 Y70.758 F9000
G1 E2 F2400
G1 X108.397 Y74.214 E.16137
G1 X108.397 Y74.776 E.01856
G1 X111.853 Y71.32 E.16137
G1 X111.853 Y71.881 E.01852
G1 X108.397 Y75.337 E.16137
G1 X108.397 Y75.899 E.01856
G1 X111.853 Y72.443 E.16137
G1 X111.853 Y73.005 E.01856
G1 X108.397 Y76.46 E.16135
G1 X108.397 Y77.022 E.01856
G1 X111.853 Y73.566 E.16137
G1 X111.853 Y74.128 E.01856
G1 X108.397 Y77.583 E.16135
G1 X108.397 Y78.145 E.01856
G1 X111.853 Y74.689 E.16137
G1 X111.853 Y75.251 E.01856
G1 X108.397 Y78.707 E.16137
G1 X108.397 Y79.268 E.01852
G1 X111.853 Y75.812 E.16137
G1 X111.853 Y76.374 E.01856
G1 X108.397 Y79.83 E.16137
G1 X108.397 Y80.391 E.01852
G1 X111.853 Y76.935 E.16137
G1 X111.853 Y77.497 E.01856
G1 X108.397 Y80.953 E.16137
G1 X108.397 Y81.514 E.01852
G1 X111.853 Y78.059 E.16135
G1 X111.853 Y78.62 E.01852
G1 X108.397 Y82.076 E.16137
G1 X108.397 Y82.637 E.01852
G1 X111.853 Y79.182 E.16135
G1 X111.853 Y79.743 E.01852
G1 X108.397 Y83.199 E.16137
G1 X108.397 Y83.761 E.01856
G1 X111.853 Y80.305 E.16137
G1 X111.853 Y80.866 E.01852
G1 X108.397 Y84.322 E.16137
G1 X108.397 Y84.884 E.01856
G1 X111.853 Y81.428 E.16137
G1 X111.853 Y81.989 E.01852
G1 X108.397 Y85.445 E.16137
G1 X108.397 Y86.007 E.01856
G1 X111.853 Y82.551 E.16137
G1 X111.853 Y83.113 E.01856
G1 X108.397 Y86.568 E.16135
G1 X108.397 Y87.13 E.01856
G1 X111.853 Y83.674 E.16137
G1 X111.853 Y84.236 E.01856
G1 X108.397 Y87.691 E.16135
G1 X108.397 Y88.253 E.01856
G1 X111.853 Y84.797 E.16137
G1 X111.853 Y85.359 E.01856
G1 X108.397 Y88.815 E.16137
G1 X108.397 Y89.376 E.01852
G1 X111.853 Y85.92 E.16137
G1 X111.853 Y86.482 E.01856
G1 X108.397 Y89.938 E.16137
G1 X108.397 Y90.499 E.01852
G1 X111.853 Y87.043 E.16137
G1 X111.853 Y87.605 E.01856
G1 X108.397 Y91.061 E.16137
G1 E-1.4 F2700
;WIPE_START
G1 F7200
G1 X109.588 Y89.87 E-.6
;WIPE_END
G1 X106.483 Y91.288 F9000
G1 E2 F2400
;WIDTH:0.50089
G1 X106.442 Y91.247 E.00221
G1 X106.387 Y91.262 E.00217
G1 X106.372 Y91.317 E.00217
G1 X106.413 Y91.358 E.00221
G1 X106.468 Y91.343 E.00217
;WIDTH:0.439999
G1 X107.063 Y91.272 E.01978
G1 X106.397 Y91.938 E.0311
G1 X106.397 Y92.499 E.01852
G1 X107.624 Y91.272 E.05729
G1 X108.186 Y91.272 E.01856
G1 X106.397 Y93.061 E.08353
G1 X106.354 Y93.216 E.00531
;WIDTH:0.41146
G1 X106.311 Y93.372 E.00496
;WIDTH:0.38292
G1 X106.27 Y93.383 E.0012
G1 X106.251 Y93.311 E.00211
G1 X106.322 Y93.331 E.00209
;WIDTH:0.439999
G1 X106.397 Y93.622 E.00992
G1 X111.853 Y88.167 E.25474
G1 X111.853 Y88.728 E.01852
G1 X106.397 Y94.184 E.25476
G1 X106.397 Y94.745 E.01852
G1 X111.853 Y89.29 E.25474
G1 X111.853 Y89.851 E.01852
G1 X106.397 Y95.307 E.25476
G1 X106.397 Y95.869 E.01856
G1 X111.853 Y90.413 E.25476
G1 X111.853 Y90.974 E.01852
G1 X106.397 Y96.43 E.25476
G1 X106.397 Y96.992 E.01856
G1 X112.117 Y91.272 E.26709
G1 X112.208 Y91.202 E.00379
;WIDTH:0.41146
G1 X112.3 Y91.133 E.00352
;WIDTH:0.38292
G1 X112.259 Y91.144 E.0012
G1 X112.24 Y91.073 E.00208
G1 X112.311 Y91.092 E.00208
;WIDTH:0.439999
G1 X112.678 Y91.272 E.0135
G1 X106.397 Y97.553 E.29328
G1 X106.397 Y98.115 E.01856
G1 X113.24 Y91.272 E.31952
G1 X113.997 Y91.128 E.02544
;WIDTH:0.38292
G1 X114.001 Y91.218 E.00255
;WIDTH:0.41146
G1 X113.901 Y91.245 E.00317
;WIDTH:0.439999
G1 X113.801 Y91.272 E.00342
G1 X106.397 Y98.676 E.34572
G1 X106.397 Y99.238 E.01856
G1 X113.853 Y91.782 E.34815
G1 X113.853 Y92.344 E.01856
G1 X106.397 Y99.799 E.34812
G1 X106.397 Y100.361 E.01856
G1 X113.853 Y92.905 E.34815
G1 X113.853 Y93.467 E.01856
G1 X106.397 Y100.922 E.34812
G1 X106.397 Y101.484 E.01856
G1 X113.853 Y94.028 E.34815
G1 X113.853 Y94.59 E.01856
G1 X106.397 Y102.046 E.34815
G1 X106.397 Y102.607 E.01852
G1 X113.853 Y95.151 E.34815
G1 X113.853 Y95.713 E.01856
G1 X106.397 Y103.169 E.34815
G1 X106.397 Y103.73 E.01852
G1 X113.853 Y96.275 E.34812
G1 X113.853 Y96.836 E.01852
G1 X106.397 Y104.292 E.34815
G1 X106.397 Y104.853 E.01852
G1 X113.853 Y97.398 E.34812
G1 X113.853 Y97.959 E.01852
G1 X106.397 Y105.415 E.34815
G1 X106.397 Y105.976 E.01852
G1 X113.853 Y98.521 E.34812
G1 X113.853 Y99.082 E.01852
G1 X106.397 Y106.538 E.34815
G1 X106.397 Y107.1 E.01856
G1 X113.853 Y99.644 E.34815
G1 X113.853 Y100.205 E.01852
G1 X106.397 Y107.661 E.34815
G1 X106.397 Y108.223 E.01856
G1 X113.853 Y100.767 E.34815
G1 X113.853 Y101.328 E.01852
G1 X106.397 Y108.784 E.34815
G1 X106.397 Y109.346 E.01856
G1 X113.853 Y101.89 E.34815
G1 X113.853 Y102.452 E.01856
G1 X106.397 Y109.907 E.34812
G1 X106.397 Y110.469 E.01856
G1 X113.853 Y103.013 E.34815
G1 X113.853 Y103.575 E.01856
G1 X106.397 Y111.03 E.34812
G1 X106.397 Y111.592 E.01856
G1 X113.853 Y104.136 E.34815
G1 X113.853 Y104.698 E.01856
G1 X106.397 Y112.154 E.34815
G1 X106.397 Y112.715 E.01852
G1 X113.853 Y105.259 E.34815
G1 X113.853 Y105.821 E.01856
G1 X106.397 Y113.277 E.34815
G1 X106.397 Y113.838 E.01852
G1 X113.853 Y106.382 E.34815
G1 X113.853 Y106.944 E.01856
G1 X106.397 Y114.4 E.34815
G1 X106.397 Y114.961 E.01852
G1 X113.853 Y107.506 E.34812
G1 X113.853 Y108.067 E.01852
G1 X106.397 Y115.523 E.34815
G1 X106.397 Y116.084 E.01852
G1 X113.853 Y108.629 E.34812
G1 X113.853 Y109.19 E.01852
G1 X106.397 Y116.646 E.34815
G1 X106.397 Y117.208 E.01856
G1 X113.853 Y109.752 E.34815
G1 X113.853 Y110.313 E.01852
G1 X106.397 Y117.769 E.34815
G1 X106.397 Y118.331 E.01856
G1 X113.853 Y110.875 E.34815
G1 X113.853 Y111.436 E.01852
G1 X106.397 Y118.892 E.34815
G1 X106.397 Y119.454 E.01856
G1 X113.853 Y111.998 E.34815
G1 X113.853 Y112.56 E.01856
G1 X106.397 Y120.015 E.34812
G1 X106.397 Y120.577 E.01856
G1 X113.853 Y113.121 E.34815
G1 X113.853 Y113.683 E.01856
G1 X106.397 Y121.138 E.34812
G1 X106.397 Y121.7 E.01856
G1 X113.853 Y114.244 E.34815
G1 X113.853 Y114.806 E.01856
G1 X106.397 Y122.262 E.34815
G1 X106.397 Y122.823 E.01852
G1 X113.853 Y115.367 E.34815
G1 X113.853 Y115.929 E.01856
G1 X106.397 Y123.385 E.34815
G1 X106.397 Y123.946 E.01852
G1 X113.853 Y116.49 E.34815
G1 X113.853 Y117.052 E.01856
G1 X106.397 Y124.508 E.34815
G1 X106.397 Y125.069 E.01852
G1 X113.853 Y117.614 E.34812
G1 X113.853 Y118.175 E.01852
G1 X106.397 Y125.631 E.34815
G1 X106.397 Y126.192 E.01852
G1 X113.853 Y118.737 E.34812
G1 X113.853 Y119.298 E.01852
G1 X106.397 Y126.754 E.34815
G1 X106.397 Y127.316 E.01856
G1 X113.853 Y119.86 E.34815
G1 X113.853 Y120.421 E.01852
G1 X106.397 Y127.877 E.34815
G1 X106.397 Y128.439 E.01856
G1 X113.853 Y120.983 E.34815
G1 X113.853 Y121.544 E.01852
G1 X106.397 Y129 E.34815
G1 X106.397 Y129.562 E.01856
G1 X113.853 Y122.106 E.34815
G1 X113.853 Y122.668 E.01856
G1 X106.397 Y130.123 E.34812
G1 X106.397 Y130.685 E.01856
G1 X113.853 Y123.229 E.34815
G1 X113.853 Y123.791 E.01856
G1 X106.397 Y131.246 E.34812
G1 X106.397 Y131.808 E.01856
G1 X113.853 Y124.352 E.34815
G1 X113.853 Y124.914 E.01856
G1 X106.397 Y132.37 E.34815
G1 X106.337 Y132.848 E.01591
;WIDTH:0.38292
G1 X106.296 Y132.859 E.0012
G1 X106.277 Y132.788 E.00208
G1 X106.348 Y132.807 E.00208
;WIDTH:0.41146
G1 X106.474 Y132.767 E.00405
;WIDTH:0.439999
G1 X106.6 Y132.728 E.00435
G1 X113.853 Y125.475 E.33867
G1 X113.853 Y126.037 E.01856
G1 X107.162 Y132.728 E.31243
G1 X107.723 Y132.728 E.01852
G1 X113.853 Y126.598 E.28623
G1 X113.853 Y127.16 E.01856
G1 X108.285 Y132.728 E.25999
G1 X108.397 Y133.177 E.01528
G1 X113.853 Y127.722 E.25474
G1 X113.853 Y128.283 E.01852
G1 X108.397 Y133.739 E.25476
G1 X108.397 Y134.3 E.01852
G1 X113.853 Y128.845 E.25474
G1 X113.853 Y129.406 E.01852
G1 X108.397 Y134.862 E.25476
G1 X108.397 Y135.424 E.01856
G1 X113.853 Y129.968 E.25476
G1 X113.853 Y130.529 E.01852
G1 X108.397 Y135.985 E.25476
G1 X108.354 Y136.141 E.00534
;WIDTH:0.41146
G1 X108.311 Y136.296 E.00493
;WIDTH:0.38292
G1 X108.27 Y136.307 E.0012
G1 X108.251 Y136.236 E.00208
G1 X108.322 Y136.255 E.00208
G1 E-1.4 F2700
;WIPE_START
G1 F7200
G1 X108.251 Y136.236 E-.02618
G1 X108.27 Y136.307 E-.02618
G1 X108.311 Y136.296 E-.01512
;WIPE_END
G1 E-.53252 F2700
G1 X112.01 Y132.885 F9000
G1 E2 F2400
G1 X111.935 Y132.81 E.003
;WIDTH:0.41146
G1 X112.075 Y132.769 E.00447
;WIDTH:0.439999
G1 X112.216 Y132.728 E.00485
G1 X113.853 Y131.091 E.07644
G1 X113.853 Y131.652 E.01852
G1 X112.777 Y132.728 E.05024
G1 X113.339 Y132.728 E.01856
G1 X113.853 Y132.214 E.024
G1 E-1.4 F2700
;WIPE_START
G1 F7200
G1 X113.339 Y132.728 E-.25896
G1 X112.777 Y132.728 E-.20021
G1 X113.057 Y132.449 E-.14083
;WIPE_END
G1 X111.853 Y133.091 F9000
G1 E2 F2400
G1 X108.397 Y136.547 E.16137
G1 X108.397 Y137.108 E.01852
G1 X111.853 Y133.652 E.16137
G1 X111.853 Y134.214 E.01856
G1 X108.397 Y137.67 E.16137
G1 X108.397 Y138.231 E.01852
G1 X111.853 Y134.776 E.16135
G1 X111.853 Y135.337 E.01852
G1 X108.397 Y138.793 E.16137
G1 X108.397 Y139.354 E.01852
G1 X111.853 Y135.899 E.16135
G1 X111.853 Y136.46 E.01852
G1 X108.397 Y139.916 E.16137
G1 X108.397 Y140.478 E.01856
G1 X111.853 Y137.022 E.16137
G1 X111.853 Y137.583 E.01852
G1 X108.397 Y141.039 E.16137
G1 X108.397 Y141.601 E.01856
G1 X111.853 Y138.145 E.16137
G1 X111.853 Y138.706 E.01852
G1 X108.397 Y142.162 E.16137
G1 X108.397 Y142.724 E.01856
G1 X111.853 Y139.268 E.16137
G1 X111.853 Y139.83 E.01856
G1 X108.397 Y143.285 E.16135
G1 X108.397 Y143.847 E.01856
G1 X111.853 Y140.391 E.16137
G1 X111.853 Y140.953 E.01856
G1 X108.397 Y144.408 E.16135
G1 X108.397 Y144.97 E.01856
G1 X111.853 Y141.514 E.16137
G1 X111.853 Y142.076 E.01856
G1 X108.397 Y145.532 E.16137
G1 X108.397 Y146.093 E.01852
G1 X111.853 Y142.637 E.16137
G1 X111.853 Y143.199 E.01856
G1 X108.397 Y146.655 E.16137
G1 X108.397 Y147.216 E.01852
G1 X111.853 Y143.76 E.16137
G1 X111.853 Y144.322 E.01856
G1 X108.397 Y147.778 E.16137
G1 X108.397 Y148.339 E.01852
G1 X111.853 Y144.884 E.16135
G1 X111.853 Y145.445 E.01852
G1 X108.397 Y148.901 E.16137
G1 X108.397 Y149.462 E.01852
G1 X111.853 Y146.007 E.16135
G1 X111.853 Y146.568 E.01852
G1 X108.397 Y150.024 E.16137
G1 X108.397 Y150.586 E.01856
G1 X111.853 Y147.13 E.16137
G1 X111.853 Y147.691 E.01852
G1 X108.397 Y151.147 E.16137
G1 X108.397 Y151.709 E.01856
G1 X111.853 Y148.253 E.16137
G1 X111.853 Y148.814 E.01852
G1 X108.397 Y152.27 E.16137
G1 X108.397 Y152.832 E.01856
G1 X111.853 Y149.376 E.16137
G1 E-1.4 F2700
;WIPE_START
G1 F7200
G1 X110.662 Y150.567 E-.6
;WIPE_END
G1 X106.834 Y153.272 F9000
G1 E2 F2400
G1 X106.333 Y153.779 E.02353
;WIDTH:0.41146
G1 X106.269 Y153.85 E.00293
;WIDTH:0.38292
G1 X106.198 Y153.831 E.00208
G1 X106.217 Y153.902 E.00208
G1 X106.258 Y153.891 E.0012
;WIDTH:0.439999
G1 X106.397 Y154.27 E.01333
G1 X107.395 Y153.272 E.0466
G1 X107.957 Y153.272 E.01856
G1 X106.397 Y154.832 E.07284
G1 X106.359 Y154.967 E.00463
;WIDTH:0.41146
G1 X106.322 Y155.102 E.00429
;WIDTH:0.38292
G1 X106.251 Y155.082 E.00209
G1 X106.27 Y155.154 E.00211
G1 X106.311 Y155.143 E.0012
;WIDTH:0.439999
G1 X106.397 Y155.393 E.00873
G1 X111.853 Y149.938 E.25474
G1 X111.853 Y150.499 E.01852
G1 X106.397 Y155.955 E.25476
G1 X106.397 Y156.516 E.01852
G1 X111.853 Y151.061 E.25474
G1 X111.853 Y151.622 E.01852
G1 X106.397 Y157.078 E.25476
G1 X106.397 Y157.639 E.01852
G1 X111.853 Y152.184 E.25474
G1 X112.063 Y152.593 E.01518
;WIDTH:0.38292
G1 X111.992 Y152.574 E.00208
G1 X112.011 Y152.645 E.00208
G1 X112.052 Y152.634 E.0012
;WIDTH:0.41146
G1 X111.953 Y152.69 E.00349
;WIDTH:0.439999
G1 X111.853 Y152.745 E.00377
G1 X106.397 Y158.201 E.25476
G1 X106.397 Y158.763 E.01856
G1 X111.888 Y153.272 E.25639
G1 X112.096 Y153.092 E.00908
;WIDTH:0.38292
G1 X112.025 Y153.073 E.00208
G1 X112.044 Y153.144 E.00208
G1 X112.085 Y153.133 E.0012
;WIDTH:0.41146
G1 X112.267 Y153.202 E.00596
;WIDTH:0.439999
G1 X112.449 Y153.272 E.00644
G1 X106.397 Y159.324 E.28259
G1 X106.397 Y159.886 E.01856
G1 X113.011 Y153.272 E.30883
G1 X113.976 Y153.179 F9000
;WIDTH:0.38292
G1 F2400
G1 X113.905 Y153.16 E.00208
G1 X113.924 Y153.231 E.00208
G1 X113.965 Y153.22 E.0012
;WIDTH:0.41146
G1 X113.769 Y153.246 E.00606
;WIDTH:0.439999
G1 X113.572 Y153.272 E.00656
G1 X106.397 Y160.447 E.33503
G1 X106.397 Y161.009 E.01856
G1 X113.853 Y153.553 E.34815
G1 X113.853 Y154.115 E.01856
G1 X106.397 Y161.57 E.34812
G1 X106.397 Y162.132 E.01856
G1 X113.853 Y154.676 E.34815
G1 X113.853 Y155.238 E.01856
G1 X106.397 Y162.693 E.34812
G1 X106.397 Y163.255 E.01856
G1 X113.853 Y155.799 E.34815
G1 X113.853 Y156.361 E.01856
G1 X106.397 Y163.817 E.34815
G1 X106.397 Y164.378 E.01852
G1 X113.853 Y156.922 E.34815
G1 X113.853 Y157.484 E.01856
G1 X106.397 Y164.94 E.34815
G1 X106.397 Y165.501 E.01852
G1 X113.853 Y158.045 E.34815
G1 X113.853 Y158.607 E.01856
G1 X106.397 Y166.063 E.34815
G1 X106.397 Y166.624 E.01852
G1 X113.853 Y159.169 E.34812
G1 X113.853 Y159.73 E.01852
G1 X106.397 Y167.186 E.34815
G1 X106.397 Y167.747 E.01852
G1 X113.853 Y160.292 E.34812
G1 X113.853 Y160.853 E.01852
G1 X106.397 Y168.309 E.34815
G1 X106.397 Y168.871 E.01856
G1 X113.853 Y161.415 E.34815
G1 X114.063 Y161.824 E.01518
;WIDTH:0.38292
G1 X113.992 Y161.805 E.00208
G1 X114.011 Y161.876 E.00208
G1 X114.052 Y161.865 E.0012
;WIDTH:0.41146
G1 X113.953 Y161.921 E.00349
;WIDTH:0.439999
G1 X113.853 Y161.976 E.00377
G1 X106.448 Y169.381 E.34576
G1 X106.602 Y169.789 E.0144
G1 X113.9 Y162.491 E.34077
G1 X113.965 Y162.988 E.01655
G1 X106.83 Y170.122 E.33313
G1 X107.124 Y170.39 E.01313
G1 X114.11 Y163.404 E.3262
G1 X114.256 Y163.82 E.01456
G1 X107.488 Y170.588 E.31602
G1 X107.938 Y170.699 E.0153
G1 X114.466 Y164.171 E.30481
G1 X114.683 Y164.516 E.01346
G1 X108.471 Y170.728 E.29006
G1 X109.032 Y170.728 E.01852
G1 X114.935 Y164.825 E.27563
G1 X115.216 Y165.106 E.01312
G1 X109.594 Y170.728 E.26251
G1 X110.155 Y170.728 E.01852
G1 X115.506 Y165.377 E.24986
G1 X115.851 Y165.594 E.01346
G1 X110.717 Y170.728 E.23972
G1 X111.278 Y170.728 E.01852
G1 X116.196 Y165.811 E.22962
G1 X116.597 Y165.971 E.01425
G1 X111.84 Y170.728 E.22212
G1 X112.402 Y170.728 E.01856
G1 X117.013 Y166.117 E.2153
G1 X117.483 Y166.208 E.01581
G1 X112.963 Y170.728 E.21105
G1 X113.525 Y170.728 E.01856
G1 X117.988 Y166.265 E.20839
G1 X118.542 Y166.272 E.01829
G1 X114.086 Y170.728 E.20807
G1 X114.648 Y170.728 E.01856
G1 X119.104 Y166.272 E.20807
G1 X119.665 Y166.272 E.01852
G1 X115.209 Y170.728 E.20807
G1 X115.771 Y170.728 E.01856
G1 X120.227 Y166.272 E.20807
G1 X120.788 Y166.272 E.01852
G1 X116.332 Y170.728 E.20807
G1 X116.894 Y170.728 E.01856
G1 X121.35 Y166.272 E.20807
G1 X121.911 Y166.272 E.01852
G1 X117.456 Y170.728 E.20804
G1 X118.017 Y170.728 E.01852
G1 X122.473 Y166.272 E.20807
G1 X123.034 Y166.272 E.01852
G1 X118.579 Y170.728 E.20804
G1 X119.14 Y170.728 E.01852
G1 X123.596 Y166.272 E.20807
G1 X124.158 Y166.272 E.01856
G1 X119.673 Y170.756 E.2094
G1 X120.17 Y170.822 E.01655
G1 X124.719 Y166.272 E.21243
G1 X125.232 Y166.32 E.01701
G1 X120.578 Y170.975 E.21733
G1 X120.975 Y171.139 E.01418
G1 X125.647 Y166.467 E.21815
G1 X125.984 Y166.692 E.01338
G1 X121.301 Y171.375 E.21867
G1 X121.619 Y171.619 E.01323
G1 X126.254 Y166.983 E.21645
G1 X126.456 Y167.343 E.01363
G1 X121.881 Y171.918 E.21362
G1 X122.124 Y172.236 E.01321
G1 X126.571 Y167.789 E.20765
G1 X126.603 Y168.319 E.01753
G1 X122.319 Y172.603 E.20003
G1 X122.484 Y173 E.01419
G1 X126.603 Y168.881 E.19233
G1 X126.603 Y169.442 E.01852
G1 X125.007 Y171.038 E.07452
G1 X124.726 Y171.246 E.01154
;WIDTH:0.38292
G1 X124.541 Y171.384 E.00652
G1 X123.988 Y171.908 E.02154
G1 X123.614 Y172.357 E.01652
;WIDTH:0.41146
G1 X123.511 Y172.498 E.00535
;WIDTH:0.439999
G1 X123.407 Y172.638 E.00576
G1 X122.587 Y173.458 E.03829
G1 X122.647 Y173.96 E.01669
G1 X123.161 Y173.446 E.024
G1 X123.249 Y173.321 E.00505
;WIDTH:0.41146
G1 X123.337 Y173.195 E.00471
;WIDTH:0.38292
G1 X123.296 Y173.206 E.0012
G1 X123.277 Y173.135 E.00208
G1 X123.348 Y173.154 E.00208
G1 X123.103 Y174.066 F9000
;WIDTH:0.439999
G1 F2400
G1 X122.673 Y174.495 E.02005
G1 X123.088 Y174.66 E.01475
;WIDTH:0.466078
G1 X122.774 Y174.962 E.01533
G1 X122.663 Y174.946 E.00395
G1 X122.665 Y176.499 E.05464
;WIDTH:0.46243
G1 X122.666 Y176.708 E.00729
G1 X123.084 Y176.708 E.01458
G1 X123.085 Y176.499 E.00729
;WIDTH:0.466078
G1 X123.087 Y174.859 E.0577
G1 E-1.4 F2700
;WIPE_START
G1 F7200
G1 X123.085 Y176.499 E-.58425
;WIPE_END
G1 E-.01575 F2700
G1 X125.577 Y170.968 F9000
G1 E2 F2400
;WIDTH:0.38292
G1 X125.536 Y170.979 E.0012
G1 X125.517 Y170.908 E.00208
G1 X125.588 Y170.927 E.00208
;WIDTH:0.41146
G1 X125.708 Y170.853 E.00432
;WIDTH:0.439999
G1 X125.828 Y170.779 E.00465
G1 X126.596 Y170.011 E.03586
EXCLUDE_OBJECT_END NAME=Trigger1_holder_stl
;LAYER_CHANGE
;Z:1
;HEIGHT:0.2
;BEFORE_LAYER_CHANGE
G92 E0
;1


G1 E-1.4 F2700
;WIPE_START
G1 F7200
G1 X125.828 Y170.779 E-.38693
G1 X125.708 Y170.853 E-.05022
;WIPE_END
G1 E-.16285 F2700
G1 Z1 F9000
;AFTER_LAYER_CHANGE
;1
EXCLUDE_OBJECT_START NAME=Trigger1_holder_stl
G1 X106.119 Y54.994
G1 E2 F2400
;TYPE:Perimeter
;WIDTH:0.44
G1 F3600
G1 X108.833 Y54.994 E.08961
G1 X108.833 Y53.994 E.03302
G1 X111.328 Y53.994 E.08238
G1 X111.328 Y54.994 E.03302
G1 X114.131 Y54.994 E.09255
G1 X114.131 Y71.006 E.52867
G1 X112.131 Y71.006 E.06603
G1 X112.131 Y90.994 E.65995
G1 X114.131 Y90.994 E.06603
G1 X114.131 Y133.006 E1.38712
G1 X112.131 Y133.006 E.06603
G1 X112.131 Y152.994 E.65995
G1 X114.131 Y152.994 E.06603
G1 X114.131 Y162.056 E.2992
G1 X114.225 Y162.89 E.02771
G1 X114.521 Y163.736 E.02959
G1 X114.997 Y164.494 E.02955
G1 X115.631 Y165.128 E.0296
G1 X116.389 Y165.604 E.02955
G1 X117.235 Y165.9 E.02959
G1 X118.069 Y165.994 E.02771
G1 X124.819 Y165.994 E.22287
G1 X125.32 Y166.051 E.01665
G1 X125.743 Y166.198 E.01479
G1 X126.122 Y166.437 E.01479
G1 X126.438 Y166.753 E.01476
G1 X126.677 Y167.132 E.01479
G1 X126.824 Y167.555 E.01479
G1 X126.881 Y168.056 E.01665
G1 X126.881 Y169.971 E.06323
G1 X126.845 Y170.27 E.00994
G1 X126.76 Y170.494 E.00791
G1 X126.624 Y170.692 E.00793
G1 X126.445 Y170.851 E.00791
G1 X126.233 Y170.964 E.00793
G1 X125.3 Y171.198 E.03176
G1 X124.663 Y171.535 E.02379
G1 X124.124 Y172.015 E.02383
G1 X123.715 Y172.609 E.02381
G1 X123.46 Y173.284 E.02382
G1 X123.381 Y173.94 E.02182
G1 X123.381 Y176.935 E.09889
G1 X123.373 Y176.998 E.0021
G1 X123.31 Y177.006 E.0021
G1 X122.377 Y176.998 E.03081
G1 X122.369 Y173.935 E.10113
G1 X122.275 Y173.223 E.02371
G1 X121.975 Y172.499 E.02588
G1 X121.498 Y171.877 E.02588
G1 X120.876 Y171.4 E.02588
G1 X120.152 Y171.1 E.02588
G1 X119.44 Y171.006 E.02371
G1 X108.181 Y171.006 E.37174
G1 X107.68 Y170.949 E.01665
G1 X107.257 Y170.802 E.01479
G1 X106.878 Y170.563 E.01479
G1 X106.562 Y170.247 E.01476
G1 X106.323 Y169.868 E.01479
G1 X106.176 Y169.445 E.01479
G1 X106.119 Y168.944 E.01665
G1 X106.119 Y152.994 E.52663
G1 X108.119 Y152.994 E.06603
G1 X108.119 Y133.006 E.65995
G1 X106.119 Y133.006 E.06603
G1 X106.119 Y90.994 E1.38712
G1 X108.119 Y90.994 E.06603
G1 X108.119 Y71.006 E.65995
G1 X106.119 Y71.006 E.06603
G1 X106.119 Y55.054 E.52669
G1 E-1.4 F2700
;WIPE_START
G1 F7200
G1 X106.119 Y54.994 E-.02138
G1 X107.743 Y54.994 E-.57862
;WIPE_END
G1 X114.58 Y53.994 F9000
G1 E2 F2400
G1 F1800
G1 X115.131 Y54.006 E.0182
G1 X114.64 Y53.995 E.01622
G1 E-1.4 F2700
;WIPE_START
G1 F7200
G1 X114.58 Y53.994 E-.02138
G1 X115.131 Y54.006 E-.19634
G1 X114.64 Y53.995 E-.17496
;WIPE_END
G1 E-.20732 F2700
G1 X106.064 Y54.006 F9000
G1 E2 F2400
G1 F1800
G1 X104.119 Y53.994 E.06422
G1 X106.004 Y54.005 E.06224
G1 X106.461 Y54.21 F9000
G1 F3600
G1 X106.461 Y54.597 E.01278
G1 X108.436 Y54.597 E.06521
G1 X108.436 Y53.597 E.03302
G1 X111.725 Y53.597 E.10859
G1 X111.725 Y54.597 E.03302
G1 X114.183 Y54.597 E.08116
G1 X114.183 Y53.597 E.03302
G1 X115.528 Y53.597 E.04441
G1 X115.528 Y54.403 E.02661
G1 X114.528 Y54.403 E.03302
G1 X114.528 Y71.403 E.56129
G1 X112.528 Y71.403 E.06603
G1 X112.528 Y90.597 E.63373
G1 X114.528 Y90.597 E.06603
G1 X114.528 Y133.403 E1.41334
G1 X112.528 Y133.403 E.06603
G1 X112.528 Y152.597 E.63373
G1 X114.528 Y152.597 E.06603
G1 X114.528 Y162.034 E.31158
G1 X114.614 Y162.801 E.02548
G1 X114.881 Y163.562 E.02663
G1 X115.31 Y164.245 E.02663
G1 X115.88 Y164.815 E.02662
G1 X116.563 Y165.244 E.02663
G1 X117.324 Y165.511 E.02663
G1 X118.091 Y165.597 E.02548
G1 X124.841 Y165.597 E.22287
G1 X125.409 Y165.661 E.01887
G1 X125.916 Y165.838 E.01773
G1 X126.371 Y166.124 E.01774
G1 X126.751 Y166.504 E.01774
G1 X127.037 Y166.959 E.01774
G1 X127.214 Y167.466 E.01773
G1 X127.278 Y168.034 E.01887
G1 X127.278 Y169.995 E.06475
G1 X127.233 Y170.365 E.01231
G1 X127.114 Y170.679 E.01109
G1 X126.924 Y170.956 E.01109
G1 X126.673 Y171.18 E.01111
G1 X126.376 Y171.337 E.01109
G1 X125.443 Y171.571 E.03176
G1 X124.891 Y171.864 E.02063
G1 X124.424 Y172.279 E.02063
G1 X124.07 Y172.795 E.02066
G1 X123.849 Y173.379 E.02062
G1 X123.778 Y173.964 E.01946
G1 X123.778 Y176.961 E.09895
G1 X123.759 Y177.103 E.00473
G1 X123.719 Y177.199 E.00343
G1 X123.656 Y177.281 E.00341
G1 X123.574 Y177.344 E.00341
G1 X123.478 Y177.384 E.00343
G1 X123.336 Y177.403 E.00473
G1 X122.414 Y177.403 E.03044
G1 X122.272 Y177.384 E.00473
G1 X122.176 Y177.344 E.00343
G1 X122.094 Y177.281 E.00341
G1 X122.031 Y177.199 E.00341
G1 X121.991 Y177.103 E.00343
G1 X121.972 Y176.961 E.00473
G1 X121.972 Y173.961 E.09905
G1 X121.889 Y173.326 E.02114
G1 X121.629 Y172.699 E.02241
G1 X121.215 Y172.16 E.02244
G1 X120.676 Y171.746 E.02244
G1 X120.049 Y171.486 E.02241
G1 X119.414 Y171.403 E.02114
G1 X108.159 Y171.403 E.37161
G1 X107.591 Y171.339 E.01887
G1 X107.084 Y171.162 E.01773
G1 X106.629 Y170.876 E.01774
G1 X106.249 Y170.496 E.01774
G1 X105.963 Y170.041 E.01774
G1 X105.786 Y169.534 E.01773
G1 X105.722 Y168.966 E.01887
G1 X105.722 Y152.597 E.54046
G1 X107.722 Y152.597 E.06603
G1 X107.722 Y133.403 E.63373
G1 X105.722 Y133.403 E.06603
G1 X105.722 Y90.597 E1.41334
G1 X107.722 Y90.597 E.06603
G1 X107.722 Y71.403 E.63373
G1 X105.722 Y71.403 E.06603
G1 X105.722 Y54.403 E.56129
G1 X103.722 Y54.403 E.06603
G1 X103.722 Y53.597 E.02661
G1 X106.461 Y53.597 E.09043
G1 X106.461 Y54.15 E.01826
G1 X106.848 Y54.21 F9000
;TYPE:External perimeter
;WIDTH:0.42
G1 F1800
G1 X108.049 Y54.21 E.03766
G1 X108.049 Y53.21 E.03135
G1 X112.112 Y53.21 E.12739
G1 X112.112 Y54.21 E.03135
G1 X113.795 Y54.21 E.05277
G1 X113.795 Y53.21 E.03135
G1 X115.915 Y53.21 E.06647
G1 X115.915 Y54.79 E.04954
G1 X114.915 Y54.79 E.03135
G1 X114.915 Y71.79 E.53302
G1 X112.915 Y71.79 E.06271
G1 X112.915 Y90.21 E.57755
G1 X114.915 Y90.21 E.06271
G1 X114.915 Y133.79 E1.36642
G1 X112.915 Y133.79 E.06271
G1 X112.915 Y152.21 E.57755
G1 X114.915 Y152.21 E.06271
G1 X114.915 Y162.012 E.30733
G1 X114.994 Y162.715 E.02218
G1 X115.232 Y163.393 E.02253
G1 X115.614 Y164.002 E.02254
G1 X116.123 Y164.511 E.02257
G1 X116.732 Y164.893 E.02254
G1 X117.41 Y165.131 E.02253
G1 X118.113 Y165.21 E.02218
G1 X124.863 Y165.21 E.21164
G1 X125.496 Y165.281 E.01997
G1 X126.085 Y165.487 E.01956
G1 X126.614 Y165.82 E.0196
G1 X127.055 Y166.261 E.01955
G1 X127.388 Y166.79 E.0196
G1 X127.594 Y167.379 E.01956
G1 X127.665 Y168.012 E.01997
G1 X127.665 Y170.019 E.06293
G1 X127.612 Y170.458 E.01386
G1 X127.46 Y170.86 E.01348
G1 X127.216 Y171.214 E.01348
G1 X126.895 Y171.5 E.01348
G1 X126.515 Y171.701 E.01348
G1 X125.583 Y171.935 E.03013
G1 X125.113 Y172.184 E.01668
G1 X124.716 Y172.537 E.01666
G1 X124.415 Y172.975 E.01666
G1 X124.227 Y173.472 E.01666
G1 X124.165 Y173.987 E.01626
G1 X124.165 Y176.986 E.09403
G1 X124.136 Y177.204 E.0069
G1 X124.058 Y177.394 E.00644
G1 X123.932 Y177.557 E.00646
G1 X123.769 Y177.683 E.00646
G1 X123.579 Y177.761 E.00644
G1 X123.361 Y177.79 E.0069
G1 X122.389 Y177.79 E.03048
G1 X122.171 Y177.761 E.0069
G1 X121.981 Y177.683 E.00644
G1 X121.818 Y177.557 E.00646
G1 X121.692 Y177.394 E.00646
G1 X121.614 Y177.204 E.00644
G1 X121.585 Y176.986 E.0069
G1 X121.585 Y173.986 E.09406
G1 X121.511 Y173.428 E.01765
G1 X121.29 Y172.894 E.01812
G1 X120.939 Y172.436 E.01809
G1 X120.481 Y172.085 E.01809
G1 X119.947 Y171.864 E.01812
G1 X119.389 Y171.79 E.01765
G1 X108.137 Y171.79 E.3528
G1 X107.504 Y171.719 E.01997
G1 X106.915 Y171.513 E.01956
G1 X106.386 Y171.18 E.0196
G1 X105.945 Y170.739 E.01955
G1 X105.612 Y170.21 E.0196
G1 X105.406 Y169.621 E.01956
G1 X105.335 Y168.988 E.01997
G1 X105.335 Y152.21 E.52606
G1 X107.335 Y152.21 E.06271
G1 X107.335 Y133.79 E.57755
G1 X105.335 Y133.79 E.06271
G1 X105.335 Y90.21 E1.36642
G1 X107.335 Y90.21 E.06271
G1 X107.335 Y71.79 E.57755
G1 X105.335 Y71.79 E.06271
G1 X105.335 Y54.79 E.53302
G1 X103.335 Y54.79 E.06271
G1 X103.335 Y53.21 E.04954
G1 X106.848 Y53.21 E.11015
G1 X106.848 Y54.15 E.02947
G1 E-1.4 F2700
;WIPE_START
G1 F7200
G1 X106.848 Y54.21 E-.02138
G1 X108.049 Y54.21 E-.42786
G1 X108.049 Y53.787 E-.15076
;WIPE_END
G1 X111.229 Y54.781 F9000
G1 E2 F2400
;TYPE:Internal infill
;WIDTH:0.44
G1 F4800
G1 X110.72 Y54.272 E.02377
G1 X110.158 Y54.272 E.01856
G1 X113.853 Y57.967 E.17253
G1 X113.853 Y57.405 E.01856
G1 X111.72 Y55.272 E.0996
G1 X112.282 Y55.272 E.01856
G1 X113.853 Y56.843 E.07336
G1 X113.853 Y56.281 E.01856
G1 X112.845 Y55.272 E.04709
G1 X113.407 Y55.272 E.01856
G1 X114.032 Y55.897 E.02918
G1 E-1.4 F2700
;WIPE_START
G1 F7200
G1 X113.407 Y55.272 E-.31488
G1 X112.845 Y55.272 E-.20021
G1 X113.013 Y55.441 E-.08491
;WIPE_END
G1 X114.032 Y58.708 F9000
G1 E2 F2400
G1 F4800
G1 X109.596 Y54.272 E.20713
G1 X109.111 Y54.272 E.01601
G1 X109.111 Y54.35 E.00258
G1 X113.853 Y59.091 E.2214
G1 X113.853 Y59.653 E.01856
G1 X109.111 Y54.912 E.2214
G1 X109.111 Y55.272 E.01189
G1 X108.909 Y55.272 E.00667
G1 X113.853 Y60.216 E.23085
G1 X113.853 Y60.778 E.01856
G1 X108.347 Y55.272 E.25709
G1 X107.785 Y55.272 E.01856
G1 X113.853 Y61.34 E.28334
G1 X113.853 Y61.902 E.01856
G1 X107.223 Y55.272 E.30958
G1 X106.661 Y55.272 E.01856
G1 X113.853 Y62.464 E.33582
G1 X113.853 Y63.026 E.01856
G1 X106.397 Y55.571 E.34812
G1 X106.397 Y56.133 E.01856
G1 X113.853 Y63.589 E.34815
G1 X113.853 Y64.151 E.01856
G1 X106.397 Y56.695 E.34815
G1 X106.397 Y57.257 E.01856
G1 X113.853 Y64.713 E.34815
G1 X113.853 Y65.275 E.01856
G1 X106.397 Y57.819 E.34815
G1 X106.397 Y58.381 E.01856
G1 X113.853 Y65.837 E.34815
G1 X113.853 Y66.399 E.01856
G1 X106.397 Y58.944 E.34812
G1 X106.397 Y59.506 E.01856
G1 X113.853 Y66.962 E.34815
G1 X113.853 Y67.524 E.01856
G1 X106.397 Y60.068 E.34815
G1 X106.397 Y60.63 E.01856
G1 X113.853 Y68.086 E.34815
G1 X113.853 Y68.648 E.01856
G1 X106.397 Y61.192 E.34815
G1 X106.397 Y61.754 E.01856
G1 X113.853 Y69.21 E.34815
G1 X113.853 Y69.772 E.01856
G1 X106.397 Y62.317 E.34812
G1 X106.397 Y62.879 E.01856
G1 X113.853 Y70.334 E.34812
G1 X113.853 Y70.728 E.01301
G1 X113.684 Y70.728 E.00558
G1 X106.397 Y63.441 E.34026
G1 X106.397 Y64.003 E.01856
G1 X113.122 Y70.728 E.31401
G1 X112.56 Y70.728 E.01856
G1 X106.397 Y64.565 E.28777
G1 X106.397 Y65.127 E.01856
G1 X111.998 Y70.728 E.26153
G1 X111.853 Y70.728 E.00479
G1 X111.853 Y71.145 E.01377
G1 X106.397 Y65.689 E.25476
G1 X106.397 Y66.252 E.01859
G1 X111.853 Y71.707 E.25474
G1 X111.853 Y72.27 E.01859
G1 X106.397 Y66.814 E.25476
G1 X106.397 Y67.376 E.01856
G1 X111.853 Y72.832 E.25476
G1 X111.853 Y73.394 E.01856
G1 X106.397 Y67.938 E.25476
G1 X106.397 Y68.5 E.01856
G1 X111.853 Y73.956 E.25476
G1 X111.853 Y74.518 E.01856
G1 X106.397 Y69.062 E.25476
G1 X106.397 Y69.625 E.01859
G1 X107.5 Y70.728 E.0515
G1 X106.938 Y70.728 E.01856
G1 X106.218 Y70.008 E.03362
G1 E-1.4 F2700
;WIPE_START
G1 F7200
G1 X106.938 Y70.728 E-.36275
G1 X107.5 Y70.728 E-.20021
G1 X107.426 Y70.654 E-.03704
;WIPE_END
G1 X112.032 Y75.259 F9000
G1 E2 F2400
G1 F4800
G1 X108.397 Y71.625 E.16971
G1 X108.397 Y72.187 E.01856
G1 X111.853 Y75.643 E.16137
G1 X111.853 Y76.205 E.01856
G1 X108.397 Y72.749 E.16137
G1 X108.397 Y73.311 E.01856
G1 X111.853 Y76.767 E.16137
G1 X111.853 Y77.329 E.01856
G1 X108.397 Y73.873 E.16137
G1 X108.397 Y74.435 E.01856
G1 X111.853 Y77.891 E.16137
G1 X111.853 Y78.453 E.01856
G1 X108.397 Y74.998 E.16135
G1 X108.397 Y75.56 E.01856
G1 X111.853 Y79.015 E.16135
G1 X111.853 Y79.578 E.01859
G1 X108.397 Y76.122 E.16137
G1 X108.397 Y76.684 E.01856
G1 X111.853 Y80.14 E.16137
G1 X111.853 Y80.702 E.01856
G1 X108.397 Y77.246 E.16137
G1 X108.397 Y77.808 E.01856
G1 X111.853 Y81.264 E.16137
G1 X111.853 Y81.826 E.01856
G1 X108.397 Y78.37 E.16137
G1 X108.397 Y78.933 E.01859
G1 X111.853 Y82.388 E.16135
G1 X111.853 Y82.951 E.01859
G1 X108.397 Y79.495 E.16137
G1 X108.397 Y80.057 E.01856
G1 X111.853 Y83.513 E.16137
G1 X111.853 Y84.075 E.01856
G1 X108.397 Y80.619 E.16137
G1 X108.397 Y81.181 E.01856
G1 X111.853 Y84.637 E.16137
G1 X111.853 Y85.199 E.01856
G1 X108.397 Y81.743 E.16137
G1 X108.397 Y82.306 E.01859
G1 X111.853 Y85.761 E.16135
G1 X111.853 Y86.324 E.01859
G1 X108.397 Y82.868 E.16137
G1 X108.397 Y83.43 E.01856
G1 X111.853 Y86.886 E.16137
G1 X111.853 Y87.448 E.01856
G1 X108.397 Y83.992 E.16137
G1 X108.397 Y84.554 E.01856
G1 X111.853 Y88.01 E.16137
G1 X111.853 Y88.572 E.01856
G1 X108.397 Y85.116 E.16137
G1 X108.397 Y85.679 E.01859
G1 X111.853 Y89.134 E.16135
G1 X111.853 Y89.696 E.01856
G1 X108.397 Y86.241 E.16135
G1 X108.397 Y86.803 E.01856
G1 X111.853 Y90.259 E.16137
G1 X111.853 Y90.821 E.01856
G1 X108.397 Y87.365 E.16137
G1 X108.397 Y87.927 E.01856
G1 X113.853 Y93.383 E.25476
G1 X113.853 Y92.821 E.01856
G1 X112.304 Y91.272 E.07233
G1 X112.866 Y91.272 E.01856
G1 X113.853 Y92.259 E.04609
G1 X113.853 Y91.696 E.01859
G1 X113.25 Y91.093 E.02816
G1 E-1.4 F2700
;WIPE_START
G1 F7200
G1 X113.853 Y91.696 E-.3038
G1 X113.853 Y92.259 E-.20057
G1 X113.663 Y92.069 E-.09563
;WIPE_END
G1 X114.032 Y94.124 F9000
G1 E2 F2400
G1 F4800
G1 X108.397 Y88.489 E.26312
G1 X108.397 Y89.051 E.01856
G1 X113.853 Y94.507 E.25476
G1 X113.853 Y95.069 E.01856
G1 X108.397 Y89.614 E.25474
G1 X108.397 Y90.176 E.01856
G1 X113.853 Y95.632 E.25476
G1 X113.853 Y96.194 E.01856
G1 X108.397 Y90.738 E.25476
G1 X108.369 Y91.272 E.01766
G1 X113.853 Y96.756 E.25607
G1 X113.853 Y97.318 E.01856
G1 X107.807 Y91.272 E.28231
G1 X107.245 Y91.272 E.01856
G1 X113.853 Y97.88 E.30855
G1 X113.853 Y98.442 E.01856
G1 X106.683 Y91.272 E.33479
G1 X106.397 Y91.272 E.00944
G1 X106.397 Y91.549 E.00915
G1 X113.853 Y99.005 E.34815
G1 X113.853 Y99.567 E.01856
G1 X106.397 Y92.111 E.34815
G1 X106.397 Y92.673 E.01856
G1 X113.853 Y100.129 E.34815
G1 X113.853 Y100.691 E.01856
G1 X106.397 Y93.235 E.34815
G1 X106.397 Y93.797 E.01856
G1 X113.853 Y101.253 E.34815
G1 X113.853 Y101.815 E.01856
G1 X106.397 Y94.36 E.34812
G1 X106.397 Y94.922 E.01856
G1 X113.853 Y102.377 E.34812
G1 X113.853 Y102.94 E.01859
G1 X106.397 Y95.484 E.34815
G1 X106.397 Y96.046 E.01856
G1 X113.853 Y103.502 E.34815
G1 X113.853 Y104.064 E.01856
G1 X106.397 Y96.608 E.34815
G1 X106.397 Y97.17 E.01856
G1 X113.853 Y104.626 E.34815
G1 X113.853 Y105.188 E.01856
G1 X106.397 Y97.733 E.34812
G1 X106.397 Y98.295 E.01856
G1 X113.853 Y105.75 E.34812
G1 X113.853 Y106.313 E.01859
G1 X106.397 Y98.857 E.34815
G1 X106.397 Y99.419 E.01856
G1 X113.853 Y106.875 E.34815
G1 X113.853 Y107.437 E.01856
G1 X106.397 Y99.981 E.34815
G1 X106.397 Y100.543 E.01856
G1 X113.853 Y107.999 E.34815
G1 X113.853 Y108.561 E.01856
G1 X106.397 Y101.105 E.34815
G1 X106.397 Y101.668 E.01859
G1 X113.853 Y109.123 E.34812
G1 X113.853 Y109.686 E.01859
G1 X106.397 Y102.23 E.34815
G1 X106.397 Y102.792 E.01856
G1 X113.853 Y110.248 E.34815
G1 X113.853 Y110.81 E.01856
G1 X106.397 Y103.354 E.34815
G1 X106.397 Y103.916 E.01856
G1 X113.853 Y111.372 E.34815
G1 X113.853 Y111.934 E.01856
G1 X106.397 Y104.478 E.34815
G1 X106.397 Y105.041 E.01859
G1 X113.853 Y112.496 E.34812
G1 X113.853 Y113.059 E.01859
G1 X106.397 Y105.603 E.34815
G1 X106.397 Y106.165 E.01856
G1 X113.853 Y113.621 E.34815
G1 X113.853 Y114.183 E.01856
G1 X106.397 Y106.727 E.34815
G1 X106.397 Y107.289 E.01856
G1 X113.853 Y114.745 E.34815
G1 X113.853 Y115.307 E.01856
G1 X106.397 Y107.851 E.34815
G1 X106.397 Y108.414 E.01859
G1 X113.853 Y115.869 E.34812
G1 X113.853 Y116.431 E.01856
G1 X106.397 Y108.976 E.34812
G1 X106.397 Y109.538 E.01856
G1 X113.853 Y116.994 E.34815
G1 X113.853 Y117.556 E.01856
G1 X106.397 Y110.1 E.34815
G1 X106.397 Y110.662 E.01856
G1 X113.853 Y118.118 E.34815
G1 X113.853 Y118.68 E.01856
G1 X106.397 Y111.224 E.34815
G1 X106.397 Y111.786 E.01856
G1 X113.853 Y119.242 E.34815
G1 X113.853 Y119.804 E.01856
G1 X106.397 Y112.349 E.34812
G1 X106.397 Y112.911 E.01856
G1 X113.853 Y120.367 E.34815
G1 X113.853 Y120.929 E.01856
G1 X106.397 Y113.473 E.34815
G1 X106.397 Y114.035 E.01856
G1 X113.853 Y121.491 E.34815
G1 X113.853 Y122.053 E.01856
G1 X106.397 Y114.597 E.34815
G1 X106.397 Y115.159 E.01856
G1 X113.853 Y122.615 E.34815
G1 X113.853 Y123.177 E.01856
G1 X106.397 Y115.722 E.34812
G1 X106.397 Y116.284 E.01856
G1 X113.853 Y123.74 E.34815
G1 X113.853 Y124.302 E.01856
G1 X106.397 Y116.846 E.34815
G1 X106.397 Y117.408 E.01856
G1 X113.853 Y124.864 E.34815
G1 X113.853 Y125.426 E.01856
G1 X106.397 Y117.97 E.34815
G1 X106.397 Y118.532 E.01856
G1 X113.853 Y125.988 E.34815
G1 X113.853 Y126.55 E.01856
G1 X106.397 Y119.095 E.34812
G1 X106.397 Y119.657 E.01856
G1 X113.853 Y127.112 E.34812
G1 X113.853 Y127.675 E.01859
G1 X106.397 Y120.219 E.34815
G1 X106.397 Y120.781 E.01856
G1 X113.853 Y128.237 E.34815
G1 X113.853 Y128.799 E.01856
G1 X106.397 Y121.343 E.34815
G1 X106.397 Y121.905 E.01856
G1 X113.853 Y129.361 E.34815
G1 X113.853 Y129.923 E.01856
G1 X106.397 Y122.467 E.34815
G1 X106.397 Y123.03 E.01859
G1 X113.853 Y130.485 E.34812
G1 X113.853 Y131.048 E.01859
G1 X106.397 Y123.592 E.34815
G1 X106.397 Y124.154 E.01856
G1 X113.853 Y131.61 E.34815
G1 X113.853 Y132.172 E.01856
G1 X106.397 Y124.716 E.34815
G1 X106.397 Y125.278 E.01856
G1 X113.847 Y132.728 E.34787
G1 X113.285 Y132.728 E.01856
G1 X106.397 Y125.84 E.32162
G1 X106.397 Y126.403 E.01859
G1 X112.722 Y132.728 E.29534
G1 X112.16 Y132.728 E.01856
G1 X106.397 Y126.965 E.26909
G1 X106.397 Y127.527 E.01856
G1 X111.853 Y132.983 E.25476
G1 X111.853 Y133.545 E.01856
G1 X106.397 Y128.089 E.25476
G1 X106.397 Y128.651 E.01856
G1 X111.853 Y134.107 E.25476
G1 X111.853 Y134.669 E.01856
G1 X106.397 Y129.213 E.25476
G1 X106.397 Y129.776 E.01859
G1 X111.853 Y135.231 E.25474
G1 X111.853 Y135.793 E.01856
G1 X106.397 Y130.338 E.25474
G1 X106.397 Y130.9 E.01856
G1 X111.853 Y136.356 E.25476
G1 X111.853 Y136.918 E.01856
G1 X108.397 Y133.462 E.16137
G1 X108.397 Y134.024 E.01856
G1 X111.853 Y137.48 E.16137
G1 X111.853 Y138.042 E.01856
G1 X108.397 Y134.586 E.16137
G1 X108.397 Y135.148 E.01856
G1 X111.853 Y138.604 E.16137
G1 X111.853 Y139.166 E.01856
G1 X108.397 Y135.711 E.16135
G1 X108.397 Y136.273 E.01856
G1 X111.853 Y139.729 E.16137
G1 X111.853 Y140.291 E.01856
G1 X108.397 Y136.835 E.16137
G1 X108.397 Y137.397 E.01856
G1 X111.853 Y140.853 E.16137
G1 X111.853 Y141.415 E.01856
G1 X108.397 Y137.959 E.16137
G1 X108.397 Y138.521 E.01856
G1 X111.853 Y141.977 E.16137
G1 X111.853 Y142.539 E.01856
G1 X108.397 Y139.084 E.16135
G1 X108.397 Y139.646 E.01856
G1 X111.853 Y143.102 E.16137
G1 X111.853 Y143.664 E.01856
G1 X108.397 Y140.208 E.16137
G1 X108.397 Y140.77 E.01856
G1 X111.853 Y144.226 E.16137
G1 X111.853 Y144.788 E.01856
G1 X108.397 Y141.332 E.16137
G1 X108.397 Y141.894 E.01856
G1 X111.853 Y145.35 E.16137
G1 X111.853 Y145.912 E.01856
G1 X108.397 Y142.457 E.16135
G1 X108.397 Y143.019 E.01856
G1 X111.853 Y146.474 E.16135
G1 X111.853 Y147.037 E.01859
G1 X108.397 Y143.581 E.16137
G1 X108.397 Y144.143 E.01856
G1 X111.853 Y147.599 E.16137
G1 X111.853 Y148.161 E.01856
G1 X108.397 Y144.705 E.16137
G1 X108.397 Y145.267 E.01856
G1 X111.853 Y148.723 E.16137
G1 X111.853 Y149.285 E.01856
G1 X108.397 Y145.829 E.16137
G1 X108.397 Y146.392 E.01859
G1 X111.853 Y149.847 E.16135
G1 X111.853 Y150.41 E.01859
G1 X108.397 Y146.954 E.16137
G1 X108.397 Y147.516 E.01856
G1 X111.853 Y150.972 E.16137
G1 X111.853 Y151.534 E.01856
G1 X108.397 Y148.078 E.16137
G1 X108.397 Y148.64 E.01856
G1 X111.853 Y152.096 E.16137
G1 X111.853 Y152.658 E.01856
G1 X108.397 Y149.202 E.16137
G1 X108.397 Y149.765 E.01859
G1 X113.853 Y155.22 E.25474
G1 X113.853 Y154.658 E.01856
G1 X112.467 Y153.272 E.06472
G1 X113.029 Y153.272 E.01856
G1 X113.853 Y154.096 E.03848
G1 X113.853 Y153.534 E.01856
G1 X113.412 Y153.093 E.02059
G1 E-1.4 F2700
;WIPE_START
G1 F7200
G1 X113.853 Y153.534 E-.22218
G1 X113.853 Y154.096 E-.20021
G1 X113.5 Y153.744 E-.17761
;WIPE_END
G1 X108.218 Y150.148 F9000
G1 E2 F2400
G1 F4800
G1 X113.853 Y155.783 E.26312
G1 X113.853 Y156.345 E.01856
G1 X108.397 Y150.889 E.25476
G1 X108.397 Y151.451 E.01856
G1 X113.853 Y156.907 E.25476
G1 X113.853 Y157.469 E.01856
G1 X108.397 Y152.013 E.25476
G1 X108.397 Y152.575 E.01856
G1 X113.853 Y158.031 E.25476
G1 X113.853 Y158.593 E.01856
G1 X108.397 Y153.138 E.25474
G1 X108.397 Y153.272 E.00442
G1 X107.97 Y153.272 E.0141
G1 X113.853 Y159.155 E.2747
G1 X113.853 Y159.718 E.01859
G1 X107.407 Y153.272 E.30099
G1 X106.845 Y153.272 E.01856
G1 X113.853 Y160.28 E.32723
G1 X113.853 Y160.842 E.01856
G1 X106.397 Y153.386 E.34815
G1 X106.397 Y153.948 E.01856
G1 X113.853 Y161.404 E.34815
G1 X113.853 Y161.966 E.01856
G1 X106.397 Y154.511 E.34812
G1 X106.397 Y155.073 E.01856
G1 X113.911 Y162.586 E.35083
G1 X113.952 Y162.952 E.01216
G1 X114.08 Y163.318 E.0128
G1 X106.397 Y155.635 E.35875
G1 X106.397 Y156.197 E.01856
G1 X123.251 Y173.051 E.78697
G1 X123.405 Y172.643 E.0144
G1 X116.807 Y166.045 E.30808
G1 X117.173 Y166.173 E.0128
G1 X117.539 Y166.214 E.01216
G1 X123.604 Y172.28 E.28322
G1 X123.833 Y171.947 E.01334
G1 X118.159 Y166.272 E.26496
G1 X118.721 Y166.272 E.01856
G1 X124.107 Y171.658 E.25149
G1 X124.404 Y171.393 E.01314
G1 X119.283 Y166.272 E.23912
G1 X119.845 Y166.272 E.01856
G1 X124.748 Y171.175 E.22894
G1 X125.116 Y170.981 E.01374
G1 X120.407 Y166.272 E.21988
G1 X120.97 Y166.272 E.01859
G1 X125.547 Y170.849 E.21372
G1 X125.996 Y170.737 E.01528
G1 X121.532 Y166.272 E.20846
G1 X122.094 Y166.272 E.01856
G1 X126.369 Y170.547 E.19961
G1 X126.574 Y170.19 E.01359
G1 X122.656 Y166.272 E.18295
G1 X123.218 Y166.272 E.01856
G1 X126.603 Y169.657 E.15806
G1 X126.603 Y169.095 E.01856
G1 X123.78 Y166.272 E.13182
G1 X124.342 Y166.272 E.01856
G1 X126.603 Y168.533 E.10557
G1 X126.59 Y167.958 E.01899
G1 X124.917 Y166.285 E.07812
G1 X125.258 Y166.323 E.01133
G1 X125.686 Y166.491 E.01518
G1 X126.703 Y167.508 E.04749
G1 E-1.4 F2700
;WIPE_START
G1 F7200
G1 X125.686 Y166.491 E-.51238
G1 X125.457 Y166.401 E-.08762
;WIPE_END
G1 X122.475 Y176.21 F9000
G1 E2 F2400
G1 F4800
G1 X122.99 Y176.725 E.02405
G1 X123.103 Y176.726 E.00373
G1 X123.103 Y176.276 E.01486
G1 X122.652 Y175.825 E.02106
G1 X122.651 Y175.261 E.01862
G1 X123.103 Y175.714 E.02113
G1 X123.103 Y175.151 E.01859
G1 X122.649 Y174.698 E.02118
G1 X122.648 Y174.134 E.01862
G1 X123.103 Y174.589 E.02125
G1 X123.103 Y174.027 E.01856
G1 X122.595 Y173.519 E.02372
G1 X122.546 Y173.15 E.01229
G1 X122.375 Y172.737 E.01476
G1 X123.313 Y173.675 E.0438
G1 E-1.4 F2700
;WIPE_START
G1 F7200
G1 X122.375 Y172.737 E-.47258
G1 X122.512 Y173.068 E-.12742
;WIPE_END
G1 X121.031 Y171.393 F9000
G1 E2 F2400
G1 F4800
G1 X106.397 Y156.759 E.68331
G1 X106.397 Y157.321 E.01856
G1 X119.856 Y170.78 E.62845
G1 X119.242 Y170.728 E.02035
G1 X106.397 Y157.883 E.59978
G1 X106.397 Y158.446 E.01859
G1 X118.679 Y170.728 E.57349
G1 X118.117 Y170.728 E.01856
G1 X106.397 Y159.008 E.54725
G1 X106.397 Y159.57 E.01856
G1 X117.555 Y170.728 E.52101
G1 X116.993 Y170.728 E.01856
G1 X106.397 Y160.132 E.49476
G1 X106.397 Y160.694 E.01856
G1 X116.431 Y170.728 E.46852
G1 X115.869 Y170.728 E.01856
G1 X106.397 Y161.256 E.44228
G1 X106.397 Y161.819 E.01859
G1 X115.306 Y170.728 E.41599
G1 X114.744 Y170.728 E.01856
G1 X106.397 Y162.381 E.38975
G1 X106.397 Y162.943 E.01856
G1 X114.182 Y170.728 E.36351
G1 X113.62 Y170.728 E.01856
G1 X106.397 Y163.505 E.33727
G1 X106.397 Y164.067 E.01856
G1 X113.058 Y170.728 E.31103
G1 X112.496 Y170.728 E.01856
G1 X106.397 Y164.629 E.28478
G1 X106.397 Y165.192 E.01859
G1 X111.933 Y170.728 E.2585
G1 X111.371 Y170.728 E.01856
G1 X106.397 Y165.754 E.23225
G1 X106.397 Y166.316 E.01856
G1 X110.809 Y170.728 E.20601
G1 X110.247 Y170.728 E.01856
G1 X106.397 Y166.878 E.17977
G1 X106.397 Y167.44 E.01856
G1 X109.685 Y170.728 E.15353
G1 X109.123 Y170.728 E.01856
G1 X106.397 Y168.002 E.12729
G1 X106.397 Y168.564 E.01856
G1 X108.561 Y170.728 E.10104
G1 X107.973 Y170.703 E.01943
G1 X106.422 Y169.152 E.07242
G1 X106.575 Y169.746 E.02025
G1 X106.78 Y170.072 E.01271
G1 X107.484 Y170.776 E.03287
G1 E-1.4 F2700
;WIPE_START
G1 F7200
G1 X106.78 Y170.072 E-.35468
G1 X106.575 Y169.746 E-.13719
G1 X106.499 Y169.452 E-.10813
;WIPE_END
G1 X107.842 Y132.907 F9000
G1 E2 F2400
G1 F4800
G1 X106.397 Y131.462 E.06747
G1 X106.397 Y132.024 E.01856
G1 X107.101 Y132.728 E.03287
G1 X106.539 Y132.728 E.01856
G1 X106.218 Y132.408 E.01497
EXCLUDE_OBJECT_END NAME=Trigger1_holder_stl
;LAYER_CHANGE
;Z:1.2
;HEIGHT:0.2
;BEFORE_LAYER_CHANGE
G92 E0
;1.2


G1 E-1.4 F2700
;WIPE_START
G1 F7200
G1 X106.539 Y132.728 E-.16147
G1 X107.101 Y132.728 E-.20021
G1 X106.628 Y132.255 E-.23832
;WIPE_END
G1 Z1.2 F9000
;AFTER_LAYER_CHANGE
;1.2
EXCLUDE_OBJECT_START NAME=Trigger1_holder_stl
G1 X108.119 Y133.006
G1 E2 F2400
;TYPE:Perimeter
G1 F3600
G1 X106.119 Y133.006 E.06603
G1 X106.119 Y90.994 E1.38712
G1 X108.119 Y90.994 E.06603
G1 X108.119 Y71.006 E.65995
G1 X106.119 Y71.006 E.06603
G1 X106.119 Y54.994 E.52867
G1 X109.333 Y54.994 E.10612
G1 X109.333 Y53.994 E.03302
G1 X111.328 Y53.994 E.06587
G1 X111.328 Y54.994 E.03302
G1 X114.131 Y54.994 E.09255
G1 X114.131 Y71.006 E.52867
G1 X112.131 Y71.006 E.06603
G1 X112.131 Y90.994 E.65995
G1 X114.131 Y90.994 E.06603
G1 X114.131 Y133.006 E1.38712
G1 X112.131 Y133.006 E.06603
G1 X112.131 Y152.994 E.65995
G1 X114.131 Y152.994 E.06603
G1 X114.131 Y162.056 E.2992
G1 X114.225 Y162.89 E.02771
G1 X114.521 Y163.736 E.02959
G1 X114.997 Y164.494 E.02955
G1 X115.631 Y165.128 E.0296
G1 X116.389 Y165.604 E.02955
G1 X117.235 Y165.9 E.02959
G1 X118.069 Y165.994 E.02771
G1 X124.819 Y165.994 E.22287
G1 X125.32 Y166.051 E.01665
G1 X125.743 Y166.198 E.01479
G1 X126.122 Y166.437 E.01479
G1 X126.438 Y166.753 E.01476
G1 X126.677 Y167.132 E.01479
G1 X126.824 Y167.555 E.01479
G1 X126.881 Y168.056 E.01665
G1 X126.881 Y169.971 E.06323
G1 X126.845 Y170.27 E.00994
G1 X126.76 Y170.494 E.00791
G1 X126.624 Y170.692 E.00793
G1 X126.445 Y170.851 E.00791
G1 X126.233 Y170.964 E.00793
G1 X125.3 Y171.198 E.03176
G1 X124.663 Y171.535 E.02379
G1 X124.124 Y172.015 E.02383
G1 X123.715 Y172.609 E.02381
G1 X123.46 Y173.284 E.02382
G1 X123.381 Y173.94 E.02182
G1 X123.381 Y176.935 E.09889
G1 X123.373 Y176.998 E.0021
G1 X123.31 Y177.006 E.0021
G1 X122.377 Y176.998 E.03081
G1 X122.369 Y173.935 E.10113
G1 X122.275 Y173.223 E.02371
G1 X121.975 Y172.499 E.02588
G1 X121.498 Y171.877 E.02588
G1 X120.876 Y171.4 E.02588
G1 X120.152 Y171.1 E.02588
G1 X119.44 Y171.006 E.02371
G1 X108.181 Y171.006 E.37174
G1 X107.68 Y170.949 E.01665
G1 X107.257 Y170.802 E.01479
G1 X106.878 Y170.563 E.01479
G1 X106.562 Y170.247 E.01476
G1 X106.323 Y169.868 E.01479
G1 X106.176 Y169.445 E.01479
G1 X106.119 Y168.944 E.01665
G1 X106.119 Y152.994 E.52663
G1 X108.119 Y152.994 E.06603
G1 X108.119 Y133.066 E.65797
G1 E-1.4 F2700
;WIPE_START
G1 F7200
G1 X108.119 Y133.006 E-.02138
G1 X106.495 Y133.006 E-.57862
;WIPE_END
G1 X115.131 Y54.006 F9000
G1 E2 F2400
G1 F1800
G1 X114.58 Y53.994 E.0182
G1 X115.071 Y54.005 E.01622
G1 E-1.4 F2700
;WIPE_START
G1 F7200
G1 X115.131 Y54.006 E-.02138
G1 X114.58 Y53.994 E-.19634
G1 X115.071 Y54.005 E-.17496
;WIPE_END
G1 E-.20732 F2700
G1 X105.958 Y54.006 F9000
G1 E2 F2400
G1 F1800
G1 X104.119 Y53.994 E.06072
G1 X105.898 Y54.005 E.05874
G1 E-1.4 F2700
;WIPE_START
G1 F7200
G1 X105.958 Y54.006 E-.02138
G1 X104.334 Y53.996 E-.57862
;WIPE_END
G1 X108.936 Y54.597 F9000
G1 E2 F2400
G1 F3600
G1 X108.936 Y53.597 E.03302
G1 X111.725 Y53.597 E.09209
G1 X111.725 Y54.597 E.03302
G1 X114.183 Y54.597 E.08116
G1 X114.183 Y53.597 E.03302
G1 X115.528 Y53.597 E.04441
G1 X115.528 Y54.403 E.02661
G1 X114.528 Y54.403 E.03302
G1 X114.528 Y71.403 E.56129
G1 X112.528 Y71.403 E.06603
G1 X112.528 Y90.597 E.63373
G1 X114.528 Y90.597 E.06603
G1 X114.528 Y133.403 E1.41334
G1 X112.528 Y133.403 E.06603
G1 X112.528 Y152.597 E.63373
G1 X114.528 Y152.597 E.06603
G1 X114.528 Y162.034 E.31158
G1 X114.614 Y162.801 E.02548
G1 X114.881 Y163.562 E.02663
G1 X115.31 Y164.245 E.02663
G1 X115.88 Y164.815 E.02662
G1 X116.563 Y165.244 E.02663
G1 X117.324 Y165.511 E.02663
G1 X118.091 Y165.597 E.02548
G1 X124.841 Y165.597 E.22287
G1 X125.409 Y165.661 E.01887
G1 X125.916 Y165.838 E.01773
G1 X126.371 Y166.124 E.01774
G1 X126.751 Y166.504 E.01774
G1 X127.037 Y166.959 E.01774
G1 X127.214 Y167.466 E.01773
G1 X127.278 Y168.034 E.01887
G1 X127.278 Y169.995 E.06475
G1 X127.233 Y170.365 E.01231
G1 X127.114 Y170.679 E.01109
G1 X126.924 Y170.956 E.01109
G1 X126.673 Y171.18 E.01111
G1 X126.376 Y171.337 E.01109
G1 X125.443 Y171.571 E.03176
G1 X124.891 Y171.864 E.02063
G1 X124.424 Y172.279 E.02063
G1 X124.07 Y172.795 E.02066
G1 X123.849 Y173.379 E.02062
G1 X123.778 Y173.964 E.01946
G1 X123.778 Y176.961 E.09895
G1 X123.759 Y177.103 E.00473
G1 X123.719 Y177.199 E.00343
G1 X123.656 Y177.281 E.00341
G1 X123.574 Y177.344 E.00341
G1 X123.478 Y177.384 E.00343
G1 X123.336 Y177.403 E.00473
G1 X122.414 Y177.403 E.03044
G1 X122.272 Y177.384 E.00473
G1 X122.176 Y177.344 E.00343
G1 X122.094 Y177.281 E.00341
G1 X122.031 Y177.199 E.00341
G1 X121.991 Y177.103 E.00343
G1 X121.972 Y176.961 E.00473
G1 X121.972 Y173.961 E.09905
G1 X121.889 Y173.326 E.02114
G1 X121.629 Y172.699 E.02241
G1 X121.215 Y172.16 E.02244
G1 X120.676 Y171.746 E.02244
G1 X120.049 Y171.486 E.02241
G1 X119.414 Y171.403 E.02114
G1 X108.159 Y171.403 E.37161
G1 X107.591 Y171.339 E.01887
G1 X107.084 Y171.162 E.01773
G1 X106.629 Y170.876 E.01774
G1 X106.249 Y170.496 E.01774
G1 X105.963 Y170.041 E.01774
G1 X105.786 Y169.534 E.01773
G1 X105.722 Y168.966 E.01887
G1 X105.722 Y152.597 E.54046
G1 X107.722 Y152.597 E.06603
G1 X107.722 Y133.403 E.63373
G1 X105.722 Y133.403 E.06603
G1 X105.722 Y90.597 E1.41334
G1 X107.722 Y90.597 E.06603
G1 X107.722 Y71.403 E.63373
G1 X105.722 Y71.403 E.06603
G1 X105.722 Y54.403 E.56129
G1 X103.722 Y54.403 E.06603
G1 X103.722 Y53.597 E.02661
G1 X106.355 Y53.597 E.08693
G1 X106.355 Y54.597 E.03302
G1 X108.876 Y54.597 E.08324
G1 X108.549 Y54.21 F9000
;TYPE:External perimeter
;WIDTH:0.42
G1 F1800
G1 X108.549 Y53.21 E.03135
G1 X112.112 Y53.21 E.11172
G1 X112.112 Y54.21 E.03135
G1 X113.795 Y54.21 E.05277
G1 X113.795 Y53.21 E.03135
G1 X115.915 Y53.21 E.06647
G1 X115.915 Y54.79 E.04954
G1 X114.915 Y54.79 E.03135
G1 X114.915 Y71.79 E.53302
G1 X112.915 Y71.79 E.06271
G1 X112.915 Y90.21 E.57755
G1 X114.915 Y90.21 E.06271
G1 X114.915 Y133.79 E1.36642
G1 X112.915 Y133.79 E.06271
G1 X112.915 Y152.21 E.57755
G1 X114.915 Y152.21 E.06271
G1 X114.915 Y162.012 E.30733
G1 X114.994 Y162.715 E.02218
G1 X115.232 Y163.393 E.02253
G1 X115.614 Y164.002 E.02254
G1 X116.123 Y164.511 E.02257
G1 X116.732 Y164.893 E.02254
G1 X117.41 Y165.131 E.02253
G1 X118.113 Y165.21 E.02218
G1 X124.863 Y165.21 E.21164
G1 X125.496 Y165.281 E.01997
G1 X126.085 Y165.487 E.01956
G1 X126.614 Y165.82 E.0196
G1 X127.055 Y166.261 E.01955
G1 X127.388 Y166.79 E.0196
G1 X127.594 Y167.379 E.01956
G1 X127.665 Y168.012 E.01997
G1 X127.665 Y170.019 E.06293
G1 X127.612 Y170.458 E.01386
G1 X127.46 Y170.86 E.01348
G1 X127.216 Y171.214 E.01348
G1 X126.895 Y171.5 E.01348
G1 X126.515 Y171.701 E.01348
G1 X125.583 Y171.935 E.03013
G1 X125.113 Y172.184 E.01668
G1 X124.716 Y172.537 E.01666
G1 X124.415 Y172.975 E.01666
G1 X124.227 Y173.472 E.01666
G1 X124.165 Y173.987 E.01626
G1 X124.165 Y176.986 E.09403
G1 X124.136 Y177.204 E.0069
G1 X124.058 Y177.394 E.00644
G1 X123.932 Y177.557 E.00646
G1 X123.769 Y177.683 E.00646
G1 X123.579 Y177.761 E.00644
G1 X123.361 Y177.79 E.0069
G1 X122.389 Y177.79 E.03048
G1 X122.171 Y177.761 E.0069
G1 X121.981 Y177.683 E.00644
G1 X121.818 Y177.557 E.00646
G1 X121.692 Y177.394 E.00646
G1 X121.614 Y177.204 E.00644
G1 X121.585 Y176.986 E.0069
G1 X121.585 Y173.986 E.09406
G1 X121.511 Y173.428 E.01765
G1 X121.29 Y172.894 E.01812
G1 X120.939 Y172.436 E.01809
G1 X120.481 Y172.085 E.01809
G1 X119.947 Y171.864 E.01812
G1 X119.389 Y171.79 E.01765
G1 X108.137 Y171.79 E.3528
G1 X107.504 Y171.719 E.01997
G1 X106.915 Y171.513 E.01956
G1 X106.386 Y171.18 E.0196
G1 X105.945 Y170.739 E.01955
G1 X105.612 Y170.21 E.0196
G1 X105.406 Y169.621 E.01956
G1 X105.335 Y168.988 E.01997
G1 X105.335 Y152.21 E.52606
G1 X107.335 Y152.21 E.06271
G1 X107.335 Y133.79 E.57755
G1 X105.335 Y133.79 E.06271
G1 X105.335 Y90.21 E1.36642
G1 X107.335 Y90.21 E.06271
G1 X107.335 Y71.79 E.57755
G1 X105.335 Y71.79 E.06271
G1 X105.335 Y54.79 E.53302
G1 X103.335 Y54.79 E.06271
G1 X103.335 Y53.21 E.04954
G1 X106.743 Y53.21 E.10686
G1 X106.743 Y54.21 E.03135
G1 X108.489 Y54.21 E.05474
G1 X109.629 Y54.877 F9000
;TYPE:Internal infill
;WIDTH:0.44
G1 F4800
G1 X110.233 Y54.272 E.02823
G1 X110.907 Y54.272 E.02225
G1 X110.303 Y54.877 E.02823
G1 E-1.4 F2700
;WIPE_START
G1 F7200
G1 X110.907 Y54.272 E-.30456
G1 X110.233 Y54.272 E-.24011
G1 X110.123 Y54.382 E-.05533
;WIPE_END
G1 X106.039 Y54.204 F9000
G1 E2 F2400
;TYPE:Gap fill
;WIDTH:0.27925
G1 F1800
G1 X106.039 Y54.796 E.01163
G1 X106.505 Y55.304 F9000
;TYPE:Solid infill
;WIDTH:0.53634
G1 F2400
G1 X106.461 Y55.261 E.00252
G1 X106.402 Y55.277 E.00251
G1 X106.386 Y55.336 E.00251
G1 X106.429 Y55.38 E.00252
G1 X106.489 Y55.364 E.00255
;WIDTH:0.439999
G1 X107.123 Y55.272 E.02115
G1 X106.397 Y55.998 E.0339
G1 X106.397 Y56.56 E.01856
G1 X107.685 Y55.272 E.06014
G1 X108.246 Y55.272 E.01852
G1 X106.397 Y57.121 E.08634
G1 X106.397 Y57.683 E.01856
G1 X108.808 Y55.272 E.11258
G1 X109.568 Y55 F9000
;WIDTH:0.38292
G1 F2400
G1 X109.497 Y54.981 E.00208
G1 X109.516 Y55.052 E.00208
G1 X109.557 Y55.041 E.0012
;WIDTH:0.41146
G1 X109.463 Y55.156 E.00455
;WIDTH:0.439999
G1 X109.369 Y55.272 E.00493
G1 X106.397 Y58.244 E.13877
G1 X106.397 Y58.806 E.01856
G1 X110.108 Y55.095 E.17328
G1 X110.669 Y55.095 E.01852
G1 X106.397 Y59.367 E.19947
G1 X106.397 Y59.929 E.01856
G1 X111.054 Y55.272 E.21745
G1 X111.116 Y55.15 E.00452
;WIDTH:0.41146
G1 X111.177 Y55.028 E.00418
;WIDTH:0.38292
G1 X111.136 Y55.039 E.0012
G1 X111.117 Y54.968 E.00208
G1 X111.188 Y54.987 E.00208
;WIDTH:0.439999
G1 X111.616 Y55.272 E.01698
G1 X106.397 Y60.491 E.24369
G1 X106.397 Y61.052 E.01852
G1 X112.177 Y55.272 E.26989
G1 X112.739 Y55.272 E.01856
G1 X106.397 Y61.614 E.29613
G1 X106.397 Y62.175 E.01852
G1 X113.3 Y55.272 E.32232
G1 X113.853 Y55.281 E.01826
G1 X106.397 Y62.737 E.34815
G1 X106.397 Y63.298 E.01852
G1 X113.853 Y55.843 E.34812
G1 X113.853 Y56.404 E.01852
G1 X106.397 Y63.86 E.34815
G1 X106.397 Y64.421 E.01852
G1 X113.853 Y56.966 E.34812
G1 X113.853 Y57.527 E.01852
G1 X106.397 Y64.983 E.34815
G1 X106.397 Y65.545 E.01856
G1 X113.853 Y58.089 E.34815
G1 X113.853 Y58.65 E.01852
G1 X106.397 Y66.106 E.34815
G1 X106.397 Y66.668 E.01856
G1 X113.853 Y59.212 E.34815
G1 X113.853 Y59.773 E.01852
G1 X106.397 Y67.229 E.34815
G1 X106.397 Y67.791 E.01856
G1 X113.853 Y60.335 E.34815
G1 X113.853 Y60.897 E.01856
G1 X106.397 Y68.352 E.34812
G1 X106.397 Y68.914 E.01856
G1 X113.853 Y61.458 E.34815
G1 X113.853 Y62.02 E.01856
G1 X106.397 Y69.475 E.34812
G1 X106.397 Y70.037 E.01856
G1 X113.853 Y62.581 E.34815
G1 X113.853 Y63.143 E.01856
G1 X106.397 Y70.599 E.34815
G1 X106.362 Y70.713 E.00394
;WIDTH:0.41146
G1 X106.327 Y70.828 E.00368
;WIDTH:0.38292
G1 X106.256 Y70.809 E.00208
G1 X106.275 Y70.88 E.00208
G1 X106.316 Y70.869 E.0012
;WIDTH:0.439999
G1 X106.829 Y70.728 E.01757
G1 X113.853 Y63.704 E.32797
G1 X113.853 Y64.266 E.01856
G1 X107.391 Y70.728 E.30173
G1 X107.952 Y70.728 E.01852
G1 X113.853 Y64.827 E.27554
G1 X113.853 Y65.389 E.01856
G1 X108.333 Y70.921 E.25803
;WIDTH:0.41146
G1 X108.269 Y70.997 E.00304
;WIDTH:0.38292
G1 X108.198 Y70.978 E.00208
G1 X108.217 Y71.049 E.00208
G1 X108.258 Y71.038 E.0012
;WIDTH:0.439999
G1 X108.397 Y71.406 E.01299
G1 X113.853 Y65.951 E.25474
G1 X113.853 Y66.512 E.01852
G1 X108.397 Y71.968 E.25476
G1 X108.397 Y72.529 E.01852
G1 X113.853 Y67.074 E.25474
G1 X113.853 Y67.635 E.01852
G1 X108.397 Y73.091 E.25476
G1 X108.311 Y73.963 F9000
;WIDTH:0.38292
G1 F2400
G1 X108.27 Y73.974 E.0012
G1 X108.251 Y73.903 E.00208
G1 X108.322 Y73.922 E.00208
;WIDTH:0.41146
G1 X108.359 Y73.787 E.00429
;WIDTH:0.439999
G1 X108.397 Y73.653 E.0046
G1 X113.853 Y68.197 E.25476
G1 X113.853 Y68.758 E.01852
G1 X108.397 Y74.214 E.25476
G1 X108.397 Y74.776 E.01856
G1 X111.853 Y71.32 E.16137
G1 X111.853 Y71.881 E.01852
G1 X108.397 Y75.337 E.16137
G1 X108.397 Y75.899 E.01856
G1 X111.853 Y72.443 E.16137
G1 X111.853 Y73.005 E.01856
G1 X108.397 Y76.46 E.16135
G1 X108.397 Y77.022 E.01856
G1 X111.853 Y73.566 E.16137
G1 X111.853 Y74.128 E.01856
G1 X108.397 Y77.583 E.16135
G1 X108.397 Y78.145 E.01856
G1 X111.853 Y74.689 E.16137
G1 X111.853 Y75.251 E.01856
G1 X108.397 Y78.707 E.16137
G1 X108.397 Y79.268 E.01852
G1 X111.853 Y75.812 E.16137
G1 X111.853 Y76.374 E.01856
G1 X108.397 Y79.83 E.16137
G1 X108.397 Y80.391 E.01852
G1 X111.853 Y76.935 E.16137
G1 X111.853 Y77.497 E.01856
G1 X108.397 Y80.953 E.16137
G1 X108.397 Y81.514 E.01852
G1 X111.853 Y78.059 E.16135
G1 X111.853 Y78.62 E.01852
G1 X108.397 Y82.076 E.16137
G1 X108.397 Y82.637 E.01852
G1 X111.853 Y79.182 E.16135
G1 X111.853 Y79.743 E.01852
G1 X108.397 Y83.199 E.16137
G1 X108.397 Y83.761 E.01856
G1 X111.853 Y80.305 E.16137
G1 X111.853 Y80.866 E.01852
G1 X108.397 Y84.322 E.16137
G1 X108.397 Y84.884 E.01856
G1 X111.853 Y81.428 E.16137
G1 X111.853 Y81.989 E.01852
G1 X108.397 Y85.445 E.16137
G1 X108.397 Y86.007 E.01856
G1 X111.853 Y82.551 E.16137
G1 X111.853 Y83.113 E.01856
G1 X108.397 Y86.568 E.16135
G1 X108.397 Y87.13 E.01856
G1 X111.853 Y83.674 E.16137
G1 X111.853 Y84.236 E.01856
G1 X108.397 Y87.691 E.16135
G1 X108.397 Y88.253 E.01856
G1 X111.853 Y84.797 E.16137
G1 X111.853 Y85.359 E.01856
G1 X108.397 Y88.815 E.16137
G1 X108.397 Y89.376 E.01852
G1 X111.853 Y85.92 E.16137
G1 X111.853 Y86.482 E.01856
G1 X108.397 Y89.938 E.16137
G1 X108.397 Y90.499 E.01852
G1 X111.853 Y87.043 E.16137
G1 X111.853 Y87.605 E.01856
G1 X108.397 Y91.061 E.16137
G1 E-1.4 F2700
;WIPE_START
G1 F7200
G1 X109.588 Y89.87 E-.6
;WIPE_END
G1 X106.483 Y91.288 F9000
G1 E2 F2400
;WIDTH:0.50089
G1 X106.442 Y91.247 E.00221
G1 X106.387 Y91.262 E.00217
G1 X106.372 Y91.317 E.00217
G1 X106.413 Y91.358 E.00221
G1 X106.468 Y91.343 E.00217
;WIDTH:0.439999
G1 X107.063 Y91.272 E.01978
G1 X106.397 Y91.938 E.0311
G1 X106.397 Y92.499 E.01852
G1 X107.624 Y91.272 E.05729
G1 X108.186 Y91.272 E.01856
G1 X106.397 Y93.061 E.08353
G1 X106.359 Y93.196 E.00463
;WIDTH:0.41146
G1 X106.322 Y93.331 E.00429
;WIDTH:0.38292
G1 X106.251 Y93.311 E.00209
G1 X106.27 Y93.383 E.00211
G1 X106.311 Y93.372 E.0012
;WIDTH:0.439999
G1 X106.397 Y93.622 E.00873
G1 X111.853 Y88.167 E.25474
G1 X111.853 Y88.728 E.01852
G1 X106.397 Y94.184 E.25476
G1 X106.397 Y94.745 E.01852
G1 X111.853 Y89.29 E.25474
G1 X111.853 Y89.851 E.01852
G1 X106.397 Y95.307 E.25476
G1 X106.397 Y95.869 E.01856
G1 X111.853 Y90.413 E.25476
G1 X111.853 Y90.974 E.01852
G1 X106.397 Y96.43 E.25476
G1 X106.397 Y96.992 E.01856
G1 X112.117 Y91.272 E.26709
G1 X112.208 Y91.202 E.00379
;WIDTH:0.41146
G1 X112.3 Y91.133 E.00352
;WIDTH:0.38292
G1 X112.259 Y91.144 E.0012
G1 X112.24 Y91.073 E.00208
G1 X112.311 Y91.092 E.00208
;WIDTH:0.439999
G1 X112.678 Y91.272 E.0135
G1 X106.397 Y97.553 E.29328
G1 X106.397 Y98.115 E.01856
G1 X113.24 Y91.272 E.31952
G1 X113.997 Y91.128 E.02544
;WIDTH:0.38292
G1 X114.001 Y91.218 E.00255
;WIDTH:0.41146
G1 X113.901 Y91.245 E.00317
;WIDTH:0.439999
G1 X113.801 Y91.272 E.00342
G1 X106.397 Y98.676 E.34572
G1 X106.397 Y99.238 E.01856
G1 X113.853 Y91.782 E.34815
G1 X113.853 Y92.344 E.01856
G1 X106.397 Y99.799 E.34812
G1 X106.397 Y100.361 E.01856
G1 X113.853 Y92.905 E.34815
G1 X113.853 Y93.467 E.01856
G1 X106.397 Y100.922 E.34812
G1 X106.397 Y101.484 E.01856
G1 X113.853 Y94.028 E.34815
G1 X113.853 Y94.59 E.01856
G1 X106.397 Y102.046 E.34815
G1 X106.397 Y102.607 E.01852
G1 X113.853 Y95.151 E.34815
G1 X113.853 Y95.713 E.01856
G1 X106.397 Y103.169 E.34815
G1 X106.397 Y103.73 E.01852
G1 X113.853 Y96.275 E.34812
G1 X113.853 Y96.836 E.01852
G1 X106.397 Y104.292 E.34815
G1 X106.397 Y104.853 E.01852
G1 X113.853 Y97.398 E.34812
G1 X113.853 Y97.959 E.01852
G1 X106.397 Y105.415 E.34815
G1 X106.397 Y105.976 E.01852
G1 X113.853 Y98.521 E.34812
G1 X113.853 Y99.082 E.01852
G1 X106.397 Y106.538 E.34815
G1 X106.397 Y107.1 E.01856
G1 X113.853 Y99.644 E.34815
G1 X113.853 Y100.205 E.01852
G1 X106.397 Y107.661 E.34815
G1 X106.397 Y108.223 E.01856
G1 X113.853 Y100.767 E.34815
G1 X113.853 Y101.328 E.01852
G1 X106.397 Y108.784 E.34815
G1 X106.397 Y109.346 E.01856
G1 X113.853 Y101.89 E.34815
G1 X113.853 Y102.452 E.01856
G1 X106.397 Y109.907 E.34812
G1 X106.397 Y110.469 E.01856
G1 X113.853 Y103.013 E.34815
G1 X113.853 Y103.575 E.01856
G1 X106.397 Y111.03 E.34812
G1 X106.397 Y111.592 E.01856
G1 X113.853 Y104.136 E.34815
G1 X113.853 Y104.698 E.01856
G1 X106.397 Y112.154 E.34815
G1 X106.397 Y112.715 E.01852
G1 X113.853 Y105.259 E.34815
G1 X113.853 Y105.821 E.01856
G1 X106.397 Y113.277 E.34815
G1 X106.397 Y113.838 E.01852
G1 X113.853 Y106.382 E.34815
G1 X113.853 Y106.944 E.01856
G1 X106.397 Y114.4 E.34815
G1 X106.397 Y114.961 E.01852
G1 X113.853 Y107.506 E.34812
G1 X113.853 Y108.067 E.01852
G1 X106.397 Y115.523 E.34815
G1 X106.397 Y116.084 E.01852
G1 X113.853 Y108.629 E.34812
G1 X113.853 Y109.19 E.01852
G1 X106.397 Y116.646 E.34815
G1 X106.397 Y117.208 E.01856
G1 X113.853 Y109.752 E.34815
G1 X113.853 Y110.313 E.01852
G1 X106.397 Y117.769 E.34815
G1 X106.397 Y118.331 E.01856
G1 X113.853 Y110.875 E.34815
G1 X113.853 Y111.436 E.01852
G1 X106.397 Y118.892 E.34815
G1 X106.397 Y119.454 E.01856
G1 X113.853 Y111.998 E.34815
G1 X113.853 Y112.56 E.01856
G1 X106.397 Y120.015 E.34812
G1 X106.397 Y120.577 E.01856
G1 X113.853 Y113.121 E.34815
G1 X113.853 Y113.683 E.01856
G1 X106.397 Y121.138 E.34812
G1 X106.397 Y121.7 E.01856
G1 X113.853 Y114.244 E.34815
G1 X113.853 Y114.806 E.01856
G1 X106.397 Y122.262 E.34815
G1 X106.397 Y122.823 E.01852
G1 X113.853 Y115.367 E.34815
G1 X113.853 Y115.929 E.01856
G1 X106.397 Y123.385 E.34815
G1 X106.397 Y123.946 E.01852
G1 X113.853 Y116.49 E.34815
G1 X113.853 Y117.052 E.01856
G1 X106.397 Y124.508 E.34815
G1 X106.397 Y125.069 E.01852
G1 X113.853 Y117.614 E.34812
G1 X113.853 Y118.175 E.01852
G1 X106.397 Y125.631 E.34815
G1 X106.397 Y126.192 E.01852
G1 X113.853 Y118.737 E.34812
G1 X113.853 Y119.298 E.01852
G1 X106.397 Y126.754 E.34815
G1 X106.397 Y127.316 E.01856
G1 X113.853 Y119.86 E.34815
G1 X113.853 Y120.421 E.01852
G1 X106.397 Y127.877 E.34815
G1 X106.397 Y128.439 E.01856
G1 X113.853 Y120.983 E.34815
G1 X113.853 Y121.544 E.01852
G1 X106.397 Y129 E.34815
G1 X106.397 Y129.562 E.01856
G1 X113.853 Y122.106 E.34815
G1 X113.853 Y122.668 E.01856
G1 X106.397 Y130.123 E.34812
G1 X106.397 Y130.685 E.01856
G1 X113.853 Y123.229 E.34815
G1 X113.853 Y123.791 E.01856
G1 X106.397 Y131.246 E.34812
G1 X106.397 Y131.808 E.01856
G1 X113.853 Y124.352 E.34815
G1 X113.853 Y124.914 E.01856
G1 X106.397 Y132.37 E.34815
G1 X106.337 Y132.848 E.01591
;WIDTH:0.38292
G1 X106.296 Y132.859 E.0012
G1 X106.277 Y132.788 E.00208
G1 X106.348 Y132.807 E.00208
;WIDTH:0.41146
G1 X106.474 Y132.767 E.00405
;WIDTH:0.439999
G1 X106.6 Y132.728 E.00435
G1 X113.853 Y125.475 E.33867
G1 X113.853 Y126.037 E.01856
G1 X107.162 Y132.728 E.31243
G1 X107.723 Y132.728 E.01852
G1 X113.853 Y126.598 E.28623
G1 X113.853 Y127.16 E.01856
G1 X108.285 Y132.728 E.25999
G1 X108.397 Y133.177 E.01528
G1 X113.853 Y127.722 E.25474
G1 X113.853 Y128.283 E.01852
G1 X108.397 Y133.739 E.25476
G1 X108.397 Y134.3 E.01852
G1 X113.853 Y128.845 E.25474
G1 X113.853 Y129.406 E.01852
G1 X108.397 Y134.862 E.25476
G1 X108.397 Y135.424 E.01856
G1 X113.853 Y129.968 E.25476
G1 X113.853 Y130.529 E.01852
G1 X108.397 Y135.985 E.25476
G1 X108.359 Y136.12 E.00463
;WIDTH:0.41146
G1 X108.322 Y136.255 E.00429
;WIDTH:0.38292
G1 X108.251 Y136.236 E.00208
G1 X108.27 Y136.307 E.00208
G1 X108.311 Y136.296 E.0012
G1 E-1.4 F2700
;WIPE_START
G1 F7200
G1 X108.27 Y136.307 E-.01512
G1 X108.251 Y136.236 E-.02618
G1 X108.322 Y136.255 E-.02618
;WIPE_END
G1 E-.53252 F2700
G1 X112.01 Y132.885 F9000
G1 E2 F2400
G1 X111.935 Y132.81 E.003
;WIDTH:0.41146
G1 X112.075 Y132.769 E.00447
;WIDTH:0.439999
G1 X112.216 Y132.728 E.00485
G1 X113.853 Y131.091 E.07644
G1 X113.853 Y131.652 E.01852
G1 X112.777 Y132.728 E.05024
G1 X113.339 Y132.728 E.01856
G1 X113.853 Y132.214 E.024
G1 E-1.4 F2700
;WIPE_START
G1 F7200
G1 X113.339 Y132.728 E-.25896
G1 X112.777 Y132.728 E-.20021
G1 X113.057 Y132.449 E-.14083
;WIPE_END
G1 X111.853 Y133.091 F9000
G1 E2 F2400
G1 X108.397 Y136.547 E.16137
G1 X108.397 Y137.108 E.01852
G1 X111.853 Y133.652 E.16137
G1 X111.853 Y134.214 E.01856
G1 X108.397 Y137.67 E.16137
G1 X108.397 Y138.231 E.01852
G1 X111.853 Y134.776 E.16135
G1 X111.853 Y135.337 E.01852
G1 X108.397 Y138.793 E.16137
G1 X108.397 Y139.354 E.01852
G1 X111.853 Y135.899 E.16135
G1 X111.853 Y136.46 E.01852
G1 X108.397 Y139.916 E.16137
G1 X108.397 Y140.478 E.01856
G1 X111.853 Y137.022 E.16137
G1 X111.853 Y137.583 E.01852
G1 X108.397 Y141.039 E.16137
G1 X108.397 Y141.601 E.01856
G1 X111.853 Y138.145 E.16137
G1 X111.853 Y138.706 E.01852
G1 X108.397 Y142.162 E.16137
G1 X108.397 Y142.724 E.01856
G1 X111.853 Y139.268 E.16137
G1 X111.853 Y139.83 E.01856
G1 X108.397 Y143.285 E.16135
G1 X108.397 Y143.847 E.01856
G1 X111.853 Y140.391 E.16137
G1 X111.853 Y140.953 E.01856
G1 X108.397 Y144.408 E.16135
G1 X108.397 Y144.97 E.01856
G1 X111.853 Y141.514 E.16137
G1 X111.853 Y142.076 E.01856
G1 X108.397 Y145.532 E.16137
G1 X108.397 Y146.093 E.01852
G1 X111.853 Y142.637 E.16137
G1 X111.853 Y143.199 E.01856
G1 X108.397 Y146.655 E.16137
G1 X108.397 Y147.216 E.01852
G1 X111.853 Y143.76 E.16137
G1 X111.853 Y144.322 E.01856
G1 X108.397 Y147.778 E.16137
G1 X108.397 Y148.339 E.01852
G1 X111.853 Y144.884 E.16135
G1 X111.853 Y145.445 E.01852
G1 X108.397 Y148.901 E.16137
G1 X108.397 Y149.462 E.01852
G1 X111.853 Y146.007 E.16135
G1 X111.853 Y146.568 E.01852
G1 X108.397 Y150.024 E.16137
G1 X108.397 Y150.586 E.01856
G1 X111.853 Y147.13 E.16137
G1 X111.853 Y147.691 E.01852
G1 X108.397 Y151.147 E.16137
G1 X108.397 Y151.709 E.01856
G1 X111.853 Y148.253 E.16137
G1 X111.853 Y148.814 E.01852
G1 X108.397 Y152.27 E.16137
G1 X108.397 Y152.832 E.01856
G1 X111.853 Y149.376 E.16137
G1 E-1.4 F2700
;WIPE_START
G1 F7200
G1 X110.662 Y150.567 E-.6
;WIPE_END
G1 X106.834 Y153.272 F9000
G1 E2 F2400
G1 X106.333 Y153.779 E.02353
;WIDTH:0.41146
G1 X106.269 Y153.85 E.00293
;WIDTH:0.38292
G1 X106.198 Y153.831 E.00208
G1 X106.217 Y153.902 E.00208
G1 X106.258 Y153.891 E.0012
;WIDTH:0.439999
G1 X106.397 Y154.27 E.01333
G1 X107.395 Y153.272 E.0466
G1 X107.957 Y153.272 E.01856
G1 X106.397 Y154.832 E.07284
G1 X106.359 Y154.967 E.00463
;WIDTH:0.41146
G1 X106.322 Y155.102 E.00429
;WIDTH:0.38292
G1 X106.251 Y155.082 E.00209
G1 X106.27 Y155.154 E.00211
G1 X106.311 Y155.143 E.0012
;WIDTH:0.439999
G1 X106.397 Y155.393 E.00873
G1 X111.853 Y149.938 E.25474
G1 X111.853 Y150.499 E.01852
G1 X106.397 Y155.955 E.25476
G1 X106.397 Y156.516 E.01852
G1 X111.853 Y151.061 E.25474
G1 X111.853 Y151.622 E.01852
G1 X106.397 Y157.078 E.25476
G1 X106.397 Y157.639 E.01852
G1 X111.853 Y152.184 E.25474
G1 X112.063 Y152.593 E.01518
;WIDTH:0.38292
G1 X111.992 Y152.574 E.00208
G1 X112.011 Y152.645 E.00208
G1 X112.052 Y152.634 E.0012
;WIDTH:0.41146
G1 X111.953 Y152.69 E.00349
;WIDTH:0.439999
G1 X111.853 Y152.745 E.00377
G1 X106.397 Y158.201 E.25476
G1 X106.397 Y158.763 E.01856
G1 X111.888 Y153.272 E.25639
G1 X111.986 Y153.202 E.00398
;WIDTH:0.41146
G1 X112.085 Y153.133 E.0037
;WIDTH:0.38292
G1 X112.044 Y153.144 E.0012
G1 X112.025 Y153.073 E.00208
G1 X112.096 Y153.092 E.00208
;WIDTH:0.439999
G1 X112.449 Y153.272 E.01308
G1 X106.397 Y159.324 E.28259
G1 X106.397 Y159.886 E.01856
G1 X113.011 Y153.272 E.30883
G1 X113.976 Y153.179 F9000
;WIDTH:0.38292
G1 F2400
G1 X113.905 Y153.16 E.00208
G1 X113.924 Y153.231 E.00208
G1 X113.965 Y153.22 E.0012
;WIDTH:0.41146
G1 X113.769 Y153.246 E.00606
;WIDTH:0.439999
G1 X113.572 Y153.272 E.00656
G1 X106.397 Y160.447 E.33503
G1 X106.397 Y161.009 E.01856
G1 X113.853 Y153.553 E.34815
G1 X113.853 Y154.115 E.01856
G1 X106.397 Y161.57 E.34812
G1 X106.397 Y162.132 E.01856
G1 X113.853 Y154.676 E.34815
G1 X113.853 Y155.238 E.01856
G1 X106.397 Y162.693 E.34812
G1 X106.397 Y163.255 E.01856
G1 X113.853 Y155.799 E.34815
G1 X113.853 Y156.361 E.01856
G1 X106.397 Y163.817 E.34815
G1 X106.397 Y164.378 E.01852
G1 X113.853 Y156.922 E.34815
G1 X113.853 Y157.484 E.01856
G1 X106.397 Y164.94 E.34815
G1 X106.397 Y165.501 E.01852
G1 X113.853 Y158.045 E.34815
G1 X113.853 Y158.607 E.01856
G1 X106.397 Y166.063 E.34815
G1 X106.397 Y166.624 E.01852
G1 X113.853 Y159.169 E.34812
G1 X113.853 Y159.73 E.01852
G1 X106.397 Y167.186 E.34815
G1 X106.397 Y167.747 E.01852
G1 X113.853 Y160.292 E.34812
G1 X113.853 Y160.853 E.01852
G1 X106.397 Y168.309 E.34815
G1 X106.397 Y168.871 E.01856
G1 X113.853 Y161.415 E.34815
G1 X114.063 Y161.824 E.01518
;WIDTH:0.38292
G1 X113.992 Y161.805 E.00208
G1 X114.011 Y161.876 E.00208
G1 X114.052 Y161.865 E.0012
;WIDTH:0.41146
G1 X113.953 Y161.921 E.00349
;WIDTH:0.439999
G1 X113.853 Y161.976 E.00377
G1 X106.448 Y169.381 E.34576
G1 X106.602 Y169.789 E.0144
G1 X113.9 Y162.491 E.34077
G1 X113.965 Y162.988 E.01655
G1 X106.83 Y170.122 E.33313
G1 X107.124 Y170.39 E.01313
G1 X114.11 Y163.404 E.3262
G1 X114.256 Y163.82 E.01456
G1 X107.488 Y170.588 E.31602
G1 X107.938 Y170.699 E.0153
G1 X114.466 Y164.171 E.30481
G1 X114.683 Y164.516 E.01346
G1 X108.471 Y170.728 E.29006
G1 X109.032 Y170.728 E.01852
G1 X114.935 Y164.825 E.27563
G1 X115.216 Y165.106 E.01312
G1 X109.594 Y170.728 E.26251
G1 X110.155 Y170.728 E.01852
G1 X115.506 Y165.377 E.24986
G1 X115.851 Y165.594 E.01346
G1 X110.717 Y170.728 E.23972
G1 X111.278 Y170.728 E.01852
G1 X116.196 Y165.811 E.22962
G1 X116.597 Y165.971 E.01425
G1 X111.84 Y170.728 E.22212
G1 X112.402 Y170.728 E.01856
G1 X117.013 Y166.117 E.2153
G1 X117.483 Y166.208 E.01581
G1 X112.963 Y170.728 E.21105
G1 X113.525 Y170.728 E.01856
G1 X117.988 Y166.265 E.20839
G1 X118.542 Y166.272 E.01829
G1 X114.086 Y170.728 E.20807
G1 X114.648 Y170.728 E.01856
G1 X119.104 Y166.272 E.20807
G1 X119.665 Y166.272 E.01852
G1 X115.209 Y170.728 E.20807
G1 X115.771 Y170.728 E.01856
G1 X120.227 Y166.272 E.20807
G1 X120.788 Y166.272 E.01852
G1 X116.332 Y170.728 E.20807
G1 X116.894 Y170.728 E.01856
G1 X121.35 Y166.272 E.20807
G1 X121.911 Y166.272 E.01852
G1 X117.456 Y170.728 E.20804
G1 X118.017 Y170.728 E.01852
G1 X122.473 Y166.272 E.20807
G1 X123.034 Y166.272 E.01852
G1 X118.579 Y170.728 E.20804
G1 X119.14 Y170.728 E.01852
G1 X123.596 Y166.272 E.20807
G1 X124.158 Y166.272 E.01856
G1 X119.673 Y170.756 E.2094
G1 X120.17 Y170.822 E.01655
G1 X124.719 Y166.272 E.21243
G1 X125.232 Y166.32 E.01701
G1 X120.578 Y170.975 E.21733
G1 X120.975 Y171.139 E.01418
G1 X125.647 Y166.467 E.21815
G1 X125.984 Y166.692 E.01338
G1 X121.301 Y171.375 E.21867
G1 X121.619 Y171.619 E.01323
G1 X126.254 Y166.983 E.21645
G1 X126.456 Y167.343 E.01363
G1 X121.881 Y171.918 E.21362
G1 X122.124 Y172.236 E.01321
G1 X126.571 Y167.789 E.20765
G1 X126.603 Y168.319 E.01753
G1 X122.319 Y172.603 E.20003
G1 X122.484 Y173 E.01419
G1 X126.603 Y168.881 E.19233
G1 X126.603 Y169.442 E.01852
G1 X125.007 Y171.038 E.07452
G1 X124.726 Y171.246 E.01154
;WIDTH:0.38292
G1 X124.541 Y171.384 E.00652
G1 X123.988 Y171.908 E.02154
G1 X123.614 Y172.357 E.01652
;WIDTH:0.41146
G1 X123.511 Y172.498 E.00535
;WIDTH:0.439999
G1 X123.407 Y172.638 E.00576
G1 X122.587 Y173.458 E.03829
G1 X122.647 Y173.96 E.01669
G1 X123.161 Y173.446 E.024
G1 X123.249 Y173.321 E.00505
;WIDTH:0.41146
G1 X123.337 Y173.195 E.00471
;WIDTH:0.38292
G1 X123.296 Y173.206 E.0012
G1 X123.277 Y173.135 E.00208
G1 X123.348 Y173.154 E.00208
G1 X123.103 Y174.065 F9000
;WIDTH:0.439999
G1 F2400
G1 X122.673 Y174.495 E.02008
G1 X123.089 Y174.66 E.01478
;WIDTH:0.467709
G1 X122.775 Y174.962 E.01539
G1 X122.664 Y174.946 E.00396
G1 X122.667 Y176.5 E.05489
;WIDTH:0.465887
G1 X122.668 Y176.709 E.00735
G1 X123.09 Y176.713 E.01484
G1 X123.09 Y176.5 E.00749
;WIDTH:0.467709
G1 X123.089 Y174.859 E.05796
G1 E-1.4 F2700
;WIPE_START
G1 F7200
G1 X123.09 Y176.5 E-.58461
;WIPE_END
G1 E-.01539 F2700
G1 X125.577 Y170.968 F9000
G1 E2 F2400
;WIDTH:0.38292
G1 X125.536 Y170.979 E.0012
G1 X125.517 Y170.908 E.00208
G1 X125.588 Y170.927 E.00208
;WIDTH:0.41146
G1 X125.708 Y170.853 E.00432
;WIDTH:0.439999
G1 X125.828 Y170.779 E.00465
G1 X126.596 Y170.011 E.03586
G1 E-1.4 F2700
;WIPE_START
G1 F7200
G1 X125.828 Y170.779 E-.38693
G1 X125.708 Y170.853 E-.05022
;WIPE_END
G1 E-.16285 F2700
G1 X112.445 Y70.728 F9000
G1 E2 F2400
G1 X113.853 Y69.32 E.06574
G1 X113.853 Y69.881 E.01852
G1 X113.006 Y70.728 E.03955
G1 X113.568 Y70.728 E.01856
G1 X113.853 Y70.443 E.01331
EXCLUDE_OBJECT_END NAME=Trigger1_holder_stl
;LAYER_CHANGE
;Z:1.4
;HEIGHT:0.2
;BEFORE_LAYER_CHANGE
G92 E0
;1.4


G1 E-1.4 F2700
;WIPE_START
G1 F7200
G1 X113.568 Y70.728 E-.14359
G1 X113.006 Y70.728 E-.20021
G1 X113.514 Y70.22 E-.2562
;WIPE_END
G1 Z1.4 F9000
;AFTER_LAYER_CHANGE
;1.4
EXCLUDE_OBJECT_START NAME=Trigger1_holder_stl
G1 X114.58 Y53.994
G1 E2 F2400
;TYPE:Perimeter
;WIDTH:0.44
G1 F1800
G1 X115.131 Y54.006 E.0182
G1 X114.64 Y53.995 E.01622
G1 X114.131 Y54.994 F9000
G1 F3600
G1 X114.131 Y71.006 E.52867
G1 X112.131 Y71.006 E.06603
G1 X112.131 Y90.994 E.65995
G1 X114.131 Y90.994 E.06603
G1 X114.131 Y133.006 E1.38712
G1 X112.131 Y133.006 E.06603
G1 X112.131 Y152.994 E.65995
G1 X114.131 Y152.994 E.06603
G1 X114.131 Y162.056 E.2992
G1 X114.225 Y162.89 E.02771
G1 X114.521 Y163.736 E.02959
G1 X114.997 Y164.494 E.02955
G1 X115.631 Y165.128 E.0296
G1 X116.389 Y165.604 E.02955
G1 X117.235 Y165.9 E.02959
G1 X118.069 Y165.994 E.02771
G1 X124.819 Y165.994 E.22287
G1 X125.32 Y166.051 E.01665
G1 X125.743 Y166.198 E.01479
G1 X126.122 Y166.437 E.01479
G1 X126.438 Y166.753 E.01476
G1 X126.677 Y167.132 E.01479
G1 X126.824 Y167.555 E.01479
G1 X126.881 Y168.056 E.01665
G1 X126.881 Y169.971 E.06323
G1 X126.845 Y170.27 E.00994
G1 X126.76 Y170.494 E.00791
G1 X126.624 Y170.692 E.00793
G1 X126.445 Y170.851 E.00791
G1 X126.233 Y170.964 E.00793
G1 X125.3 Y171.198 E.03176
G1 X124.663 Y171.535 E.02379
G1 X124.124 Y172.015 E.02383
G1 X123.715 Y172.609 E.02381
G1 X123.46 Y173.284 E.02382
G1 X123.381 Y173.94 E.02182
G1 X123.381 Y176.935 E.09889
G1 X123.373 Y176.998 E.0021
G1 X123.31 Y177.006 E.0021
G1 X122.377 Y176.998 E.03081
G1 X122.369 Y173.935 E.10113
G1 X122.275 Y173.223 E.02371
G1 X121.975 Y172.499 E.02588
G1 X121.498 Y171.877 E.02588
G1 X120.876 Y171.4 E.02588
G1 X120.152 Y171.1 E.02588
G1 X119.44 Y171.006 E.02371
G1 X108.181 Y171.006 E.37174
G1 X107.68 Y170.949 E.01665
G1 X107.257 Y170.802 E.01479
G1 X106.878 Y170.563 E.01479
G1 X106.562 Y170.247 E.01476
G1 X106.323 Y169.868 E.01479
G1 X106.176 Y169.445 E.01479
G1 X106.119 Y168.944 E.01665
G1 X106.119 Y152.994 E.52663
G1 X108.119 Y152.994 E.06603
G1 X108.119 Y133.006 E.65995
G1 X106.119 Y133.006 E.06603
G1 X106.119 Y90.994 E1.38712
G1 X108.119 Y90.994 E.06603
G1 X108.119 Y71.006 E.65995
G1 X106.119 Y71.006 E.06603
G1 X106.119 Y54.994 E.52867
G1 X109.242 Y54.994 E.10311
G1 X109.242 Y53.994 E.03302
G1 X111.328 Y53.994 E.06887
G1 X111.328 Y54.994 E.03302
G1 X114.071 Y54.994 E.09057
G1 E-1.4 F2700
;WIPE_START
G1 F7200
G1 X114.131 Y54.994 E-.02138
G1 X114.131 Y56.618 E-.57862
;WIPE_END
G1 X105.853 Y54.006 F9000
G1 E2 F2400
G1 F1800
G1 X104.119 Y53.994 E.05725
G1 X105.793 Y54.005 E.05527
G1 E-1.4 F2700
;WIPE_START
G1 F7200
G1 X105.853 Y54.006 E-.02138
G1 X104.229 Y53.995 E-.57862
;WIPE_END
G1 X108.845 Y54.597 F9000
G1 E2 F2400
G1 F3600
G1 X108.845 Y53.597 E.03302
G1 X111.725 Y53.597 E.09509
G1 X111.725 Y54.597 E.03302
G1 X114.183 Y54.597 E.08116
G1 X114.183 Y53.597 E.03302
G1 X115.528 Y53.597 E.04441
G1 X115.528 Y54.403 E.02661
G1 X114.528 Y54.403 E.03302
G1 X114.528 Y71.403 E.56129
G1 X112.528 Y71.403 E.06603
G1 X112.528 Y90.597 E.63373
G1 X114.528 Y90.597 E.06603
G1 X114.528 Y133.403 E1.41334
G1 X112.528 Y133.403 E.06603
G1 X112.528 Y152.597 E.63373
G1 X114.528 Y152.597 E.06603
G1 X114.528 Y162.034 E.31158
G1 X114.614 Y162.801 E.02548
G1 X114.881 Y163.562 E.02663
G1 X115.31 Y164.245 E.02663
G1 X115.88 Y164.815 E.02662
G1 X116.563 Y165.244 E.02663
G1 X117.324 Y165.511 E.02663
G1 X118.091 Y165.597 E.02548
G1 X124.841 Y165.597 E.22287
G1 X125.409 Y165.661 E.01887
G1 X125.916 Y165.838 E.01773
G1 X126.371 Y166.124 E.01774
G1 X126.751 Y166.504 E.01774
G1 X127.037 Y166.959 E.01774
G1 X127.214 Y167.466 E.01773
G1 X127.278 Y168.034 E.01887
G1 X127.278 Y169.995 E.06475
G1 X127.233 Y170.365 E.01231
G1 X127.114 Y170.679 E.01109
G1 X126.924 Y170.956 E.01109
G1 X126.673 Y171.18 E.01111
G1 X126.376 Y171.337 E.01109
G1 X125.443 Y171.571 E.03176
G1 X124.891 Y171.864 E.02063
G1 X124.424 Y172.279 E.02063
G1 X124.07 Y172.795 E.02066
G1 X123.849 Y173.379 E.02062
G1 X123.778 Y173.964 E.01946
G1 X123.778 Y176.961 E.09895
G1 X123.759 Y177.103 E.00473
G1 X123.719 Y177.199 E.00343
G1 X123.656 Y177.281 E.00341
G1 X123.574 Y177.344 E.00341
G1 X123.478 Y177.384 E.00343
G1 X123.336 Y177.403 E.00473
G1 X122.414 Y177.403 E.03044
G1 X122.272 Y177.384 E.00473
G1 X122.176 Y177.344 E.00343
G1 X122.104 Y177.289 E.00299
G1 X122.031 Y177.199 E.00383
G1 X121.991 Y177.103 E.00343
G1 X121.972 Y176.961 E.00473
G1 X121.972 Y173.961 E.09905
G1 X121.889 Y173.326 E.02114
G1 X121.629 Y172.699 E.02241
G1 X121.215 Y172.16 E.02244
G1 X120.676 Y171.746 E.02244
G1 X120.049 Y171.486 E.02241
G1 X119.414 Y171.403 E.02114
G1 X108.159 Y171.403 E.37161
G1 X107.591 Y171.339 E.01887
G1 X107.084 Y171.162 E.01773
G1 X106.629 Y170.876 E.01774
G1 X106.249 Y170.496 E.01774
G1 X105.963 Y170.041 E.01774
G1 X105.786 Y169.534 E.01773
G1 X105.722 Y168.966 E.01887
G1 X105.722 Y152.597 E.54046
G1 X107.722 Y152.597 E.06603
G1 X107.722 Y133.403 E.63373
G1 X105.722 Y133.403 E.06603
G1 X105.722 Y90.597 E1.41334
G1 X107.722 Y90.597 E.06603
G1 X107.722 Y71.403 E.63373
G1 X105.722 Y71.403 E.06603
G1 X105.722 Y54.403 E.56129
G1 X103.722 Y54.403 E.06603
G1 X103.722 Y53.597 E.02661
G1 X106.25 Y53.597 E.08347
G1 X106.25 Y54.597 E.03302
G1 X108.785 Y54.597 E.0837
G1 X108.458 Y54.21 F9000
;TYPE:External perimeter
;WIDTH:0.42
G1 F1800
G1 X108.458 Y53.21 E.03135
G1 X112.112 Y53.21 E.11457
G1 X112.112 Y54.21 E.03135
G1 X113.795 Y54.21 E.05277
G1 X113.795 Y53.21 E.03135
G1 X115.915 Y53.21 E.06647
G1 X115.915 Y54.79 E.04954
G1 X114.915 Y54.79 E.03135
G1 X114.915 Y71.79 E.53302
G1 X112.915 Y71.79 E.06271
G1 X112.915 Y90.21 E.57755
G1 X114.915 Y90.21 E.06271
G1 X114.915 Y133.79 E1.36642
G1 X112.915 Y133.79 E.06271
G1 X112.915 Y152.21 E.57755
G1 X114.915 Y152.21 E.06271
G1 X114.915 Y162.012 E.30733
G1 X114.994 Y162.715 E.02218
G1 X115.232 Y163.393 E.02253
G1 X115.614 Y164.002 E.02254
G1 X116.123 Y164.511 E.02257
G1 X116.732 Y164.893 E.02254
G1 X117.41 Y165.131 E.02253
G1 X118.113 Y165.21 E.02218
G1 X124.863 Y165.21 E.21164
G1 X125.496 Y165.281 E.01997
G1 X126.085 Y165.487 E.01956
G1 X126.614 Y165.82 E.0196
G1 X127.055 Y166.261 E.01955
G1 X127.388 Y166.79 E.0196
G1 X127.594 Y167.379 E.01956
G1 X127.665 Y168.012 E.01997
G1 X127.665 Y170.019 E.06293
G1 X127.612 Y170.458 E.01386
G1 X127.46 Y170.86 E.01348
G1 X127.216 Y171.214 E.01348
G1 X126.895 Y171.5 E.01348
G1 X126.515 Y171.701 E.01348
G1 X125.583 Y171.935 E.03013
G1 X125.113 Y172.184 E.01668
G1 X124.716 Y172.537 E.01666
G1 X124.415 Y172.975 E.01666
G1 X124.227 Y173.472 E.01666
G1 X124.165 Y173.987 E.01626
G1 X124.165 Y176.986 E.09403
G1 X124.136 Y177.204 E.0069
G1 X124.058 Y177.394 E.00644
G1 X123.932 Y177.557 E.00646
G1 X123.769 Y177.683 E.00646
G1 X123.579 Y177.761 E.00644
G1 X123.361 Y177.79 E.0069
G1 X122.389 Y177.79 E.03048
G1 X122.171 Y177.761 E.0069
G1 X121.981 Y177.683 E.00644
G1 X121.818 Y177.557 E.00646
G1 X121.692 Y177.394 E.00646
G1 X121.614 Y177.204 E.00644
G1 X121.585 Y176.986 E.0069
G1 X121.585 Y173.986 E.09406
G1 X121.511 Y173.428 E.01765
G1 X121.29 Y172.894 E.01812
G1 X120.939 Y172.436 E.01809
G1 X120.481 Y172.085 E.01809
G1 X119.947 Y171.864 E.01812
G1 X119.389 Y171.79 E.01765
G1 X108.137 Y171.79 E.3528
G1 X107.504 Y171.719 E.01997
G1 X106.915 Y171.513 E.01956
G1 X106.386 Y171.18 E.0196
G1 X105.945 Y170.739 E.01955
G1 X105.612 Y170.21 E.0196
G1 X105.406 Y169.621 E.01956
G1 X105.335 Y168.988 E.01997
G1 X105.335 Y152.21 E.52606
G1 X107.335 Y152.21 E.06271
G1 X107.335 Y133.79 E.57755
G1 X105.335 Y133.79 E.06271
G1 X105.335 Y90.21 E1.36642
G1 X107.335 Y90.21 E.06271
G1 X107.335 Y71.79 E.57755
G1 X105.335 Y71.79 E.06271
G1 X105.335 Y54.79 E.53302
G1 X103.335 Y54.79 E.06271
G1 X103.335 Y53.21 E.04954
G1 X106.637 Y53.21 E.10353
G1 X106.637 Y54.21 E.03135
G1 X108.398 Y54.21 E.05521
G1 E-1.4 F2700
;WIPE_START
G1 F7200
G1 X108.458 Y54.21 E-.02138
G1 X108.458 Y53.21 E-.35625
G1 X109.082 Y53.21 E-.22237
;WIPE_END
G1 X105.986 Y54.204 F9000
G1 E2 F2400
;TYPE:Gap fill
;WIDTH:0.1736
G1 F1800
G1 X105.986 Y54.796 E.00643
G1 E-1.4 F2700
;WIPE_START
G1 F7200
G1 X105.986 Y54.204 E-.2109
;WIPE_END
G1 E-.3891 F2700
G1 X106.397 Y132.346 F9000
G1 E2 F2400
;TYPE:Solid infill
;WIDTH:0.439999
G1 X106.779 Y132.728 E.01784
G1 X107.341 Y132.728 E.01856
G1 X106.397 Y131.784 E.04408
G1 E-1.4 F2700
;WIPE_START
G1 F7200
G1 X107.341 Y132.728 E-.4756
G1 X106.992 Y132.728 E-.1244
;WIPE_END
G1 X106.702 Y170.135 F9000
G1 E2 F2400
;WIDTH:0.38292
G1 X106.99 Y170.423 E.01151
;WIDTH:0.439999
G1 X107.624 Y170.635 E.02207
G1 X106.49 Y169.501 E.05295
G1 X106.397 Y168.847 E.02181
G1 X108.278 Y170.728 E.08783
G1 X108.84 Y170.728 E.01856
G1 X106.397 Y168.285 E.11407
G1 X106.397 Y167.724 E.01852
G1 X109.401 Y170.728 E.14027
G1 X109.963 Y170.728 E.01856
G1 X106.397 Y167.162 E.16651
G1 X106.397 Y166.6 E.01856
G1 X110.525 Y170.728 E.19275
G1 X111.086 Y170.728 E.01852
G1 X106.397 Y166.039 E.21895
G1 X106.397 Y165.477 E.01856
G1 X111.648 Y170.728 E.24519
G1 X112.209 Y170.728 E.01852
G1 X106.397 Y164.916 E.27138
G1 X106.397 Y164.354 E.01856
G1 X112.771 Y170.728 E.29762
G1 X113.332 Y170.728 E.01852
G1 X106.397 Y163.793 E.32382
G1 X106.397 Y163.231 E.01856
G1 X113.894 Y170.728 E.35006
G1 X114.455 Y170.728 E.01852
G1 X106.397 Y162.67 E.37626
G1 X106.397 Y162.108 E.01856
G1 X115.017 Y170.728 E.4025
G1 X115.579 Y170.728 E.01856
G1 X106.397 Y161.546 E.42874
G1 X106.397 Y160.985 E.01852
G1 X116.14 Y170.728 E.45493
G1 X116.702 Y170.728 E.01856
G1 X106.397 Y160.423 E.48118
G1 X106.397 Y159.862 E.01852
G1 X117.263 Y170.728 E.50737
G1 X117.825 Y170.728 E.01856
G1 X106.397 Y159.3 E.53361
G1 X106.397 Y158.739 E.01852
G1 X118.386 Y170.728 E.55981
G1 X118.948 Y170.728 E.01856
G1 X106.397 Y158.177 E.58605
G1 X106.397 Y157.616 E.01852
G1 X119.517 Y170.736 E.61262
G1 X120.434 Y170.955 F9000
;WIDTH:0.38292
G1 F2400
G1 X120.415 Y171.026 E.00208
G1 X120.486 Y171.007 E.00208
G1 X120.475 Y170.966 E.0012
;WIDTH:0.41146
G1 X120.319 Y170.893 E.00528
;WIDTH:0.439999
G1 X120.164 Y170.821 E.00564
G1 X106.397 Y157.054 E.64283
G1 E-1.4 F2700
;WIPE_START
G1 F7200
G1 X107.588 Y158.245 E-.6
;WIPE_END
G1 X122.664 Y175.28 F9000
G1 E2 F2400
;WIDTH:0.467264
G1 X122.664 Y175.025 E.009
G1 X122.947 Y175.277 E.01337
G1 X123.089 Y175.245 E.00514
G1 X123.09 Y176.5 E.04428
;WIDTH:0.465887
G1 X123.09 Y176.713 E.00749
G1 X122.668 Y176.709 E.01484
G1 X122.667 Y176.5 E.00735
;WIDTH:0.467264
G1 X122.665 Y175.478 E.03606
;WIDTH:0.439999
G1 X123.016 Y174.796 E.02533
G1 X122.648 Y174.429 E.01716
G1 X123.103 Y174.321 E.01544
G1 X122.565 Y173.774 E.02533
;WIDTH:0.41146
G1 X122.49 Y173.69 E.00345
;WIDTH:0.38292
G1 X122.501 Y173.731 E.0012
G1 X122.43 Y173.75 E.00208
G1 X122.449 Y173.679 E.00208
;WIDTH:0.439999
G1 X122.554 Y173.211 E.01584
G1 X123.121 Y173.777 E.02645
G1 X123.181 Y173.277 E.01663
G1 X122.07 Y172.166 E.05188
G1 X121.824 Y171.885 E.01233
;WIDTH:0.391138
G1 X121.49 Y171.551 E.01368
;WIDTH:0.439999
G1 X121.209 Y171.305 E.01233
G1 X106.397 Y156.493 E.69162
G1 X106.397 Y155.931 E.01856
G1 X114.239 Y163.773 E.36617
G1 X114.345 Y163.914 E.00582
;WIDTH:0.41146
G1 X114.451 Y164.054 E.00538
;WIDTH:0.38292
G1 X114.873 Y164.583 E.01913
G1 X115.53 Y165.242 E.02631
G1 X116.071 Y165.674 E.01957
;WIDTH:0.439999
G1 X116.352 Y165.886 E.01162
G1 X123.324 Y172.858 E.32555
G1 X123.483 Y172.456 E.01427
G1 X117.204 Y166.176 E.29321
G1 X117.079 Y166.077 E.00526
;WIDTH:0.41146
G1 X116.953 Y165.978 E.00491
;WIDTH:0.38292
G1 X116.964 Y166.019 E.0012
G1 X116.893 Y166.038 E.00208
G1 X116.912 Y165.967 E.00208
G1 X117.837 Y166.248 F9000
;WIDTH:0.439999
G1 F2400
G1 X123.712 Y172.123 E.27432
G1 X123.949 Y171.798 E.01328
G1 X118.423 Y166.272 E.25803
G1 X118.984 Y166.272 E.01852
G1 X124.246 Y171.534 E.2457
G1 X124.553 Y171.279 E.01318
G1 X119.546 Y166.272 E.23379
G1 X120.108 Y166.272 E.01856
G1 X124.92 Y171.084 E.22469
G1 X125.307 Y170.909 E.01402
G1 X120.669 Y166.272 E.21654
G1 X121.231 Y166.272 E.01856
G1 X125.755 Y170.797 E.21126
G1 X126.191 Y170.671 E.01498
G1 X121.792 Y166.272 E.2054
G1 X122.354 Y166.272 E.01856
G1 X126.485 Y170.403 E.19289
G1 X126.602 Y169.959 E.01516
G1 X122.915 Y166.272 E.17216
G1 X123.477 Y166.272 E.01856
G1 X126.603 Y169.398 E.14596
G1 X126.603 Y168.837 E.01852
G1 X124.038 Y166.272 E.11977
G1 X124.6 Y166.272 E.01856
G1 X126.603 Y168.275 E.09353
G1 X126.557 Y167.668 E.0201
G1 X125.207 Y166.318 E.06304
G1 X125.983 Y166.611 F9000
;WIDTH:0.38292
G1 F2400
G1 X126.264 Y166.892 E.01123
G1 E-1.4 F2700
;WIPE_START
G1 F7200
G1 X125.983 Y166.611 E-.14157
;WIPE_END
G1 E-.45843 F2700
G1 X114.151 Y163.169 F9000
G1 E2 F2400
G1 X114.162 Y163.21 E.0012
G1 X114.091 Y163.229 E.00208
G1 X114.11 Y163.158 E.00208
;WIDTH:0.41146
G1 X114.029 Y163.039 E.00441
;WIDTH:0.439999
G1 X113.949 Y162.921 E.00471
G1 X106.397 Y155.369 E.35263
G1 X106.397 Y154.808 E.01852
G1 X113.877 Y162.288 E.34927
G1 X113.853 Y161.702 E.01936
G1 X106.397 Y154.246 E.34815
G1 X106.397 Y153.685 E.01852
G1 X113.853 Y161.141 E.34815
G1 X113.853 Y160.579 E.01856
G1 X106.546 Y153.272 E.34119
G1 X106.434 Y153.205 E.00431
;WIDTH:0.41146
G1 X106.323 Y153.138 E.00397
;WIDTH:0.38292
G1 X106.334 Y153.179 E.0012
G1 X106.263 Y153.198 E.00208
G1 X106.282 Y153.127 E.00208
G1 X107.108 Y153.272 F9000
;WIDTH:0.439999
G1 F2400
G1 X113.853 Y160.017 E.31495
G1 X113.853 Y159.456 E.01852
G1 X107.669 Y153.272 E.28875
G1 X108.231 Y153.272 E.01856
G1 X113.853 Y158.894 E.26251
G1 X113.853 Y158.333 E.01852
G1 X108.397 Y152.877 E.25476
G1 X108.327 Y152.787 E.00376
;WIDTH:0.41146
G1 X108.258 Y152.698 E.00345
;WIDTH:0.38292
G1 X108.269 Y152.739 E.0012
G1 X108.198 Y152.758 E.00208
G1 X108.217 Y152.687 E.00208
;WIDTH:0.439999
G1 X108.397 Y152.315 E.01364
G1 X113.853 Y157.771 E.25476
G1 X113.853 Y157.21 E.01852
G1 X108.397 Y151.754 E.25476
G1 X108.397 Y151.192 E.01856
G1 X113.853 Y156.648 E.25476
G1 X113.853 Y156.087 E.01852
G1 X108.397 Y150.631 E.25476
G1 X108.397 Y150.069 E.01856
G1 X113.853 Y155.525 E.25476
G1 X113.926 Y155.37 E.00566
;WIDTH:0.41146
G1 X113.999 Y155.214 E.00528
;WIDTH:0.38292
G1 X114.01 Y155.255 E.0012
G1 X113.939 Y155.274 E.00208
G1 X113.958 Y155.203 E.00208
G1 E-1.4 F2700
;WIPE_START
G1 F7200
G1 X113.939 Y155.274 E-.02618
G1 X114.01 Y155.255 E-.02618
G1 X113.999 Y155.214 E-.01512
;WIPE_END
G1 E-.53252 F2700
G1 X111.853 Y152.963 F9000
G1 E2 F2400
;WIDTH:0.439999
G1 X108.397 Y149.508 E.16135
G1 X108.397 Y148.946 E.01856
G1 X111.853 Y152.402 E.16137
G1 X111.853 Y151.84 E.01856
G1 X108.397 Y148.385 E.16135
G1 X108.397 Y147.823 E.01856
G1 X111.853 Y151.279 E.16137
G1 X111.853 Y150.717 E.01856
G1 X108.397 Y147.261 E.16137
G1 X108.397 Y146.7 E.01852
G1 X111.853 Y150.156 E.16137
G1 X111.853 Y149.594 E.01856
G1 X108.397 Y146.138 E.16137
G1 X108.397 Y145.577 E.01852
G1 X111.853 Y149.033 E.16137
G1 X111.853 Y148.471 E.01856
G1 X108.397 Y145.015 E.16137
G1 X108.397 Y144.454 E.01852
G1 X111.853 Y147.909 E.16135
G1 X111.853 Y147.348 E.01852
G1 X108.397 Y143.892 E.16137
G1 X108.397 Y143.331 E.01852
G1 X111.853 Y146.786 E.16135
G1 X111.853 Y146.225 E.01852
G1 X108.397 Y142.769 E.16137
G1 X108.397 Y142.207 E.01856
G1 X111.853 Y145.663 E.16137
G1 X111.853 Y145.102 E.01852
G1 X108.397 Y141.646 E.16137
G1 X108.397 Y141.084 E.01856
G1 X111.853 Y144.54 E.16137
G1 X111.853 Y143.979 E.01852
G1 X108.397 Y140.523 E.16137
G1 X108.397 Y139.961 E.01856
G1 X111.853 Y143.417 E.16137
G1 X111.853 Y142.855 E.01856
G1 X108.397 Y139.4 E.16135
G1 X108.397 Y138.838 E.01856
G1 X111.853 Y142.294 E.16137
G1 X111.853 Y141.732 E.01856
G1 X108.397 Y138.277 E.16135
G1 X108.397 Y137.715 E.01856
G1 X111.853 Y141.171 E.16137
G1 X111.853 Y140.609 E.01856
G1 X108.397 Y137.153 E.16137
G1 X108.397 Y136.592 E.01852
G1 X111.853 Y140.048 E.16137
G1 X111.853 Y139.486 E.01856
G1 X108.397 Y136.03 E.16137
G1 X108.397 Y135.469 E.01852
G1 X111.853 Y138.925 E.16137
G1 X111.853 Y138.363 E.01856
G1 X108.397 Y134.907 E.16137
G1 X108.397 Y134.346 E.01852
G1 X111.853 Y137.801 E.16135
G1 X111.853 Y137.24 E.01852
G1 X108.397 Y133.784 E.16137
G1 X108.397 Y133.223 E.01852
G1 X111.853 Y136.678 E.16135
G1 E-1.4 F2700
;WIPE_START
G1 F7200
G1 X110.662 Y135.487 E-.6
;WIPE_END
G1 X108.281 Y132.942 F9000
G1 E2 F2400
;WIDTH:0.38292
G1 X108.183 Y132.844 E.00392
;WIDTH:0.41146
G1 X108.043 Y132.786 E.00464
;WIDTH:0.439999
G1 X107.902 Y132.728 E.00503
G1 X106.397 Y131.223 E.07027
G1 X106.397 Y130.661 E.01856
G1 X111.853 Y136.117 E.25476
G1 X111.853 Y135.555 E.01856
G1 X106.397 Y130.099 E.25476
G1 X106.397 Y129.538 E.01852
G1 X111.853 Y134.994 E.25476
G1 X111.853 Y134.432 E.01856
G1 X106.397 Y128.976 E.25476
G1 X106.397 Y128.415 E.01852
G1 X111.853 Y133.871 E.25476
G1 X111.853 Y133.309 E.01856
G1 X106.397 Y127.853 E.25476
G1 X106.397 Y127.292 E.01852
G1 X111.853 Y132.747 E.25474
G1 X112.566 Y132.867 E.02387
;WIDTH:0.38292
G1 X112.577 Y132.908 E.0012
G1 X112.506 Y132.927 E.00208
G1 X112.525 Y132.856 E.00208
;WIDTH:0.41146
G1 X112.46 Y132.792 E.0028
;WIDTH:0.439999
G1 X106.397 Y126.73 E.28308
G1 X106.397 Y126.169 E.01852
G1 X112.956 Y132.728 E.30626
G1 X113.518 Y132.728 E.01856
G1 X106.397 Y125.607 E.3325
G1 X106.397 Y125.045 E.01856
G1 X113.853 Y132.501 E.34815
G1 X113.89 Y132.637 E.00465
;WIDTH:0.41146
G1 X113.928 Y132.773 E.00433
;WIDTH:0.38292
G1 X113.909 Y132.844 E.00208
G1 X113.98 Y132.825 E.00208
G1 X113.969 Y132.784 E.0012
G1 X113.853 Y131.94 F9000
;WIDTH:0.439999
G1 F2400
G1 X106.397 Y124.484 E.34815
G1 X106.397 Y123.922 E.01856
G1 X113.853 Y131.378 E.34815
G1 X113.853 Y130.817 E.01852
G1 X106.397 Y123.361 E.34815
G1 X106.397 Y122.799 E.01856
G1 X113.853 Y130.255 E.34815
G1 X113.853 Y129.693 E.01856
G1 X106.397 Y122.238 E.34812
G1 X106.397 Y121.676 E.01856
G1 X113.853 Y129.132 E.34815
G1 X113.853 Y128.57 E.01856
G1 X106.397 Y121.115 E.34812
G1 X106.397 Y120.553 E.01856
G1 X113.853 Y128.009 E.34815
G1 X113.853 Y127.447 E.01856
G1 X106.397 Y119.991 E.34815
G1 X106.397 Y119.43 E.01852
G1 X113.853 Y126.886 E.34815
G1 X113.853 Y126.324 E.01856
G1 X106.397 Y118.868 E.34815
G1 X106.397 Y118.307 E.01852
G1 X113.853 Y125.763 E.34815
G1 X113.853 Y125.201 E.01856
G1 X106.397 Y117.745 E.34815
G1 X106.397 Y117.184 E.01852
G1 X113.853 Y124.639 E.34812
G1 X113.853 Y124.078 E.01852
G1 X106.397 Y116.622 E.34815
G1 X106.397 Y116.061 E.01852
G1 X113.853 Y123.516 E.34812
G1 X113.853 Y122.955 E.01852
G1 X106.397 Y115.499 E.34815
G1 X106.397 Y114.937 E.01856
G1 X113.853 Y122.393 E.34815
G1 X113.853 Y121.832 E.01852
G1 X106.397 Y114.376 E.34815
G1 X106.397 Y113.814 E.01856
G1 X113.853 Y121.27 E.34815
G1 X113.853 Y120.709 E.01852
G1 X106.397 Y113.253 E.34815
G1 X106.397 Y112.691 E.01856
G1 X113.853 Y120.147 E.34815
G1 X113.853 Y119.585 E.01856
G1 X106.397 Y112.13 E.34812
G1 X106.397 Y111.568 E.01856
G1 X113.853 Y119.024 E.34815
G1 X113.853 Y118.462 E.01856
G1 X106.397 Y111.007 E.34812
G1 X106.397 Y110.445 E.01856
G1 X113.853 Y117.901 E.34815
G1 X113.853 Y117.339 E.01856
G1 X106.397 Y109.883 E.34815
G1 X106.397 Y109.322 E.01852
G1 X113.853 Y116.778 E.34815
G1 X113.853 Y116.216 E.01856
G1 X106.397 Y108.76 E.34815
G1 X106.397 Y108.199 E.01852
G1 X113.853 Y115.655 E.34815
G1 X113.853 Y115.093 E.01856
G1 X106.397 Y107.637 E.34815
G1 X106.397 Y107.076 E.01852
G1 X113.853 Y114.531 E.34812
G1 X113.853 Y113.97 E.01852
G1 X106.397 Y106.514 E.34815
G1 X106.397 Y105.953 E.01852
G1 X113.853 Y113.408 E.34812
G1 X113.853 Y112.847 E.01852
G1 X106.397 Y105.391 E.34815
G1 X106.397 Y104.829 E.01856
G1 X113.853 Y112.285 E.34815
G1 X113.853 Y111.724 E.01852
G1 X106.397 Y104.268 E.34815
G1 X106.397 Y103.706 E.01856
G1 X113.853 Y111.162 E.34815
G1 X113.853 Y110.601 E.01852
G1 X106.397 Y103.145 E.34815
G1 X106.397 Y102.583 E.01856
G1 X113.853 Y110.039 E.34815
G1 X113.853 Y109.477 E.01856
G1 X106.397 Y102.022 E.34812
G1 X106.397 Y101.46 E.01856
G1 X113.853 Y108.916 E.34815
G1 X113.853 Y108.354 E.01856
G1 X106.397 Y100.899 E.34812
G1 X106.397 Y100.337 E.01856
G1 X113.853 Y107.793 E.34815
G1 X113.853 Y107.231 E.01856
G1 X106.397 Y99.776 E.34812
G1 X106.397 Y99.214 E.01856
G1 X113.853 Y106.67 E.34815
G1 X113.853 Y106.108 E.01856
G1 X106.397 Y98.652 E.34815
G1 X106.397 Y98.091 E.01852
G1 X113.853 Y105.547 E.34815
G1 X113.853 Y104.985 E.01856
G1 X106.397 Y97.529 E.34815
G1 X106.397 Y96.968 E.01852
G1 X113.853 Y104.424 E.34815
G1 X113.853 Y103.862 E.01856
G1 X106.397 Y96.406 E.34815
G1 X106.397 Y95.845 E.01852
G1 X113.853 Y103.3 E.34812
G1 X113.853 Y102.739 E.01852
G1 X106.397 Y95.283 E.34815
G1 X106.397 Y94.722 E.01852
G1 X113.853 Y102.177 E.34812
G1 X113.853 Y101.616 E.01852
G1 X106.397 Y94.16 E.34815
G1 X106.397 Y93.598 E.01856
G1 X113.853 Y101.054 E.34815
G1 X113.853 Y100.493 E.01852
G1 X106.397 Y93.037 E.34815
G1 X106.397 Y92.475 E.01856
G1 X113.853 Y99.931 E.34815
G1 X113.853 Y99.37 E.01852
G1 X106.397 Y91.914 E.34815
G1 X106.266 Y91.141 E.02589
;WIDTH:0.38292
G1 X106.475 Y91.124 E.00593
;WIDTH:0.41146
G1 X106.436 Y91.238 E.00369
;WIDTH:0.439999
G1 X106.397 Y91.352 E.00398
G1 X113.853 Y98.808 E.34815
G1 X113.853 Y98.246 E.01856
G1 X106.879 Y91.272 E.32564
G1 X107.44 Y91.272 E.01852
G1 X113.853 Y97.685 E.29945
G1 X113.853 Y97.123 E.01856
G1 X108.002 Y91.272 E.2732
G1 X108.397 Y91.106 E.01415
G1 X113.853 Y96.562 E.25476
G1 X113.853 Y96 E.01856
G1 X108.397 Y90.544 E.25476
G1 X108.397 Y89.983 E.01852
G1 X113.853 Y95.439 E.25476
G1 X113.853 Y94.877 E.01856
G1 X108.397 Y89.421 E.25476
G1 X108.397 Y88.86 E.01852
G1 X113.853 Y94.316 E.25476
G1 X113.999 Y93.443 F9000
;WIDTH:0.38292
G1 F2400
G1 X114.01 Y93.484 E.0012
G1 X113.939 Y93.503 E.00208
G1 X113.958 Y93.432 E.00208
;WIDTH:0.41146
G1 X113.906 Y93.593 E.00518
;WIDTH:0.439999
G1 X113.853 Y93.754 E.0056
G1 X108.397 Y88.298 E.25476
G1 X108.397 Y87.737 E.01852
G1 X113.853 Y93.192 E.25474
G1 X113.853 Y92.631 E.01852
G1 X112.494 Y91.272 E.06346
G1 X113.056 Y91.272 E.01856
G1 X113.853 Y92.069 E.03721
G1 X113.831 Y91.294 E.0256
;WIDTH:0.578022
G1 X113.848 Y91.358 E.00295
G1 X113.801 Y91.406 E.00299
G1 X113.737 Y91.388 E.00296
G1 X113.719 Y91.324 E.00296
G1 X113.767 Y91.277 E.00299
G1 E-1.4 F2700
;WIPE_START
G1 F7200
G1 X113.719 Y91.324 E-.02393
G1 X113.737 Y91.388 E-.02368
G1 X113.801 Y91.406 E-.02368
G1 X113.848 Y91.358 E-.02393
G1 X113.831 Y91.294 E-.02359
;WIPE_END
G1 E-.48119 F2700
G1 X111.853 Y90.631 F9000
G1 E2 F2400
;WIDTH:0.439999
G1 X108.397 Y87.175 E.16137
G1 X108.397 Y86.614 E.01852
G1 X111.853 Y90.069 E.16135
G1 X111.853 Y89.508 E.01852
G1 X108.397 Y86.052 E.16137
G1 X108.397 Y85.49 E.01856
G1 X111.853 Y88.946 E.16137
G1 X111.853 Y88.385 E.01852
G1 X108.397 Y84.929 E.16137
G1 X108.397 Y84.367 E.01856
G1 X111.853 Y87.823 E.16137
G1 X111.853 Y87.262 E.01852
G1 X108.397 Y83.806 E.16137
G1 X108.397 Y83.244 E.01856
G1 X111.853 Y86.7 E.16137
G1 X111.853 Y86.138 E.01856
G1 X108.397 Y82.683 E.16135
G1 X108.397 Y82.121 E.01856
G1 X111.853 Y85.577 E.16137
G1 X111.853 Y85.015 E.01856
G1 X108.397 Y81.56 E.16135
G1 X108.397 Y80.998 E.01856
G1 X111.853 Y84.454 E.16137
G1 X111.853 Y83.892 E.01856
G1 X108.397 Y80.436 E.16137
G1 X108.397 Y79.875 E.01852
G1 X111.853 Y83.331 E.16137
G1 X111.853 Y82.769 E.01856
G1 X108.397 Y79.313 E.16137
G1 X108.397 Y78.752 E.01852
G1 X111.853 Y82.208 E.16137
G1 X111.853 Y81.646 E.01856
G1 X108.397 Y78.19 E.16137
G1 X108.397 Y77.629 E.01852
G1 X111.853 Y81.084 E.16135
G1 X111.853 Y80.523 E.01852
G1 X108.397 Y77.067 E.16137
G1 X108.397 Y76.506 E.01852
G1 X111.853 Y79.961 E.16135
G1 X111.853 Y79.4 E.01852
G1 X108.397 Y75.944 E.16137
G1 X108.397 Y75.382 E.01856
G1 X111.853 Y78.838 E.16137
G1 X111.853 Y78.277 E.01852
G1 X108.397 Y74.821 E.16137
G1 X108.397 Y74.259 E.01856
G1 X111.853 Y77.715 E.16137
G1 X111.853 Y77.154 E.01852
G1 X108.397 Y73.698 E.16137
G1 X108.397 Y73.136 E.01856
G1 X111.853 Y76.592 E.16137
G1 X111.853 Y76.03 E.01856
G1 X108.397 Y72.575 E.16135
G1 X108.397 Y72.013 E.01856
G1 X111.853 Y75.469 E.16137
G1 X111.853 Y74.907 E.01856
G1 X108.397 Y71.452 E.16135
G1 E-1.4 F2700
;WIPE_START
G1 F7200
G1 X109.588 Y72.643 E-.6
;WIPE_END
G1 X106.485 Y70.64 F9000
G1 E2 F2400
;WIDTH:0.529748
G1 X106.501 Y70.699 E.00247
G1 X106.458 Y70.742 E.00246
G1 X106.399 Y70.726 E.00247
G1 X106.383 Y70.667 E.00247
G1 X106.426 Y70.624 E.00246
;WIDTH:0.439999
G1 X106.397 Y70.013 E.0202
G1 X107.112 Y70.728 E.03339
G1 X107.673 Y70.728 E.01852
G1 X106.397 Y69.452 E.05958
G1 X106.397 Y68.89 E.01856
G1 X111.853 Y74.346 E.25476
G1 X111.853 Y73.784 E.01856
G1 X106.397 Y68.328 E.25476
G1 X106.397 Y67.767 E.01852
G1 X111.853 Y73.223 E.25476
G1 X111.853 Y72.661 E.01856
G1 X106.397 Y67.205 E.25476
G1 X106.397 Y66.644 E.01852
G1 X111.853 Y72.1 E.25476
G1 X111.853 Y71.538 E.01856
G1 X106.397 Y66.082 E.25476
G1 X106.397 Y65.521 E.01852
G1 X111.853 Y70.976 E.25474
G1 X112.166 Y70.728 E.01319
G1 X106.397 Y64.959 E.26937
G1 X106.397 Y64.398 E.01852
G1 X112.727 Y70.728 E.29557
G1 X113.289 Y70.728 E.01856
G1 X106.397 Y63.836 E.32181
G1 X106.397 Y63.274 E.01856
G1 X113.851 Y70.728 E.34805
G1 X113.853 Y70.169 E.01846
G1 X106.397 Y62.713 E.34815
G1 X106.397 Y62.151 E.01856
G1 X113.853 Y69.607 E.34815
G1 X113.853 Y69.046 E.01852
G1 X106.397 Y61.59 E.34815
G1 X106.397 Y61.028 E.01856
G1 X113.853 Y68.484 E.34815
G1 X113.853 Y67.922 E.01856
G1 X106.397 Y60.467 E.34812
G1 X106.397 Y59.905 E.01856
G1 X113.853 Y67.361 E.34815
G1 X113.853 Y66.799 E.01856
G1 X106.397 Y59.344 E.34812
G1 X106.397 Y58.782 E.01856
G1 X113.853 Y66.238 E.34815
G1 X113.853 Y65.676 E.01856
G1 X106.397 Y58.22 E.34815
G1 X106.397 Y57.659 E.01852
G1 X113.853 Y65.115 E.34815
G1 X113.853 Y64.553 E.01856
G1 X106.397 Y57.097 E.34815
G1 X106.397 Y56.536 E.01852
G1 X113.853 Y63.992 E.34815
G1 X113.853 Y63.43 E.01856
G1 X106.397 Y55.974 E.34815
G1 X106.397 Y55.413 E.01852
G1 X113.853 Y62.868 E.34812
G1 X113.853 Y62.307 E.01852
G1 X106.818 Y55.272 E.32849
G1 X107.38 Y55.272 E.01856
G1 X113.853 Y61.745 E.30225
G1 X113.853 Y61.184 E.01852
G1 X107.941 Y55.272 E.27605
G1 X108.503 Y55.272 E.01856
G1 X113.853 Y60.622 E.24981
G1 X113.853 Y60.061 E.01852
G1 X109.064 Y55.272 E.22361
G1 X109.006 Y55.172 E.00382
;WIDTH:0.41146
G1 X108.949 Y55.073 E.0035
;WIDTH:0.38292
G1 X108.96 Y55.114 E.0012
G1 X108.889 Y55.133 E.00208
G1 X108.908 Y55.062 E.00208
;WIDTH:0.439999
G1 X109.52 Y55.167 E.0205
G1 X113.853 Y59.499 E.2023
G1 X113.853 Y58.938 E.01852
G1 X109.52 Y54.605 E.20232
G1 X109.423 Y54.145 E.01552
;WIDTH:0.38292
G1 X109.404 Y54.216 E.00208
G1 X109.476 Y54.197 E.00211
G1 X109.465 Y54.156 E.0012
;WIDTH:0.41146
G1 X109.607 Y54.214 E.0047
;WIDTH:0.439999
G1 X109.749 Y54.272 E.00506
G1 X113.853 Y58.376 E.19163
G1 X113.926 Y58.221 E.00566
;WIDTH:0.41146
G1 X113.999 Y58.065 E.00528
;WIDTH:0.38292
G1 X114.01 Y58.106 E.0012
G1 X113.939 Y58.125 E.00208
G1 X113.958 Y58.054 E.00208
G1 E-1.4 F2700
;WIPE_START
G1 F7200
G1 X113.939 Y58.125 E-.02618
G1 X114.01 Y58.106 E-.02618
G1 X113.999 Y58.065 E-.01512
;WIPE_END
G1 E-.53252 F2700
G1 X111.05 Y55.012 F9000
G1 E2 F2400
;WIDTH:0.439999
G1 X110.311 Y54.272 E.03453
G1 X110.249 Y54.172 E.00388
;WIDTH:0.41146
G1 X110.188 Y54.073 E.00356
;WIDTH:0.38292
G1 X110.199 Y54.114 E.0012
G1 X110.128 Y54.133 E.00208
G1 X110.147 Y54.062 E.00208
G1 X110.982 Y54.264 F9000
;WIDTH:0.544306
G1 F2400
G1 X110.937 Y54.308 E.00262
G1 X110.954 Y54.369 E.00264
G1 X111.014 Y54.385 E.00259
G1 X111.059 Y54.34 E.00265
G1 X111.042 Y54.28 E.0026
G1 X111.311 Y55.272 F9000
;WIDTH:0.439999
G1 F2400
G1 X113.853 Y57.814 E.11869
G1 X113.853 Y57.253 E.01852
G1 X111.872 Y55.272 E.0925
G1 X112.434 Y55.272 E.01856
G1 X113.853 Y56.691 E.06626
G1 X113.853 Y56.13 E.01852
G1 X112.995 Y55.272 E.04006
G1 X113.557 Y55.272 E.01856
G1 X113.853 Y55.568 E.01382
G1 E-1.4 F2700
;WIPE_START
G1 F7200
G1 X113.557 Y55.272 E-.14913
G1 X112.995 Y55.272 E-.20021
G1 X113.492 Y55.769 E-.25066
;WIPE_END
G1 X112.162 Y153.272 F9000
G1 E2 F2400
G1 X113.853 Y154.963 E.07896
G1 X113.853 Y154.402 E.01852
G1 X112.723 Y153.272 E.05276
G1 X113.285 Y153.272 E.01856
G1 X113.853 Y153.84 E.02652
G1 X113.886 Y153.239 E.01987
;WIDTH:0.443874
G1 X113.899 Y153.287 E.00166
G1 X113.864 Y153.322 E.00165
G1 X113.816 Y153.309 E.00166
G1 X113.803 Y153.261 E.00166
G1 X113.838 Y153.226 E.00165
EXCLUDE_OBJECT_END NAME=Trigger1_holder_stl
;LAYER_CHANGE
;Z:1.6
;HEIGHT:0.2
;BEFORE_LAYER_CHANGE
G92 E0
;1.6


G1 E-1.4 F2700
;WIPE_START
G1 F7200
G1 X113.803 Y153.261 E-.01763
G1 X113.816 Y153.309 E-.01772
G1 X113.864 Y153.322 E-.01772
G1 X113.899 Y153.287 E-.01763
G1 X113.886 Y153.239 E-.01772
;WIPE_END
G1 E-.51158 F2700
G1 Z1.6 F9000
;AFTER_LAYER_CHANGE
;1.6
EXCLUDE_OBJECT_START NAME=Trigger1_holder_stl
G1 X112.131 Y152.994
G1 E2 F2400
;TYPE:Perimeter
;WIDTH:0.44
G1 F3600
G1 X114.131 Y152.994 E.06603
G1 X114.131 Y162.056 E.2992
G1 X114.225 Y162.89 E.02771
G1 X114.521 Y163.736 E.02959
G1 X114.997 Y164.494 E.02955
G1 X115.631 Y165.128 E.0296
G1 X116.389 Y165.604 E.02955
G1 X117.235 Y165.9 E.02959
G1 X118.069 Y165.994 E.02771
G1 X124.819 Y165.994 E.22287
G1 X125.32 Y166.051 E.01665
G1 X125.743 Y166.198 E.01479
G1 X126.122 Y166.437 E.01479
G1 X126.438 Y166.753 E.01476
G1 X126.677 Y167.132 E.01479
G1 X126.824 Y167.555 E.01479
G1 X126.881 Y168.056 E.01665
G1 X126.881 Y169.971 E.06323
G1 X126.845 Y170.27 E.00994
G1 X126.76 Y170.494 E.00791
G1 X126.624 Y170.692 E.00793
G1 X126.445 Y170.851 E.00791
G1 X126.233 Y170.964 E.00793
G1 X125.3 Y171.198 E.03176
G1 X124.663 Y171.535 E.02379
G1 X124.124 Y172.015 E.02383
G1 X123.715 Y172.609 E.02381
G1 X123.46 Y173.284 E.02382
G1 X123.381 Y173.94 E.02182
G1 X123.381 Y176.935 E.09889
G1 X123.373 Y176.998 E.0021
G1 X123.31 Y177.006 E.0021
G1 X122.377 Y176.998 E.03081
G1 X122.369 Y173.935 E.10113
G1 X122.275 Y173.223 E.02371
G1 X121.975 Y172.499 E.02588
G1 X121.498 Y171.877 E.02588
G1 X120.876 Y171.4 E.02588
G1 X120.152 Y171.1 E.02588
G1 X119.44 Y171.006 E.02371
G1 X108.181 Y171.006 E.37174
G1 X107.68 Y170.949 E.01665
G1 X107.257 Y170.802 E.01479
G1 X106.878 Y170.563 E.01479
G1 X106.562 Y170.247 E.01476
G1 X106.323 Y169.868 E.01479
G1 X106.176 Y169.445 E.01479
G1 X106.119 Y168.944 E.01665
G1 X106.119 Y152.994 E.52663
G1 X108.119 Y152.994 E.06603
G1 X108.119 Y133.006 E.65995
G1 X106.119 Y133.006 E.06603
G1 X106.119 Y90.994 E1.38712
G1 X108.119 Y90.994 E.06603
G1 X108.119 Y71.006 E.65995
G1 X106.119 Y71.006 E.06603
G1 X106.119 Y54.994 E.52867
G1 X109.132 Y54.994 E.09948
G1 X109.132 Y53.994 E.03302
G1 X111.328 Y53.994 E.07251
G1 X111.328 Y54.994 E.03302
G1 X114.131 Y54.994 E.09255
G1 X114.131 Y71.006 E.52867
G1 X112.131 Y71.006 E.06603
G1 X112.131 Y90.994 E.65995
G1 X114.131 Y90.994 E.06603
G1 X114.131 Y133.006 E1.38712
G1 X112.131 Y133.006 E.06603
G1 X112.131 Y152.934 E.65797
G1 E-1.4 F2700
;WIPE_START
G1 F7200
G1 X112.131 Y152.994 E-.02138
G1 X113.755 Y152.994 E-.57862
;WIPE_END
G1 X114.58 Y53.994 F9000
G1 E2 F2400
G1 F1800
G1 X115.131 Y54.006 E.0182
G1 X114.64 Y53.995 E.01622
G1 E-1.4 F2700
;WIPE_START
G1 F7200
G1 X114.58 Y53.994 E-.02138
G1 X115.131 Y54.006 E-.19634
G1 X114.64 Y53.995 E-.17496
;WIPE_END
G1 E-.20732 F2700
G1 X105.747 Y54.006 F9000
G1 E2 F2400
G1 F1800
G1 X104.119 Y53.994 E.05375
G1 X105.687 Y54.005 E.05177
G1 X106.144 Y54.21 F9000
G1 F3600
G1 X106.144 Y54.597 E.01278
G1 X108.735 Y54.597 E.08555
G1 X108.735 Y53.597 E.03302
G1 X111.725 Y53.597 E.09872
G1 X111.725 Y54.597 E.03302
G1 X114.183 Y54.597 E.08116
G1 X114.183 Y53.597 E.03302
G1 X115.528 Y53.597 E.04441
G1 X115.528 Y54.403 E.02661
G1 X114.528 Y54.403 E.03302
G1 X114.528 Y71.403 E.56129
G1 X112.528 Y71.403 E.06603
G1 X112.528 Y90.597 E.63373
G1 X114.528 Y90.597 E.06603
G1 X114.528 Y133.403 E1.41334
G1 X112.528 Y133.403 E.06603
G1 X112.528 Y152.597 E.63373
G1 X114.528 Y152.597 E.06603
G1 X114.528 Y162.034 E.31158
G1 X114.614 Y162.801 E.02548
G1 X114.881 Y163.562 E.02663
G1 X115.31 Y164.245 E.02663
G1 X115.88 Y164.815 E.02662
G1 X116.563 Y165.244 E.02663
G1 X117.324 Y165.511 E.02663
G1 X118.091 Y165.597 E.02548
G1 X124.841 Y165.597 E.22287
G1 X125.409 Y165.661 E.01887
G1 X125.916 Y165.838 E.01773
G1 X126.371 Y166.124 E.01774
G1 X126.751 Y166.504 E.01774
G1 X127.037 Y166.959 E.01774
G1 X127.214 Y167.466 E.01773
G1 X127.278 Y168.034 E.01887
G1 X127.278 Y169.995 E.06475
G1 X127.233 Y170.365 E.01231
G1 X127.114 Y170.679 E.01109
G1 X126.924 Y170.956 E.01109
G1 X126.673 Y171.18 E.01111
G1 X126.376 Y171.337 E.01109
G1 X125.443 Y171.571 E.03176
G1 X124.891 Y171.864 E.02063
G1 X124.424 Y172.279 E.02063
G1 X124.07 Y172.795 E.02066
G1 X123.849 Y173.379 E.02062
G1 X123.778 Y173.964 E.01946
G1 X123.778 Y176.961 E.09895
G1 X123.759 Y177.103 E.00473
G1 X123.719 Y177.199 E.00343
G1 X123.656 Y177.281 E.00341
G1 X123.574 Y177.344 E.00341
G1 X123.478 Y177.384 E.00343
G1 X123.336 Y177.403 E.00473
G1 X122.414 Y177.403 E.03044
G1 X122.272 Y177.384 E.00473
G1 X122.176 Y177.344 E.00343
G1 X122.094 Y177.281 E.00341
G1 X122.031 Y177.199 E.00341
G1 X121.991 Y177.103 E.00343
G1 X121.972 Y176.961 E.00473
G1 X121.972 Y173.961 E.09905
G1 X121.889 Y173.326 E.02114
G1 X121.629 Y172.699 E.02241
G1 X121.215 Y172.16 E.02244
G1 X120.676 Y171.746 E.02244
G1 X120.049 Y171.486 E.02241
G1 X119.414 Y171.403 E.02114
G1 X108.159 Y171.403 E.37161
G1 X107.591 Y171.339 E.01887
G1 X107.084 Y171.162 E.01773
G1 X106.629 Y170.876 E.01774
G1 X106.249 Y170.496 E.01774
G1 X105.963 Y170.041 E.01774
G1 X105.786 Y169.534 E.01773
G1 X105.722 Y168.966 E.01887
G1 X105.722 Y152.597 E.54046
G1 X107.722 Y152.597 E.06603
G1 X107.722 Y133.403 E.63373
G1 X105.722 Y133.403 E.06603
G1 X105.722 Y90.597 E1.41334
G1 X107.722 Y90.597 E.06603
G1 X107.722 Y71.403 E.63373
G1 X105.722 Y71.403 E.06603
G1 X105.722 Y54.403 E.56129
G1 X103.722 Y54.403 E.06603
G1 X103.722 Y53.597 E.02661
G1 X106.144 Y53.597 E.07997
G1 X106.144 Y54.15 E.01826
G1 E-1.4 F2700
;WIPE_START
G1 F7200
G1 X106.144 Y54.21 E-.02138
G1 X106.144 Y54.597 E-.13787
G1 X107.381 Y54.597 E-.44075
;WIPE_END
G1 X108.348 Y54.21 F9000
G1 E2 F2400
;TYPE:External perimeter
;WIDTH:0.42
G1 F1800
G1 X108.348 Y53.21 E.03135
G1 X112.112 Y53.21 E.11802
G1 X112.112 Y54.21 E.03135
G1 X113.795 Y54.21 E.05277
G1 X113.795 Y53.21 E.03135
G1 X115.915 Y53.21 E.06647
G1 X115.915 Y54.79 E.04954
G1 X114.915 Y54.79 E.03135
G1 X114.915 Y71.79 E.53302
G1 X112.915 Y71.79 E.06271
G1 X112.915 Y90.21 E.57755
G1 X114.915 Y90.21 E.06271
G1 X114.915 Y133.79 E1.36642
G1 X112.915 Y133.79 E.06271
G1 X112.915 Y152.21 E.57755
G1 X114.915 Y152.21 E.06271
G1 X114.915 Y162.012 E.30733
G1 X114.994 Y162.715 E.02218
G1 X115.232 Y163.393 E.02253
G1 X115.614 Y164.002 E.02254
G1 X116.123 Y164.511 E.02257
G1 X116.732 Y164.893 E.02254
G1 X117.41 Y165.131 E.02253
G1 X118.113 Y165.21 E.02218
G1 X124.863 Y165.21 E.21164
G1 X125.496 Y165.281 E.01997
G1 X126.085 Y165.487 E.01956
G1 X126.614 Y165.82 E.0196
G1 X127.055 Y166.261 E.01955
G1 X127.388 Y166.79 E.0196
G1 X127.594 Y167.379 E.01956
G1 X127.665 Y168.012 E.01997
G1 X127.665 Y170.019 E.06293
G1 X127.612 Y170.458 E.01386
G1 X127.46 Y170.86 E.01348
G1 X127.216 Y171.214 E.01348
G1 X126.895 Y171.5 E.01348
G1 X126.515 Y171.701 E.01348
G1 X125.583 Y171.935 E.03013
G1 X125.113 Y172.184 E.01668
G1 X124.716 Y172.537 E.01666
G1 X124.415 Y172.975 E.01666
G1 X124.227 Y173.472 E.01666
G1 X124.165 Y173.987 E.01626
G1 X124.165 Y176.986 E.09403
G1 X124.136 Y177.204 E.0069
G1 X124.058 Y177.394 E.00644
G1 X123.932 Y177.557 E.00646
G1 X123.769 Y177.683 E.00646
G1 X123.579 Y177.761 E.00644
G1 X123.361 Y177.79 E.0069
G1 X122.389 Y177.79 E.03048
G1 X122.171 Y177.761 E.0069
G1 X121.981 Y177.683 E.00644
G1 X121.818 Y177.557 E.00646
G1 X121.692 Y177.394 E.00646
G1 X121.614 Y177.204 E.00644
G1 X121.585 Y176.986 E.0069
G1 X121.585 Y173.986 E.09406
G1 X121.511 Y173.428 E.01765
G1 X121.29 Y172.894 E.01812
G1 X120.939 Y172.436 E.01809
G1 X120.481 Y172.085 E.01809
G1 X119.947 Y171.864 E.01812
G1 X119.389 Y171.79 E.01765
G1 X108.137 Y171.79 E.3528
G1 X107.504 Y171.719 E.01997
G1 X106.915 Y171.513 E.01956
G1 X106.386 Y171.18 E.0196
G1 X105.945 Y170.739 E.01955
G1 X105.612 Y170.21 E.0196
G1 X105.406 Y169.621 E.01956
G1 X105.335 Y168.988 E.01997
G1 X105.335 Y152.21 E.52606
G1 X107.335 Y152.21 E.06271
G1 X107.335 Y133.79 E.57755
G1 X105.335 Y133.79 E.06271
G1 X105.335 Y90.21 E1.36642
G1 X107.335 Y90.21 E.06271
G1 X107.335 Y71.79 E.57755
G1 X105.335 Y71.79 E.06271
G1 X105.335 Y54.79 E.53302
G1 X103.335 Y54.79 E.06271
G1 X103.335 Y53.21 E.04954
G1 X106.531 Y53.21 E.10021
G1 X106.531 Y54.21 E.03135
G1 X108.288 Y54.21 E.05509
G1 E-1.4 F2700
;WIPE_START
G1 F7200
G1 X108.348 Y54.21 E-.02138
G1 X108.348 Y53.21 E-.35625
G1 X108.972 Y53.21 E-.22237
;WIPE_END
G1 X109.808 Y54.272 F9000
G1 E2 F2400
;TYPE:Solid infill
;WIDTH:0.439999
G1 X109.41 Y54.67 E.01858
G1 E-1.4 F2700
;WIPE_START
G1 F7200
G1 X109.808 Y54.272 E-.20052
;WIPE_END
G1 E-.39948 F2700
G1 X106.505 Y55.304 F9000
G1 E2 F2400
;WIDTH:0.53634
G1 X106.461 Y55.261 E.00252
G1 X106.402 Y55.277 E.00251
G1 X106.386 Y55.336 E.00251
G1 X106.429 Y55.38 E.00252
G1 X106.489 Y55.364 E.00255
;WIDTH:0.439999
G1 X107.123 Y55.272 E.02115
G1 X106.397 Y55.998 E.0339
G1 X106.397 Y56.56 E.01856
G1 X107.685 Y55.272 E.06014
G1 X108.246 Y55.272 E.01852
G1 X106.397 Y57.121 E.08634
G1 X106.397 Y57.683 E.01856
G1 X108.808 Y55.272 E.11258
G1 X109.369 Y55.272 E.01852
G1 X106.397 Y58.244 E.13877
G1 E-1.4 F2700
;WIPE_START
G1 F7200
G1 X107.588 Y57.053 E-.6
;WIPE_END
G1 X109.41 Y55.232 F9000
G1 E2 F2400
G1 X110.369 Y54.272 E.0448
G1 X110.525 Y54.229 E.00534
;WIDTH:0.41146
G1 X110.68 Y54.186 E.00493
;WIDTH:0.38292
G1 X110.639 Y54.197 E.0012
G1 X110.62 Y54.126 E.00208
G1 X110.691 Y54.145 E.00208
;WIDTH:0.439999
G1 X111.206 Y54.146 E.017
;WIDTH:0.38292
G1 X111.135 Y54.127 E.00208
G1 X111.154 Y54.198 E.00208
G1 X111.195 Y54.187 E.0012
;WIDTH:0.41146
G1 X111.063 Y54.23 E.00425
;WIDTH:0.439999
G1 X110.931 Y54.272 E.00457
G1 X106.397 Y58.806 E.21171
G1 X106.397 Y59.367 E.01852
G1 X111.05 Y54.714 E.21726
G1 X111.054 Y55.272 E.01842
G1 X106.397 Y59.929 E.21745
G1 X106.397 Y60.491 E.01856
G1 X111.616 Y55.272 E.24369
G1 X112.177 Y55.272 E.01852
G1 X106.397 Y61.052 E.26989
G1 X106.397 Y61.614 E.01856
G1 X112.739 Y55.272 E.29613
G1 X113.3 Y55.272 E.01852
G1 X106.397 Y62.175 E.32232
G1 X106.397 Y62.737 E.01856
G1 X113.853 Y55.281 E.34815
G1 X113.853 Y55.843 E.01856
G1 X106.397 Y63.298 E.34812
G1 X106.397 Y63.86 E.01856
G1 X113.853 Y56.404 E.34815
G1 X113.853 Y56.966 E.01856
G1 X106.397 Y64.421 E.34812
G1 X106.397 Y64.983 E.01856
G1 X113.853 Y57.527 E.34815
G1 X113.853 Y58.089 E.01856
G1 X106.397 Y65.545 E.34815
G1 X106.397 Y66.106 E.01852
G1 X113.853 Y58.65 E.34815
G1 X113.853 Y59.212 E.01856
G1 X106.397 Y66.668 E.34815
G1 X106.397 Y67.229 E.01852
G1 X113.853 Y59.773 E.34815
G1 X113.853 Y60.335 E.01856
G1 X106.397 Y67.791 E.34815
G1 X106.397 Y68.352 E.01852
G1 X113.853 Y60.897 E.34812
G1 X113.853 Y61.458 E.01852
G1 X106.397 Y68.914 E.34815
G1 X106.397 Y69.475 E.01852
G1 X113.853 Y62.02 E.34812
G1 X113.853 Y62.581 E.01852
G1 X106.397 Y70.037 E.34815
G1 X106.316 Y70.869 F9000
;WIDTH:0.38292
G1 F2400
G1 X106.275 Y70.88 E.0012
G1 X106.256 Y70.809 E.00208
G1 X106.327 Y70.828 E.00208
;WIDTH:0.41146
G1 X106.362 Y70.713 E.00368
;WIDTH:0.439999
G1 X106.397 Y70.599 E.00394
G1 X113.853 Y63.143 E.34815
G1 X113.853 Y63.704 E.01852
G1 X106.829 Y70.728 E.32797
G1 X107.391 Y70.728 E.01856
G1 X113.853 Y64.266 E.30173
G1 X113.853 Y64.827 E.01852
G1 X107.952 Y70.728 E.27554
G1 X108.258 Y71.038 E.01438
;WIDTH:0.38292
G1 X108.217 Y71.049 E.0012
G1 X108.198 Y70.978 E.00208
G1 X108.269 Y70.997 E.00208
;WIDTH:0.41146
G1 X108.333 Y70.921 E.00304
;WIDTH:0.439999
G1 X113.853 Y65.389 E.25803
G1 X113.853 Y65.951 E.01856
G1 X108.397 Y71.406 E.25474
G1 X108.397 Y71.968 E.01856
G1 X113.853 Y66.512 E.25476
G1 X113.853 Y67.074 E.01856
G1 X108.397 Y72.529 E.25474
G1 X108.397 Y73.091 E.01856
G1 X113.853 Y67.635 E.25476
G1 X113.853 Y68.197 E.01856
G1 X108.397 Y73.653 E.25476
G1 X108.354 Y73.808 E.00531
;WIDTH:0.41146
G1 X108.311 Y73.963 E.00493
;WIDTH:0.38292
G1 X108.27 Y73.974 E.0012
G1 X108.251 Y73.903 E.00208
G1 X108.322 Y73.922 E.00208
G1 E-1.4 F2700
;WIPE_START
G1 F7200
G1 X108.251 Y73.903 E-.02618
G1 X108.27 Y73.974 E-.02618
G1 X108.311 Y73.963 E-.01512
;WIPE_END
G1 E-.53252 F2700
G1 X111.883 Y70.728 F9000
G1 E2 F2400
;WIDTH:0.439999
G1 X113.853 Y68.758 E.09199
G1 X113.853 Y69.32 E.01856
G1 X112.445 Y70.728 E.06574
G1 X113.006 Y70.728 E.01852
G1 X113.853 Y69.881 E.03955
G1 X113.853 Y70.443 E.01856
G1 X113.568 Y70.728 E.01331
G1 E-1.4 F2700
;WIPE_START
G1 F7200
G1 X113.853 Y70.443 E-.14359
G1 X113.853 Y69.881 E-.20021
G1 X113.345 Y70.389 E-.2562
;WIPE_END
G1 X111.853 Y70.758 F9000
G1 E2 F2400
G1 X108.397 Y74.214 E.16137
G1 X108.397 Y74.776 E.01856
G1 X111.853 Y71.32 E.16137
G1 X111.853 Y71.881 E.01852
G1 X108.397 Y75.337 E.16137
G1 X108.397 Y75.899 E.01856
G1 X111.853 Y72.443 E.16137
G1 X111.853 Y73.005 E.01856
G1 X108.397 Y76.46 E.16135
G1 X108.397 Y77.022 E.01856
G1 X111.853 Y73.566 E.16137
G1 X111.853 Y74.128 E.01856
G1 X108.397 Y77.583 E.16135
G1 X108.397 Y78.145 E.01856
G1 X111.853 Y74.689 E.16137
G1 X111.853 Y75.251 E.01856
G1 X108.397 Y78.707 E.16137
G1 X108.397 Y79.268 E.01852
G1 X111.853 Y75.812 E.16137
G1 X111.853 Y76.374 E.01856
G1 X108.397 Y79.83 E.16137
G1 X108.397 Y80.391 E.01852
G1 X111.853 Y76.935 E.16137
G1 X111.853 Y77.497 E.01856
G1 X108.397 Y80.953 E.16137
G1 X108.397 Y81.514 E.01852
G1 X111.853 Y78.059 E.16135
G1 X111.853 Y78.62 E.01852
G1 X108.397 Y82.076 E.16137
G1 X108.397 Y82.637 E.01852
G1 X111.853 Y79.182 E.16135
G1 X111.853 Y79.743 E.01852
G1 X108.397 Y83.199 E.16137
G1 X108.397 Y83.761 E.01856
G1 X111.853 Y80.305 E.16137
G1 X111.853 Y80.866 E.01852
G1 X108.397 Y84.322 E.16137
G1 X108.397 Y84.884 E.01856
G1 X111.853 Y81.428 E.16137
G1 X111.853 Y81.989 E.01852
G1 X108.397 Y85.445 E.16137
G1 X108.397 Y86.007 E.01856
G1 X111.853 Y82.551 E.16137
G1 X111.853 Y83.113 E.01856
G1 X108.397 Y86.568 E.16135
G1 X108.397 Y87.13 E.01856
G1 X111.853 Y83.674 E.16137
G1 X111.853 Y84.236 E.01856
G1 X108.397 Y87.691 E.16135
G1 X108.397 Y88.253 E.01856
G1 X111.853 Y84.797 E.16137
G1 X111.853 Y85.359 E.01856
G1 X108.397 Y88.815 E.16137
G1 X108.397 Y89.376 E.01852
G1 X111.853 Y85.92 E.16137
G1 X111.853 Y86.482 E.01856
G1 X108.397 Y89.938 E.16137
G1 X108.397 Y90.499 E.01852
G1 X111.853 Y87.043 E.16137
G1 X111.853 Y87.605 E.01856
G1 X108.397 Y91.061 E.16137
G1 E-1.4 F2700
;WIPE_START
G1 F7200
G1 X109.588 Y89.87 E-.6
;WIPE_END
G1 X106.483 Y91.288 F9000
G1 E2 F2400
;WIDTH:0.50089
G1 X106.442 Y91.247 E.00221
G1 X106.387 Y91.262 E.00217
G1 X106.372 Y91.317 E.00217
G1 X106.413 Y91.358 E.00221
G1 X106.468 Y91.343 E.00217
;WIDTH:0.439999
G1 X107.063 Y91.272 E.01978
G1 X106.397 Y91.938 E.0311
G1 X106.397 Y92.499 E.01852
G1 X107.624 Y91.272 E.05729
G1 X108.186 Y91.272 E.01856
G1 X106.397 Y93.061 E.08353
G1 X106.359 Y93.196 E.00463
;WIDTH:0.41146
G1 X106.322 Y93.331 E.00429
;WIDTH:0.38292
G1 X106.251 Y93.311 E.00209
G1 X106.27 Y93.383 E.00211
G1 X106.311 Y93.372 E.0012
;WIDTH:0.439999
G1 X106.397 Y93.622 E.00873
G1 X111.853 Y88.167 E.25474
G1 X111.853 Y88.728 E.01852
G1 X106.397 Y94.184 E.25476
G1 X106.397 Y94.745 E.01852
G1 X111.853 Y89.29 E.25474
G1 X111.853 Y89.851 E.01852
G1 X106.397 Y95.307 E.25476
G1 X106.397 Y95.869 E.01856
G1 X111.853 Y90.413 E.25476
G1 X111.853 Y90.974 E.01852
G1 X106.397 Y96.43 E.25476
G1 X106.397 Y96.992 E.01856
G1 X112.117 Y91.272 E.26709
G1 X112.208 Y91.202 E.00379
;WIDTH:0.41146
G1 X112.3 Y91.133 E.00352
;WIDTH:0.38292
G1 X112.259 Y91.144 E.0012
G1 X112.24 Y91.073 E.00208
G1 X112.311 Y91.092 E.00208
;WIDTH:0.439999
G1 X112.678 Y91.272 E.0135
G1 X106.397 Y97.553 E.29328
G1 X106.397 Y98.115 E.01856
G1 X113.24 Y91.272 E.31952
G1 X113.997 Y91.128 E.02544
;WIDTH:0.38292
G1 X114.001 Y91.218 E.00255
;WIDTH:0.41146
G1 X113.901 Y91.245 E.00317
;WIDTH:0.439999
G1 X113.801 Y91.272 E.00342
G1 X106.397 Y98.676 E.34572
G1 X106.397 Y99.238 E.01856
G1 X113.853 Y91.782 E.34815
G1 X113.853 Y92.344 E.01856
G1 X106.397 Y99.799 E.34812
G1 X106.397 Y100.361 E.01856
G1 X113.853 Y92.905 E.34815
G1 X113.853 Y93.467 E.01856
G1 X106.397 Y100.922 E.34812
G1 X106.397 Y101.484 E.01856
G1 X113.853 Y94.028 E.34815
G1 X113.853 Y94.59 E.01856
G1 X106.397 Y102.046 E.34815
G1 X106.397 Y102.607 E.01852
G1 X113.853 Y95.151 E.34815
G1 X113.853 Y95.713 E.01856
G1 X106.397 Y103.169 E.34815
G1 X106.397 Y103.73 E.01852
G1 X113.853 Y96.275 E.34812
G1 X113.853 Y96.836 E.01852
G1 X106.397 Y104.292 E.34815
G1 X106.397 Y104.853 E.01852
G1 X113.853 Y97.398 E.34812
G1 X113.853 Y97.959 E.01852
G1 X106.397 Y105.415 E.34815
G1 X106.397 Y105.976 E.01852
G1 X113.853 Y98.521 E.34812
G1 X113.853 Y99.082 E.01852
G1 X106.397 Y106.538 E.34815
G1 X106.397 Y107.1 E.01856
G1 X113.853 Y99.644 E.34815
G1 X113.853 Y100.205 E.01852
G1 X106.397 Y107.661 E.34815
G1 X106.397 Y108.223 E.01856
G1 X113.853 Y100.767 E.34815
G1 X113.853 Y101.328 E.01852
G1 X106.397 Y108.784 E.34815
G1 X106.397 Y109.346 E.01856
G1 X113.853 Y101.89 E.34815
G1 X113.853 Y102.452 E.01856
G1 X106.397 Y109.907 E.34812
G1 X106.397 Y110.469 E.01856
G1 X113.853 Y103.013 E.34815
G1 X113.853 Y103.575 E.01856
G1 X106.397 Y111.03 E.34812
G1 X106.397 Y111.592 E.01856
G1 X113.853 Y104.136 E.34815
G1 X113.853 Y104.698 E.01856
G1 X106.397 Y112.154 E.34815
G1 X106.397 Y112.715 E.01852
G1 X113.853 Y105.259 E.34815
G1 X113.853 Y105.821 E.01856
G1 X106.397 Y113.277 E.34815
G1 X106.397 Y113.838 E.01852
G1 X113.853 Y106.382 E.34815
G1 X113.853 Y106.944 E.01856
G1 X106.397 Y114.4 E.34815
G1 X106.397 Y114.961 E.01852
G1 X113.853 Y107.506 E.34812
G1 X113.853 Y108.067 E.01852
G1 X106.397 Y115.523 E.34815
G1 X106.397 Y116.084 E.01852
G1 X113.853 Y108.629 E.34812
G1 X113.853 Y109.19 E.01852
G1 X106.397 Y116.646 E.34815
G1 X106.397 Y117.208 E.01856
G1 X113.853 Y109.752 E.34815
G1 X113.853 Y110.313 E.01852
G1 X106.397 Y117.769 E.34815
G1 X106.397 Y118.331 E.01856
G1 X113.853 Y110.875 E.34815
G1 X113.853 Y111.436 E.01852
G1 X106.397 Y118.892 E.34815
G1 X106.397 Y119.454 E.01856
G1 X113.853 Y111.998 E.34815
G1 X113.853 Y112.56 E.01856
G1 X106.397 Y120.015 E.34812
G1 X106.397 Y120.577 E.01856
G1 X113.853 Y113.121 E.34815
G1 X113.853 Y113.683 E.01856
G1 X106.397 Y121.138 E.34812
G1 X106.397 Y121.7 E.01856
G1 X113.853 Y114.244 E.34815
G1 X113.853 Y114.806 E.01856
G1 X106.397 Y122.262 E.34815
G1 X106.397 Y122.823 E.01852
G1 X113.853 Y115.367 E.34815
G1 X113.853 Y115.929 E.01856
G1 X106.397 Y123.385 E.34815
G1 X106.397 Y123.946 E.01852
G1 X113.853 Y116.49 E.34815
G1 X113.853 Y117.052 E.01856
G1 X106.397 Y124.508 E.34815
G1 X106.397 Y125.069 E.01852
G1 X113.853 Y117.614 E.34812
G1 X113.853 Y118.175 E.01852
G1 X106.397 Y125.631 E.34815
G1 X106.397 Y126.192 E.01852
G1 X113.853 Y118.737 E.34812
G1 X113.853 Y119.298 E.01852
G1 X106.397 Y126.754 E.34815
G1 X106.397 Y127.316 E.01856
G1 X113.853 Y119.86 E.34815
G1 X113.853 Y120.421 E.01852
G1 X106.397 Y127.877 E.34815
G1 X106.397 Y128.439 E.01856
G1 X113.853 Y120.983 E.34815
G1 X113.853 Y121.544 E.01852
G1 X106.397 Y129 E.34815
G1 X106.397 Y129.562 E.01856
G1 X113.853 Y122.106 E.34815
G1 X113.853 Y122.668 E.01856
G1 X106.397 Y130.123 E.34812
G1 X106.397 Y130.685 E.01856
G1 X113.853 Y123.229 E.34815
G1 X113.853 Y123.791 E.01856
G1 X106.397 Y131.246 E.34812
G1 X106.397 Y131.808 E.01856
G1 X113.853 Y124.352 E.34815
G1 X113.853 Y124.914 E.01856
G1 X106.397 Y132.37 E.34815
G1 X106.337 Y132.848 E.01591
;WIDTH:0.38292
G1 X106.296 Y132.859 E.0012
G1 X106.277 Y132.788 E.00208
G1 X106.348 Y132.807 E.00208
;WIDTH:0.41146
G1 X106.474 Y132.767 E.00405
;WIDTH:0.439999
G1 X106.6 Y132.728 E.00435
G1 X113.853 Y125.475 E.33867
G1 X113.853 Y126.037 E.01856
G1 X107.162 Y132.728 E.31243
G1 X107.723 Y132.728 E.01852
G1 X113.853 Y126.598 E.28623
G1 X113.853 Y127.16 E.01856
G1 X108.285 Y132.728 E.25999
G1 X108.397 Y133.177 E.01528
G1 X113.853 Y127.722 E.25474
G1 X113.853 Y128.283 E.01852
G1 X108.397 Y133.739 E.25476
G1 X108.397 Y134.3 E.01852
G1 X113.853 Y128.845 E.25474
G1 X113.853 Y129.406 E.01852
G1 X108.397 Y134.862 E.25476
G1 X108.397 Y135.424 E.01856
G1 X113.853 Y129.968 E.25476
G1 X113.853 Y130.529 E.01852
G1 X108.397 Y135.985 E.25476
G1 X108.354 Y136.141 E.00534
;WIDTH:0.41146
G1 X108.311 Y136.296 E.00493
;WIDTH:0.38292
G1 X108.27 Y136.307 E.0012
G1 X108.251 Y136.236 E.00208
G1 X108.322 Y136.255 E.00208
G1 E-1.4 F2700
;WIPE_START
G1 F7200
G1 X108.251 Y136.236 E-.02618
G1 X108.27 Y136.307 E-.02618
G1 X108.311 Y136.296 E-.01512
;WIPE_END
G1 E-.53252 F2700
G1 X112.01 Y132.885 F9000
G1 E2 F2400
G1 X111.935 Y132.81 E.003
;WIDTH:0.41146
G1 X112.075 Y132.769 E.00447
;WIDTH:0.439999
G1 X112.216 Y132.728 E.00485
G1 X113.853 Y131.091 E.07644
G1 X113.853 Y131.652 E.01852
G1 X112.777 Y132.728 E.05024
G1 X113.339 Y132.728 E.01856
G1 X113.853 Y132.214 E.024
G1 E-1.4 F2700
;WIPE_START
G1 F7200
G1 X113.339 Y132.728 E-.25896
G1 X112.777 Y132.728 E-.20021
G1 X113.057 Y132.449 E-.14083
;WIPE_END
G1 X111.853 Y133.091 F9000
G1 E2 F2400
G1 X108.397 Y136.547 E.16137
G1 X108.397 Y137.108 E.01852
G1 X111.853 Y133.652 E.16137
G1 X111.853 Y134.214 E.01856
G1 X108.397 Y137.67 E.16137
G1 X108.397 Y138.231 E.01852
G1 X111.853 Y134.776 E.16135
G1 X111.853 Y135.337 E.01852
G1 X108.397 Y138.793 E.16137
G1 X108.397 Y139.354 E.01852
G1 X111.853 Y135.899 E.16135
G1 X111.853 Y136.46 E.01852
G1 X108.397 Y139.916 E.16137
G1 X108.397 Y140.478 E.01856
G1 X111.853 Y137.022 E.16137
G1 X111.853 Y137.583 E.01852
G1 X108.397 Y141.039 E.16137
G1 X108.397 Y141.601 E.01856
G1 X111.853 Y138.145 E.16137
G1 X111.853 Y138.706 E.01852
G1 X108.397 Y142.162 E.16137
G1 X108.397 Y142.724 E.01856
G1 X111.853 Y139.268 E.16137
G1 X111.853 Y139.83 E.01856
G1 X108.397 Y143.285 E.16135
G1 X108.397 Y143.847 E.01856
G1 X111.853 Y140.391 E.16137
G1 X111.853 Y140.953 E.01856
G1 X108.397 Y144.408 E.16135
G1 X108.397 Y144.97 E.01856
G1 X111.853 Y141.514 E.16137
G1 X111.853 Y142.076 E.01856
G1 X108.397 Y145.532 E.16137
G1 X108.397 Y146.093 E.01852
G1 X111.853 Y142.637 E.16137
G1 X111.853 Y143.199 E.01856
G1 X108.397 Y146.655 E.16137
G1 X108.397 Y147.216 E.01852
G1 X111.853 Y143.76 E.16137
G1 X111.853 Y144.322 E.01856
G1 X108.397 Y147.778 E.16137
G1 X108.397 Y148.339 E.01852
G1 X111.853 Y144.884 E.16135
G1 X111.853 Y145.445 E.01852
G1 X108.397 Y148.901 E.16137
G1 X108.397 Y149.462 E.01852
G1 X111.853 Y146.007 E.16135
G1 X111.853 Y146.568 E.01852
G1 X108.397 Y150.024 E.16137
G1 X108.397 Y150.586 E.01856
G1 X111.853 Y147.13 E.16137
G1 X111.853 Y147.691 E.01852
G1 X108.397 Y151.147 E.16137
G1 X108.397 Y151.709 E.01856
G1 X111.853 Y148.253 E.16137
G1 X111.853 Y148.814 E.01852
G1 X108.397 Y152.27 E.16137
G1 X108.397 Y152.832 E.01856
G1 X111.853 Y149.376 E.16137
G1 E-1.4 F2700
;WIPE_START
G1 F7200
G1 X110.662 Y150.567 E-.6
;WIPE_END
G1 X106.834 Y153.272 F9000
G1 E2 F2400
G1 X106.333 Y153.779 E.02353
;WIDTH:0.41146
G1 X106.269 Y153.85 E.00293
;WIDTH:0.38292
G1 X106.198 Y153.831 E.00208
G1 X106.217 Y153.902 E.00208
G1 X106.258 Y153.891 E.0012
;WIDTH:0.439999
G1 X106.397 Y154.27 E.01333
G1 X107.395 Y153.272 E.0466
G1 X107.957 Y153.272 E.01856
G1 X106.397 Y154.832 E.07284
G1 X106.354 Y154.987 E.00531
;WIDTH:0.41146
G1 X106.311 Y155.143 E.00496
;WIDTH:0.38292
G1 X106.27 Y155.154 E.0012
G1 X106.251 Y155.082 E.00211
G1 X106.322 Y155.102 E.00209
;WIDTH:0.439999
G1 X106.397 Y155.393 E.00992
G1 X111.853 Y149.938 E.25474
G1 X111.853 Y150.499 E.01852
G1 X106.397 Y155.955 E.25476
G1 X106.397 Y156.516 E.01852
G1 X111.853 Y151.061 E.25474
G1 X111.853 Y151.622 E.01852
G1 X106.397 Y157.078 E.25476
G1 X106.397 Y157.639 E.01852
G1 X111.853 Y152.184 E.25474
G1 X112.063 Y152.593 E.01518
;WIDTH:0.38292
G1 X111.992 Y152.574 E.00208
G1 X112.011 Y152.645 E.00208
G1 X112.052 Y152.634 E.0012
;WIDTH:0.41146
G1 X111.953 Y152.69 E.00349
;WIDTH:0.439999
G1 X111.853 Y152.745 E.00377
G1 X106.397 Y158.201 E.25476
G1 X106.397 Y158.763 E.01856
G1 X111.888 Y153.272 E.25639
G1 X111.986 Y153.202 E.00398
;WIDTH:0.41146
G1 X112.085 Y153.133 E.0037
;WIDTH:0.38292
G1 X112.044 Y153.144 E.0012
G1 X112.025 Y153.073 E.00208
G1 X112.096 Y153.092 E.00208
;WIDTH:0.439999
G1 X112.449 Y153.272 E.01308
G1 X106.397 Y159.324 E.28259
G1 X106.397 Y159.886 E.01856
G1 X113.011 Y153.272 E.30883
G1 X113.976 Y153.179 F9000
;WIDTH:0.38292
G1 F2400
G1 X113.905 Y153.16 E.00208
G1 X113.924 Y153.231 E.00208
G1 X113.965 Y153.22 E.0012
;WIDTH:0.41146
G1 X113.769 Y153.246 E.00606
;WIDTH:0.439999
G1 X113.572 Y153.272 E.00656
G1 X106.397 Y160.447 E.33503
G1 X106.397 Y161.009 E.01856
G1 X113.853 Y153.553 E.34815
G1 X113.853 Y154.115 E.01856
G1 X106.397 Y161.57 E.34812
G1 X106.397 Y162.132 E.01856
G1 X113.853 Y154.676 E.34815
G1 X113.853 Y155.238 E.01856
G1 X106.397 Y162.693 E.34812
G1 X106.397 Y163.255 E.01856
G1 X113.853 Y155.799 E.34815
G1 X113.853 Y156.361 E.01856
G1 X106.397 Y163.817 E.34815
G1 X106.397 Y164.378 E.01852
G1 X113.853 Y156.922 E.34815
G1 X113.853 Y157.484 E.01856
G1 X106.397 Y164.94 E.34815
G1 X106.397 Y165.501 E.01852
G1 X113.853 Y158.045 E.34815
G1 X113.853 Y158.607 E.01856
G1 X106.397 Y166.063 E.34815
G1 X106.397 Y166.624 E.01852
G1 X113.853 Y159.169 E.34812
G1 X113.853 Y159.73 E.01852
G1 X106.397 Y167.186 E.34815
G1 X106.397 Y167.747 E.01852
G1 X113.853 Y160.292 E.34812
G1 X113.853 Y160.853 E.01852
G1 X106.397 Y168.309 E.34815
G1 X106.397 Y168.871 E.01856
G1 X113.853 Y161.415 E.34815
G1 X114.063 Y161.824 E.01518
;WIDTH:0.38292
G1 X113.992 Y161.805 E.00208
G1 X114.011 Y161.876 E.00208
G1 X114.052 Y161.865 E.0012
;WIDTH:0.41146
G1 X113.953 Y161.921 E.00349
;WIDTH:0.439999
G1 X113.853 Y161.976 E.00377
G1 X106.448 Y169.381 E.34576
G1 X106.602 Y169.789 E.0144
G1 X113.9 Y162.491 E.34077
G1 X113.965 Y162.988 E.01655
G1 X106.83 Y170.122 E.33313
G1 X107.124 Y170.39 E.01313
G1 X114.11 Y163.404 E.3262
G1 X114.256 Y163.82 E.01456
G1 X107.488 Y170.588 E.31602
G1 X107.938 Y170.699 E.0153
G1 X114.466 Y164.171 E.30481
G1 X114.683 Y164.516 E.01346
G1 X108.471 Y170.728 E.29006
G1 X109.032 Y170.728 E.01852
G1 X114.935 Y164.825 E.27563
G1 X115.216 Y165.106 E.01312
G1 X109.594 Y170.728 E.26251
G1 X110.155 Y170.728 E.01852
G1 X115.506 Y165.377 E.24986
G1 X115.851 Y165.594 E.01346
G1 X110.717 Y170.728 E.23972
G1 X111.278 Y170.728 E.01852
G1 X116.196 Y165.811 E.22962
G1 X116.597 Y165.971 E.01425
G1 X111.84 Y170.728 E.22212
G1 X112.402 Y170.728 E.01856
G1 X117.013 Y166.117 E.2153
G1 X117.483 Y166.208 E.01581
G1 X112.963 Y170.728 E.21105
G1 X113.525 Y170.728 E.01856
G1 X117.988 Y166.265 E.20839
G1 X118.542 Y166.272 E.01829
G1 X114.086 Y170.728 E.20807
G1 X114.648 Y170.728 E.01856
G1 X119.104 Y166.272 E.20807
G1 X119.665 Y166.272 E.01852
G1 X115.209 Y170.728 E.20807
G1 X115.771 Y170.728 E.01856
G1 X120.227 Y166.272 E.20807
G1 X120.788 Y166.272 E.01852
G1 X116.332 Y170.728 E.20807
G1 X116.894 Y170.728 E.01856
G1 X121.35 Y166.272 E.20807
G1 X121.911 Y166.272 E.01852
G1 X117.456 Y170.728 E.20804
G1 X118.017 Y170.728 E.01852
G1 X122.473 Y166.272 E.20807
G1 X123.034 Y166.272 E.01852
G1 X118.579 Y170.728 E.20804
G1 X119.14 Y170.728 E.01852
G1 X123.596 Y166.272 E.20807
G1 X124.158 Y166.272 E.01856
G1 X119.673 Y170.756 E.2094
G1 X120.17 Y170.822 E.01655
G1 X124.719 Y166.272 E.21243
G1 X125.232 Y166.32 E.01701
G1 X120.578 Y170.975 E.21733
G1 X120.975 Y171.139 E.01418
G1 X125.647 Y166.467 E.21815
G1 X125.984 Y166.692 E.01338
G1 X121.301 Y171.375 E.21867
G1 X121.619 Y171.619 E.01323
G1 X126.254 Y166.983 E.21645
G1 X126.456 Y167.343 E.01363
G1 X121.881 Y171.918 E.21362
G1 X122.124 Y172.236 E.01321
G1 X126.571 Y167.789 E.20765
G1 X126.603 Y168.319 E.01753
G1 X122.319 Y172.603 E.20003
G1 X122.484 Y173 E.01419
G1 X126.603 Y168.881 E.19233
G1 X126.603 Y169.442 E.01852
G1 X125.007 Y171.038 E.07452
G1 X124.726 Y171.246 E.01154
;WIDTH:0.38292
G1 X124.541 Y171.384 E.00652
G1 X123.988 Y171.908 E.02154
G1 X123.614 Y172.357 E.01652
;WIDTH:0.41146
G1 X123.511 Y172.498 E.00535
;WIDTH:0.439999
G1 X123.407 Y172.638 E.00576
G1 X122.587 Y173.458 E.03829
G1 X122.647 Y173.96 E.01669
G1 X123.161 Y173.446 E.024
G1 X123.249 Y173.321 E.00505
;WIDTH:0.41146
G1 X123.337 Y173.195 E.00471
;WIDTH:0.38292
G1 X123.296 Y173.206 E.0012
G1 X123.277 Y173.135 E.00208
G1 X123.348 Y173.154 E.00208
G1 X123.103 Y174.065 F9000
;WIDTH:0.439999
G1 F2400
G1 X122.673 Y174.495 E.02008
G1 X123.089 Y174.66 E.01478
;WIDTH:0.467709
G1 X122.775 Y174.962 E.01539
G1 X122.664 Y174.946 E.00396
G1 X122.667 Y176.5 E.05489
;WIDTH:0.465887
G1 X122.668 Y176.709 E.00735
G1 X123.09 Y176.713 E.01484
G1 X123.09 Y176.5 E.00749
;WIDTH:0.467709
G1 X123.089 Y174.859 E.05796
G1 E-1.4 F2700
;WIPE_START
G1 F7200
G1 X123.09 Y176.5 E-.58461
;WIPE_END
G1 E-.01539 F2700
G1 X125.577 Y170.968 F9000
G1 E2 F2400
;WIDTH:0.38292
G1 X125.536 Y170.979 E.0012
G1 X125.517 Y170.908 E.00208
G1 X125.588 Y170.927 E.00208
;WIDTH:0.41146
G1 X125.708 Y170.853 E.00432
;WIDTH:0.439999
G1 X125.828 Y170.779 E.00465
G1 X126.596 Y170.011 E.03586
EXCLUDE_OBJECT_END NAME=Trigger1_holder_stl
;LAYER_CHANGE
;Z:1.8
;HEIGHT:0.2
;BEFORE_LAYER_CHANGE
G92 E0
;1.8


G1 E-1.4 F2700
;WIPE_START
G1 F7200
G1 X125.828 Y170.779 E-.38693
G1 X125.708 Y170.853 E-.05022
;WIPE_END
G1 E-.16285 F2700
G1 Z1.8 F9000
;AFTER_LAYER_CHANGE
;1.8
EXCLUDE_OBJECT_START NAME=Trigger1_holder_stl
G1 X109.021 Y54.994
G1 E2 F2400
;TYPE:Perimeter
;WIDTH:0.44
G1 F3600
G1 X109.021 Y53.994 E.03302
G1 X111.328 Y53.994 E.07617
G1 X111.328 Y54.994 E.03302
G1 X114.131 Y54.994 E.09255
G1 X114.131 Y71.006 E.52867
G1 X112.131 Y71.006 E.06603
G1 X112.131 Y90.994 E.65995
G1 X114.131 Y90.994 E.06603
G1 X114.131 Y133.006 E1.38712
G1 X112.131 Y133.006 E.06603
G1 X112.131 Y152.994 E.65995
G1 X114.131 Y152.994 E.06603
G1 X114.131 Y162.056 E.2992
G1 X114.225 Y162.89 E.02771
G1 X114.521 Y163.736 E.02959
G1 X114.997 Y164.494 E.02955
G1 X115.631 Y165.128 E.0296
G1 X116.389 Y165.604 E.02955
G1 X117.235 Y165.9 E.02959
G1 X118.069 Y165.994 E.02771
G1 X124.819 Y165.994 E.22287
G1 X125.32 Y166.051 E.01665
G1 X125.743 Y166.198 E.01479
G1 X126.122 Y166.437 E.01479
G1 X126.438 Y166.753 E.01476
G1 X126.677 Y167.132 E.01479
G1 X126.824 Y167.555 E.01479
G1 X126.881 Y168.056 E.01665
G1 X126.881 Y169.971 E.06323
G1 X126.845 Y170.27 E.00994
G1 X126.76 Y170.494 E.00791
G1 X126.624 Y170.692 E.00793
G1 X126.445 Y170.851 E.00791
G1 X126.233 Y170.964 E.00793
G1 X125.3 Y171.198 E.03176
G1 X124.663 Y171.535 E.02379
G1 X124.124 Y172.015 E.02383
G1 X123.715 Y172.609 E.02381
G1 X123.46 Y173.284 E.02382
G1 X123.381 Y173.94 E.02182
G1 X123.381 Y176.935 E.09889
G1 X123.373 Y176.998 E.0021
G1 X123.31 Y177.006 E.0021
G1 X122.44 Y177.006 E.02873
G1 X122.376 Y176.99 E.00218
G1 X122.369 Y173.935 E.10087
G1 X122.275 Y173.223 E.02371
G1 X121.975 Y172.499 E.02588
G1 X121.626 Y172.043 E.01896
G1 X121.498 Y171.877 E.00692
G1 X120.876 Y171.4 E.02588
G1 X120.152 Y171.1 E.02588
G1 X119.44 Y171.006 E.02371
G1 X108.181 Y171.006 E.37174
G1 X107.68 Y170.949 E.01665
G1 X107.257 Y170.802 E.01479
G1 X106.878 Y170.563 E.01479
G1 X106.562 Y170.247 E.01476
G1 X106.323 Y169.868 E.01479
G1 X106.176 Y169.445 E.01479
G1 X106.119 Y168.944 E.01665
G1 X106.119 Y152.994 E.52663
G1 X108.119 Y152.994 E.06603
G1 X108.119 Y133.006 E.65995
G1 X106.119 Y133.006 E.06603
G1 X106.119 Y90.994 E1.38712
G1 X108.119 Y90.994 E.06603
G1 X108.119 Y71.006 E.65995
G1 X106.119 Y71.006 E.06603
G1 X106.119 Y54.994 E.52867
G1 X108.961 Y54.994 E.09384
G1 E-1.4 F2700
;WIPE_START
G1 F7200
G1 X109.021 Y54.994 E-.02138
G1 X109.021 Y53.994 E-.35625
G1 X109.645 Y53.994 E-.22237
;WIPE_END
G1 X114.583 Y53.994 F9000
G1 E2 F2400
G1 F1800
G1 X114.58 Y53.994 E.0001
G1 X115.131 Y54.006 E.0182
G1 X114.643 Y53.996 E.01612
G1 E-1.4 F2700
;WIPE_START
G1 F7200
G1 X114.583 Y53.994 E-.02139
G1 X114.58 Y53.994 E-.00107
G1 X115.131 Y54.006 E-.19634
G1 X114.643 Y53.996 E-.17389
;WIPE_END
G1 E-.20731 F2700
G1 X105.638 Y54.006 F9000
G1 E2 F2400
G1 F1800
G1 X104.119 Y53.994 E.05015
G1 X105.585 Y54.005 E.0484
G1 X106.039 Y54.21 F9000
G1 F3600
G1 X106.039 Y54.597 E.01278
G1 X108.624 Y54.597 E.08535
G1 X108.624 Y53.597 E.03302
G1 X111.725 Y53.597 E.10239
G1 X111.725 Y54.597 E.03302
G1 X114.183 Y54.597 E.08116
G1 X114.183 Y53.597 E.03302
G1 X115.528 Y53.597 E.04441
G1 X115.528 Y54.403 E.02661
G1 X114.528 Y54.403 E.03302
G1 X114.528 Y71.403 E.56129
G1 X112.528 Y71.403 E.06603
G1 X112.528 Y90.597 E.63373
G1 X114.528 Y90.597 E.06603
G1 X114.528 Y133.403 E1.41334
G1 X112.528 Y133.403 E.06603
G1 X112.528 Y152.597 E.63373
G1 X114.528 Y152.597 E.06603
G1 X114.528 Y162.034 E.31158
G1 X114.614 Y162.801 E.02548
G1 X114.881 Y163.562 E.02663
G1 X115.31 Y164.245 E.02663
G1 X115.88 Y164.815 E.02662
G1 X116.563 Y165.244 E.02663
G1 X117.324 Y165.511 E.02663
G1 X118.091 Y165.597 E.02548
G1 X124.841 Y165.597 E.22287
G1 X125.409 Y165.661 E.01887
G1 X125.916 Y165.838 E.01773
G1 X126.371 Y166.124 E.01774
G1 X126.751 Y166.504 E.01774
G1 X127.037 Y166.959 E.01774
G1 X127.214 Y167.466 E.01773
G1 X127.278 Y168.034 E.01887
G1 X127.278 Y169.995 E.06475
G1 X127.233 Y170.365 E.01231
G1 X127.114 Y170.679 E.01109
G1 X126.924 Y170.956 E.01109
G1 X126.673 Y171.18 E.01111
G1 X126.376 Y171.337 E.01109
G1 X125.443 Y171.571 E.03176
G1 X124.891 Y171.863 E.02062
G1 X124.424 Y172.279 E.02065
G1 X124.07 Y172.795 E.02066
G1 X123.849 Y173.379 E.02062
G1 X123.778 Y173.964 E.01946
G1 X123.778 Y176.961 E.09895
G1 X123.759 Y177.103 E.00473
G1 X123.719 Y177.199 E.00343
G1 X123.656 Y177.281 E.00341
G1 X123.574 Y177.344 E.00341
G1 X123.478 Y177.384 E.00343
G1 X123.336 Y177.403 E.00473
G1 X122.414 Y177.403 E.03044
G1 X122.272 Y177.384 E.00473
G1 X122.117 Y177.299 E.00584
G1 X122.027 Y177.189 E.00469
G1 X121.991 Y177.103 E.00308
G1 X121.972 Y176.961 E.00473
G1 X121.972 Y173.961 E.09905
G1 X121.889 Y173.326 E.02114
G1 X121.629 Y172.699 E.02241
G1 X121.311 Y172.284 E.01726
G1 X121.215 Y172.16 E.00518
G1 X120.676 Y171.746 E.02244
G1 X120.049 Y171.486 E.02241
G1 X119.414 Y171.403 E.02114
G1 X108.159 Y171.403 E.37161
G1 X107.591 Y171.339 E.01887
G1 X107.084 Y171.162 E.01773
G1 X106.629 Y170.876 E.01774
G1 X106.249 Y170.496 E.01774
G1 X105.963 Y170.041 E.01774
G1 X105.786 Y169.534 E.01773
G1 X105.722 Y168.966 E.01887
G1 X105.722 Y152.597 E.54046
G1 X107.722 Y152.597 E.06603
G1 X107.722 Y133.403 E.63373
G1 X105.722 Y133.403 E.06603
G1 X105.722 Y90.597 E1.41334
G1 X107.722 Y90.597 E.06603
G1 X107.722 Y71.403 E.63373
G1 X105.722 Y71.403 E.06603
G1 X105.722 Y54.403 E.56129
G1 X103.722 Y54.403 E.06603
G1 X103.722 Y53.597 E.02661
G1 X106.039 Y53.597 E.0765
G1 X106.039 Y54.15 E.01826
G1 X106.426 Y54.21 F9000
;TYPE:External perimeter
;WIDTH:0.42
G1 F1800
G1 X108.237 Y54.21 E.05678
G1 X108.237 Y53.21 E.03135
G1 X112.112 Y53.21 E.1215
G1 X112.112 Y54.21 E.03135
G1 X113.795 Y54.21 E.05277
G1 X113.795 Y53.21 E.03135
G1 X115.915 Y53.21 E.06647
G1 X115.915 Y54.79 E.04954
G1 X114.915 Y54.79 E.03135
G1 X114.915 Y71.79 E.53302
G1 X112.915 Y71.79 E.06271
G1 X112.915 Y90.21 E.57755
G1 X114.915 Y90.21 E.06271
G1 X114.915 Y133.79 E1.36642
G1 X112.915 Y133.79 E.06271
G1 X112.915 Y152.21 E.57755
G1 X114.915 Y152.21 E.06271
G1 X114.915 Y162.012 E.30733
G1 X114.994 Y162.715 E.02218
G1 X115.232 Y163.393 E.02253
G1 X115.614 Y164.002 E.02254
G1 X116.123 Y164.511 E.02257
G1 X116.732 Y164.893 E.02254
G1 X117.41 Y165.131 E.02253
G1 X118.113 Y165.21 E.02218
G1 X124.863 Y165.21 E.21164
G1 X125.496 Y165.281 E.01997
G1 X126.085 Y165.487 E.01956
G1 X126.614 Y165.82 E.0196
G1 X127.055 Y166.261 E.01955
G1 X127.388 Y166.79 E.0196
G1 X127.594 Y167.379 E.01956
G1 X127.665 Y168.012 E.01997
G1 X127.665 Y170.019 E.06293
G1 X127.612 Y170.458 E.01386
G1 X127.46 Y170.86 E.01348
G1 X127.216 Y171.214 E.01348
G1 X126.895 Y171.5 E.01348
G1 X126.515 Y171.701 E.01348
G1 X125.583 Y171.935 E.03013
G1 X125.113 Y172.184 E.01668
G1 X124.716 Y172.537 E.01666
G1 X124.415 Y172.975 E.01666
G1 X124.227 Y173.472 E.01666
G1 X124.165 Y173.987 E.01626
G1 X124.165 Y176.986 E.09403
G1 X124.136 Y177.204 E.0069
G1 X124.058 Y177.394 E.00644
G1 X123.932 Y177.557 E.00646
G1 X123.769 Y177.683 E.00646
G1 X123.579 Y177.761 E.00644
G1 X123.361 Y177.79 E.0069
G1 X122.389 Y177.79 E.03048
G1 X122.171 Y177.761 E.0069
G1 X121.981 Y177.683 E.00644
G1 X121.846 Y177.579 E.00534
G1 X121.691 Y177.391 E.00764
G1 X121.614 Y177.204 E.00634
G1 X121.585 Y176.986 E.0069
G1 X121.585 Y173.986 E.09406
G1 X121.511 Y173.428 E.01765
G1 X121.29 Y172.894 E.01812
G1 X121.003 Y172.52 E.01478
G1 X120.939 Y172.436 E.00331
G1 X120.481 Y172.085 E.01809
G1 X119.947 Y171.864 E.01812
G1 X119.389 Y171.79 E.01765
G1 X108.137 Y171.79 E.3528
G1 X107.504 Y171.719 E.01997
G1 X106.915 Y171.513 E.01956
G1 X106.386 Y171.18 E.0196
G1 X105.999 Y170.793 E.01716
G1 X105.945 Y170.739 E.00239
G1 X105.612 Y170.21 E.0196
G1 X105.406 Y169.621 E.01956
G1 X105.335 Y168.988 E.01997
G1 X105.335 Y152.21 E.52606
G1 X107.335 Y152.21 E.06271
G1 X107.335 Y133.79 E.57755
G1 X105.335 Y133.79 E.06271
G1 X105.335 Y90.21 E1.36642
G1 X107.335 Y90.21 E.06271
G1 X107.335 Y71.79 E.57755
G1 X105.335 Y71.79 E.06271
G1 X105.335 Y54.79 E.53302
G1 X103.335 Y54.79 E.06271
G1 X103.335 Y53.21 E.04954
G1 X106.426 Y53.21 E.09692
G1 X106.426 Y54.15 E.02947
G1 E-1.4 F2700
;WIPE_START
G1 F7200
G1 X106.426 Y54.21 E-.02138
G1 X108.05 Y54.21 E-.57862
;WIPE_END
G1 X106.397 Y132.346 F9000
G1 E2 F2400
;TYPE:Solid infill
;WIDTH:0.439999
G1 X106.779 Y132.728 E.01784
G1 X107.341 Y132.728 E.01856
G1 X106.397 Y131.784 E.04408
G1 E-1.4 F2700
;WIPE_START
G1 F7200
G1 X107.341 Y132.728 E-.4756
G1 X106.992 Y132.728 E-.1244
;WIPE_END
G1 X106.702 Y170.135 F9000
G1 E2 F2400
;WIDTH:0.38292
G1 X106.99 Y170.423 E.01151
;WIDTH:0.439999
G1 X107.624 Y170.635 E.02207
G1 X106.49 Y169.501 E.05295
G1 X106.397 Y168.847 E.02181
G1 X108.278 Y170.728 E.08783
G1 X108.84 Y170.728 E.01856
G1 X106.397 Y168.285 E.11407
G1 X106.397 Y167.724 E.01852
G1 X109.401 Y170.728 E.14027
G1 X109.963 Y170.728 E.01856
G1 X106.397 Y167.162 E.16651
G1 X106.397 Y166.6 E.01856
G1 X110.525 Y170.728 E.19275
G1 X111.086 Y170.728 E.01852
G1 X106.397 Y166.039 E.21895
G1 X106.397 Y165.477 E.01856
G1 X111.648 Y170.728 E.24519
G1 X112.209 Y170.728 E.01852
G1 X106.397 Y164.916 E.27138
G1 X106.397 Y164.354 E.01856
G1 X112.771 Y170.728 E.29762
G1 X113.332 Y170.728 E.01852
G1 X106.397 Y163.793 E.32382
G1 X106.397 Y163.231 E.01856
G1 X113.894 Y170.728 E.35006
G1 X114.455 Y170.728 E.01852
G1 X106.397 Y162.67 E.37626
G1 X106.397 Y162.108 E.01856
G1 X115.017 Y170.728 E.4025
G1 X115.579 Y170.728 E.01856
G1 X106.397 Y161.546 E.42874
G1 X106.397 Y160.985 E.01852
G1 X116.14 Y170.728 E.45493
G1 X116.702 Y170.728 E.01856
G1 X106.397 Y160.423 E.48118
G1 X106.397 Y159.862 E.01852
G1 X117.263 Y170.728 E.50737
G1 X117.825 Y170.728 E.01856
G1 X106.397 Y159.3 E.53361
G1 X106.397 Y158.739 E.01852
G1 X118.386 Y170.728 E.55981
G1 X118.948 Y170.728 E.01856
G1 X106.397 Y158.177 E.58605
G1 X106.397 Y157.616 E.01852
G1 X119.517 Y170.736 E.61262
G1 X120.434 Y170.955 F9000
;WIDTH:0.38292
G1 F2400
G1 X120.415 Y171.026 E.00208
G1 X120.486 Y171.007 E.00208
G1 X120.475 Y170.966 E.0012
;WIDTH:0.41146
G1 X120.319 Y170.893 E.00528
;WIDTH:0.439999
G1 X120.164 Y170.821 E.00564
G1 X106.397 Y157.054 E.64283
G1 E-1.4 F2700
;WIPE_START
G1 F7200
G1 X107.588 Y158.245 E-.6
;WIPE_END
G1 X122.664 Y175.28 F9000
G1 E2 F2400
;WIDTH:0.467528
G1 X122.663 Y175.025 E.009
G1 X122.946 Y175.277 E.01338
G1 X123.089 Y175.245 E.00517
G1 X123.09 Y176.503 E.04442
;WIDTH:0.46632
G1 X123.09 Y176.715 E.00746
G1 X122.667 Y176.715 E.01489
G1 X122.666 Y176.504 E.00743
;WIDTH:0.467528
G1 X122.665 Y175.479 E.03619
;WIDTH:0.439999
G1 X123.016 Y174.796 E.02535
G1 X122.648 Y174.428 E.01718
G1 X123.103 Y174.321 E.01543
G1 X122.639 Y173.858 E.02164
G1 X123.121 Y173.777 E.01614
G1 X122.554 Y173.211 E.02645
G1 X122.48 Y173.057 E.00564
;WIDTH:0.41146
G1 X122.406 Y172.904 E.00521
;WIDTH:0.38292
G1 X122.417 Y172.945 E.0012
G1 X122.346 Y172.964 E.00208
G1 X122.365 Y172.893 E.00208
;WIDTH:0.439999
G1 X122.07 Y172.166 E.0259
G1 X123.181 Y173.277 E.05188
G1 E-1.4 F2700
;WIPE_START
G1 F7200
G1 X122.07 Y172.166 E-.55974
G1 X122.112 Y172.271 E-.04026
;WIPE_END
G1 X121.824 Y171.885 F9000
G1 E2 F2400
;WIDTH:0.391138
G1 X121.49 Y171.551 E.01368
;WIDTH:0.439999
G1 X121.209 Y171.305 E.01233
G1 X106.397 Y156.493 E.69162
G1 X106.397 Y155.931 E.01856
G1 X114.239 Y163.773 E.36617
G1 X114.345 Y163.914 E.00582
;WIDTH:0.41146
G1 X114.451 Y164.054 E.00538
;WIDTH:0.38292
G1 X114.873 Y164.583 E.01913
G1 X115.53 Y165.242 E.02631
G1 X116.071 Y165.674 E.01957
;WIDTH:0.439999
G1 X116.352 Y165.886 E.01162
G1 X123.324 Y172.858 E.32555
G1 X123.483 Y172.456 E.01427
G1 X117.204 Y166.176 E.29321
G1 X117.079 Y166.077 E.00526
;WIDTH:0.41146
G1 X116.953 Y165.978 E.00491
;WIDTH:0.38292
G1 X116.964 Y166.019 E.0012
G1 X116.893 Y166.038 E.00208
G1 X116.912 Y165.967 E.00208
G1 X117.837 Y166.248 F9000
;WIDTH:0.439999
G1 F2400
G1 X123.712 Y172.123 E.27432
G1 X123.949 Y171.798 E.01328
G1 X118.423 Y166.272 E.25803
G1 X118.984 Y166.272 E.01852
G1 X124.246 Y171.534 E.2457
G1 X124.553 Y171.279 E.01318
G1 X119.546 Y166.272 E.23379
G1 X120.108 Y166.272 E.01856
G1 X124.92 Y171.084 E.22469
G1 X125.307 Y170.909 E.01402
G1 X120.669 Y166.272 E.21654
G1 X121.231 Y166.272 E.01856
G1 X125.755 Y170.797 E.21126
G1 X126.191 Y170.671 E.01498
G1 X121.792 Y166.272 E.2054
G1 X122.354 Y166.272 E.01856
G1 X126.485 Y170.403 E.19289
G1 X126.602 Y169.959 E.01516
G1 X122.915 Y166.272 E.17216
G1 X123.477 Y166.272 E.01856
G1 X126.603 Y169.398 E.14596
G1 X126.603 Y168.837 E.01852
G1 X124.038 Y166.272 E.11977
G1 X124.6 Y166.272 E.01856
G1 X126.603 Y168.275 E.09353
G1 X126.557 Y167.668 E.0201
G1 X125.207 Y166.318 E.06304
G1 X125.983 Y166.611 F9000
;WIDTH:0.38292
G1 F2400
G1 X126.264 Y166.892 E.01123
G1 E-1.4 F2700
;WIPE_START
G1 F7200
G1 X125.983 Y166.611 E-.14157
;WIPE_END
G1 E-.45843 F2700
G1 X114.151 Y163.169 F9000
G1 E2 F2400
G1 X114.162 Y163.21 E.0012
G1 X114.091 Y163.229 E.00208
G1 X114.11 Y163.158 E.00208
;WIDTH:0.41146
G1 X114.029 Y163.039 E.00441
;WIDTH:0.439999
G1 X113.949 Y162.921 E.00471
G1 X106.397 Y155.369 E.35263
G1 X106.397 Y154.808 E.01852
G1 X113.877 Y162.288 E.34927
G1 X113.853 Y161.702 E.01936
G1 X106.397 Y154.246 E.34815
G1 X106.397 Y153.685 E.01852
G1 X113.853 Y161.141 E.34815
G1 X113.853 Y160.579 E.01856
G1 X106.546 Y153.272 E.34119
G1 X106.434 Y153.205 E.00431
;WIDTH:0.41146
G1 X106.323 Y153.138 E.00397
;WIDTH:0.38292
G1 X106.334 Y153.179 E.0012
G1 X106.263 Y153.198 E.00208
G1 X106.282 Y153.127 E.00208
G1 X107.108 Y153.272 F9000
;WIDTH:0.439999
G1 F2400
G1 X113.853 Y160.017 E.31495
G1 X113.853 Y159.456 E.01852
G1 X107.669 Y153.272 E.28875
G1 X108.231 Y153.272 E.01856
G1 X113.853 Y158.894 E.26251
G1 X113.853 Y158.333 E.01852
G1 X108.397 Y152.877 E.25476
G1 X108.327 Y152.787 E.00376
;WIDTH:0.41146
G1 X108.258 Y152.698 E.00345
;WIDTH:0.38292
G1 X108.269 Y152.739 E.0012
G1 X108.198 Y152.758 E.00208
G1 X108.217 Y152.687 E.00208
;WIDTH:0.439999
G1 X108.397 Y152.315 E.01364
G1 X113.853 Y157.771 E.25476
G1 X113.853 Y157.21 E.01852
G1 X108.397 Y151.754 E.25476
G1 X108.397 Y151.192 E.01856
G1 X113.853 Y156.648 E.25476
G1 X113.853 Y156.087 E.01852
G1 X108.397 Y150.631 E.25476
G1 X108.397 Y150.069 E.01856
G1 X113.853 Y155.525 E.25476
G1 X113.926 Y155.37 E.00566
;WIDTH:0.41146
G1 X113.999 Y155.214 E.00528
;WIDTH:0.38292
G1 X114.01 Y155.255 E.0012
G1 X113.939 Y155.274 E.00208
G1 X113.958 Y155.203 E.00208
G1 E-1.4 F2700
;WIPE_START
G1 F7200
G1 X113.939 Y155.274 E-.02618
G1 X114.01 Y155.255 E-.02618
G1 X113.999 Y155.214 E-.01512
;WIPE_END
G1 E-.53252 F2700
G1 X111.853 Y152.963 F9000
G1 E2 F2400
;WIDTH:0.439999
G1 X108.397 Y149.508 E.16135
G1 X108.397 Y148.946 E.01856
G1 X111.853 Y152.402 E.16137
G1 X111.853 Y151.84 E.01856
G1 X108.397 Y148.385 E.16135
G1 X108.397 Y147.823 E.01856
G1 X111.853 Y151.279 E.16137
G1 X111.853 Y150.717 E.01856
G1 X108.397 Y147.261 E.16137
G1 X108.397 Y146.7 E.01852
G1 X111.853 Y150.156 E.16137
G1 X111.853 Y149.594 E.01856
G1 X108.397 Y146.138 E.16137
G1 X108.397 Y145.577 E.01852
G1 X111.853 Y149.033 E.16137
G1 X111.853 Y148.471 E.01856
G1 X108.397 Y145.015 E.16137
G1 X108.397 Y144.454 E.01852
G1 X111.853 Y147.909 E.16135
G1 X111.853 Y147.348 E.01852
G1 X108.397 Y143.892 E.16137
G1 X108.397 Y143.331 E.01852
G1 X111.853 Y146.786 E.16135
G1 X111.853 Y146.225 E.01852
G1 X108.397 Y142.769 E.16137
G1 X108.397 Y142.207 E.01856
G1 X111.853 Y145.663 E.16137
G1 X111.853 Y145.102 E.01852
G1 X108.397 Y141.646 E.16137
G1 X108.397 Y141.084 E.01856
G1 X111.853 Y144.54 E.16137
G1 X111.853 Y143.979 E.01852
G1 X108.397 Y140.523 E.16137
G1 X108.397 Y139.961 E.01856
G1 X111.853 Y143.417 E.16137
G1 X111.853 Y142.855 E.01856
G1 X108.397 Y139.4 E.16135
G1 X108.397 Y138.838 E.01856
G1 X111.853 Y142.294 E.16137
G1 X111.853 Y141.732 E.01856
G1 X108.397 Y138.277 E.16135
G1 X108.397 Y137.715 E.01856
G1 X111.853 Y141.171 E.16137
G1 X111.853 Y140.609 E.01856
G1 X108.397 Y137.153 E.16137
G1 X108.397 Y136.592 E.01852
G1 X111.853 Y140.048 E.16137
G1 X111.853 Y139.486 E.01856
G1 X108.397 Y136.03 E.16137
G1 X108.397 Y135.469 E.01852
G1 X111.853 Y138.925 E.16137
G1 X111.853 Y138.363 E.01856
G1 X108.397 Y134.907 E.16137
G1 X108.397 Y134.346 E.01852
G1 X111.853 Y137.801 E.16135
G1 X111.853 Y137.24 E.01852
G1 X108.397 Y133.784 E.16137
G1 X108.397 Y133.223 E.01852
G1 X111.853 Y136.678 E.16135
G1 E-1.4 F2700
;WIPE_START
G1 F7200
G1 X110.662 Y135.487 E-.6
;WIPE_END
G1 X108.281 Y132.942 F9000
G1 E2 F2400
;WIDTH:0.38292
G1 X108.183 Y132.844 E.00392
;WIDTH:0.41146
G1 X108.043 Y132.786 E.00464
;WIDTH:0.439999
G1 X107.902 Y132.728 E.00503
G1 X106.397 Y131.223 E.07027
G1 X106.354 Y131.067 E.00534
;WIDTH:0.41146
G1 X106.311 Y130.912 E.00493
;WIDTH:0.38292
G1 X106.322 Y130.953 E.0012
G1 X106.251 Y130.972 E.00208
G1 X106.27 Y130.901 E.00208
;WIDTH:0.439999
G1 X106.397 Y130.661 E.00897
G1 X111.853 Y136.117 E.25476
G1 X111.853 Y135.555 E.01856
G1 X106.397 Y130.099 E.25476
G1 X106.397 Y129.538 E.01852
G1 X111.853 Y134.994 E.25476
G1 X111.853 Y134.432 E.01856
G1 X106.397 Y128.976 E.25476
G1 X106.397 Y128.415 E.01852
G1 X111.853 Y133.871 E.25476
G1 X111.853 Y133.309 E.01856
G1 X106.397 Y127.853 E.25476
G1 X106.397 Y127.292 E.01852
G1 X111.853 Y132.747 E.25474
G1 X112.566 Y132.867 E.02387
;WIDTH:0.38292
G1 X112.577 Y132.908 E.0012
G1 X112.506 Y132.927 E.00208
G1 X112.525 Y132.856 E.00208
;WIDTH:0.41146
G1 X112.46 Y132.792 E.0028
;WIDTH:0.439999
G1 X106.397 Y126.73 E.28308
G1 X106.397 Y126.169 E.01852
G1 X112.956 Y132.728 E.30626
G1 X113.518 Y132.728 E.01856
G1 X106.397 Y125.607 E.3325
G1 X106.397 Y125.045 E.01856
G1 X113.853 Y132.501 E.34815
G1 X113.89 Y132.637 E.00465
;WIDTH:0.41146
G1 X113.928 Y132.773 E.00433
;WIDTH:0.38292
G1 X113.909 Y132.844 E.00208
G1 X113.98 Y132.825 E.00208
G1 X113.969 Y132.784 E.0012
G1 X113.853 Y131.94 F9000
;WIDTH:0.439999
G1 F2400
G1 X106.397 Y124.484 E.34815
G1 X106.397 Y123.922 E.01856
G1 X113.853 Y131.378 E.34815
G1 X113.853 Y130.817 E.01852
G1 X106.397 Y123.361 E.34815
G1 X106.397 Y122.799 E.01856
G1 X113.853 Y130.255 E.34815
G1 X113.853 Y129.693 E.01856
G1 X106.397 Y122.238 E.34812
G1 X106.397 Y121.676 E.01856
G1 X113.853 Y129.132 E.34815
G1 X113.853 Y128.57 E.01856
G1 X106.397 Y121.115 E.34812
G1 X106.397 Y120.553 E.01856
G1 X113.853 Y128.009 E.34815
G1 X113.853 Y127.447 E.01856
G1 X106.397 Y119.991 E.34815
G1 X106.397 Y119.43 E.01852
G1 X113.853 Y126.886 E.34815
G1 X113.853 Y126.324 E.01856
G1 X106.397 Y118.868 E.34815
G1 X106.397 Y118.307 E.01852
G1 X113.853 Y125.763 E.34815
G1 X113.853 Y125.201 E.01856
G1 X106.397 Y117.745 E.34815
G1 X106.397 Y117.184 E.01852
G1 X113.853 Y124.639 E.34812
G1 X113.853 Y124.078 E.01852
G1 X106.397 Y116.622 E.34815
G1 X106.397 Y116.061 E.01852
G1 X113.853 Y123.516 E.34812
G1 X113.853 Y122.955 E.01852
G1 X106.397 Y115.499 E.34815
G1 X106.397 Y114.937 E.01856
G1 X113.853 Y122.393 E.34815
G1 X113.853 Y121.832 E.01852
G1 X106.397 Y114.376 E.34815
G1 X106.397 Y113.814 E.01856
G1 X113.853 Y121.27 E.34815
G1 X113.853 Y120.709 E.01852
G1 X106.397 Y113.253 E.34815
G1 X106.397 Y112.691 E.01856
G1 X113.853 Y120.147 E.34815
G1 X113.853 Y119.585 E.01856
G1 X106.397 Y112.13 E.34812
G1 X106.397 Y111.568 E.01856
G1 X113.853 Y119.024 E.34815
G1 X113.853 Y118.462 E.01856
G1 X106.397 Y111.007 E.34812
G1 X106.397 Y110.445 E.01856
G1 X113.853 Y117.901 E.34815
G1 X113.853 Y117.339 E.01856
G1 X106.397 Y109.883 E.34815
G1 X106.397 Y109.322 E.01852
G1 X113.853 Y116.778 E.34815
G1 X113.853 Y116.216 E.01856
G1 X106.397 Y108.76 E.34815
G1 X106.397 Y108.199 E.01852
G1 X113.853 Y115.655 E.34815
G1 X113.853 Y115.093 E.01856
G1 X106.397 Y107.637 E.34815
G1 X106.397 Y107.076 E.01852
G1 X113.853 Y114.531 E.34812
G1 X113.853 Y113.97 E.01852
G1 X106.397 Y106.514 E.34815
G1 X106.397 Y105.953 E.01852
G1 X113.853 Y113.408 E.34812
G1 X113.853 Y112.847 E.01852
G1 X106.397 Y105.391 E.34815
G1 X106.397 Y104.829 E.01856
G1 X113.853 Y112.285 E.34815
G1 X113.853 Y111.724 E.01852
G1 X106.397 Y104.268 E.34815
G1 X106.397 Y103.706 E.01856
G1 X113.853 Y111.162 E.34815
G1 X113.853 Y110.601 E.01852
G1 X106.397 Y103.145 E.34815
G1 X106.397 Y102.583 E.01856
G1 X113.853 Y110.039 E.34815
G1 X113.853 Y109.477 E.01856
G1 X106.397 Y102.022 E.34812
G1 X106.397 Y101.46 E.01856
G1 X113.853 Y108.916 E.34815
G1 X113.853 Y108.354 E.01856
G1 X106.397 Y100.899 E.34812
G1 X106.397 Y100.337 E.01856
G1 X113.853 Y107.793 E.34815
G1 X113.853 Y107.231 E.01856
G1 X106.397 Y99.776 E.34812
G1 X106.397 Y99.214 E.01856
G1 X113.853 Y106.67 E.34815
G1 X113.853 Y106.108 E.01856
G1 X106.397 Y98.652 E.34815
G1 X106.397 Y98.091 E.01852
G1 X113.853 Y105.547 E.34815
G1 X113.853 Y104.985 E.01856
G1 X106.397 Y97.529 E.34815
G1 X106.397 Y96.968 E.01852
G1 X113.853 Y104.424 E.34815
G1 X113.853 Y103.862 E.01856
G1 X106.397 Y96.406 E.34815
G1 X106.397 Y95.845 E.01852
G1 X113.853 Y103.3 E.34812
G1 X113.853 Y102.739 E.01852
G1 X106.397 Y95.283 E.34815
G1 X106.397 Y94.722 E.01852
G1 X113.853 Y102.177 E.34812
G1 X113.853 Y101.616 E.01852
G1 X106.397 Y94.16 E.34815
G1 X106.397 Y93.598 E.01856
G1 X113.853 Y101.054 E.34815
G1 X113.853 Y100.493 E.01852
G1 X106.397 Y93.037 E.34815
G1 X106.397 Y92.475 E.01856
G1 X113.853 Y99.931 E.34815
G1 X113.853 Y99.37 E.01852
G1 X106.397 Y91.914 E.34815
G1 X106.266 Y91.141 E.02589
;WIDTH:0.38292
G1 X106.475 Y91.124 E.00593
;WIDTH:0.41146
G1 X106.436 Y91.238 E.00369
;WIDTH:0.439999
G1 X106.397 Y91.352 E.00398
G1 X113.853 Y98.808 E.34815
G1 X113.853 Y98.246 E.01856
G1 X106.879 Y91.272 E.32564
G1 X107.44 Y91.272 E.01852
G1 X113.853 Y97.685 E.29945
G1 X113.853 Y97.123 E.01856
G1 X108.002 Y91.272 E.2732
G1 X108.397 Y91.106 E.01415
G1 X113.853 Y96.562 E.25476
G1 X113.853 Y96 E.01856
G1 X108.397 Y90.544 E.25476
G1 X108.397 Y89.983 E.01852
G1 X113.853 Y95.439 E.25476
G1 X113.853 Y94.877 E.01856
G1 X108.397 Y89.421 E.25476
G1 X108.397 Y88.86 E.01852
G1 X113.853 Y94.316 E.25476
G1 X113.958 Y93.432 F9000
;WIDTH:0.38292
G1 F2400
G1 X113.939 Y93.503 E.00208
G1 X114.01 Y93.484 E.00208
G1 X113.999 Y93.443 E.0012
;WIDTH:0.41146
G1 X113.926 Y93.599 E.00528
;WIDTH:0.439999
G1 X113.853 Y93.754 E.00566
G1 X108.397 Y88.298 E.25476
G1 X108.397 Y87.737 E.01852
G1 X113.853 Y93.192 E.25474
G1 X113.853 Y92.631 E.01852
G1 X112.494 Y91.272 E.06346
G1 X113.056 Y91.272 E.01856
G1 X113.853 Y92.069 E.03721
G1 X113.831 Y91.294 E.0256
;WIDTH:0.578022
G1 X113.848 Y91.358 E.00295
G1 X113.801 Y91.406 E.00299
G1 X113.737 Y91.388 E.00296
G1 X113.719 Y91.324 E.00296
G1 X113.767 Y91.277 E.00299
G1 E-1.4 F2700
;WIPE_START
G1 F7200
G1 X113.719 Y91.324 E-.02393
G1 X113.737 Y91.388 E-.02368
G1 X113.801 Y91.406 E-.02368
G1 X113.848 Y91.358 E-.02393
G1 X113.831 Y91.294 E-.02359
;WIPE_END
G1 E-.48119 F2700
G1 X111.853 Y90.631 F9000
G1 E2 F2400
;WIDTH:0.439999
G1 X108.397 Y87.175 E.16137
G1 X108.397 Y86.614 E.01852
G1 X111.853 Y90.069 E.16135
G1 X111.853 Y89.508 E.01852
G1 X108.397 Y86.052 E.16137
G1 X108.397 Y85.49 E.01856
G1 X111.853 Y88.946 E.16137
G1 X111.853 Y88.385 E.01852
G1 X108.397 Y84.929 E.16137
G1 X108.397 Y84.367 E.01856
G1 X111.853 Y87.823 E.16137
G1 X111.853 Y87.262 E.01852
G1 X108.397 Y83.806 E.16137
G1 X108.397 Y83.244 E.01856
G1 X111.853 Y86.7 E.16137
G1 X111.853 Y86.138 E.01856
G1 X108.397 Y82.683 E.16135
G1 X108.397 Y82.121 E.01856
G1 X111.853 Y85.577 E.16137
G1 X111.853 Y85.015 E.01856
G1 X108.397 Y81.56 E.16135
G1 X108.397 Y80.998 E.01856
G1 X111.853 Y84.454 E.16137
G1 X111.853 Y83.892 E.01856
G1 X108.397 Y80.436 E.16137
G1 X108.397 Y79.875 E.01852
G1 X111.853 Y83.331 E.16137
G1 X111.853 Y82.769 E.01856
G1 X108.397 Y79.313 E.16137
G1 X108.397 Y78.752 E.01852
G1 X111.853 Y82.208 E.16137
G1 X111.853 Y81.646 E.01856
G1 X108.397 Y78.19 E.16137
G1 X108.397 Y77.629 E.01852
G1 X111.853 Y81.084 E.16135
G1 X111.853 Y80.523 E.01852
G1 X108.397 Y77.067 E.16137
G1 X108.397 Y76.506 E.01852
G1 X111.853 Y79.961 E.16135
G1 X111.853 Y79.4 E.01852
G1 X108.397 Y75.944 E.16137
G1 X108.397 Y75.382 E.01856
G1 X111.853 Y78.838 E.16137
G1 X111.853 Y78.277 E.01852
G1 X108.397 Y74.821 E.16137
G1 X108.397 Y74.259 E.01856
G1 X111.853 Y77.715 E.16137
G1 X111.853 Y77.154 E.01852
G1 X108.397 Y73.698 E.16137
G1 X108.397 Y73.136 E.01856
G1 X111.853 Y76.592 E.16137
G1 X111.853 Y76.03 E.01856
G1 X108.397 Y72.575 E.16135
G1 X108.397 Y72.013 E.01856
G1 X111.853 Y75.469 E.16137
G1 X111.853 Y74.907 E.01856
G1 X108.397 Y71.452 E.16135
G1 E-1.4 F2700
;WIPE_START
G1 F7200
G1 X109.588 Y72.643 E-.6
;WIPE_END
G1 X106.485 Y70.64 F9000
G1 E2 F2400
;WIDTH:0.529748
G1 X106.501 Y70.699 E.00247
G1 X106.458 Y70.742 E.00246
G1 X106.399 Y70.726 E.00247
G1 X106.383 Y70.667 E.00247
G1 X106.426 Y70.624 E.00246
;WIDTH:0.439999
G1 X106.397 Y70.013 E.0202
G1 X107.112 Y70.728 E.03339
G1 X107.673 Y70.728 E.01852
G1 X106.397 Y69.452 E.05958
G1 X106.397 Y68.89 E.01856
G1 X111.853 Y74.346 E.25476
G1 X111.853 Y73.784 E.01856
G1 X106.397 Y68.328 E.25476
G1 X106.397 Y67.767 E.01852
G1 X111.853 Y73.223 E.25476
G1 X111.853 Y72.661 E.01856
G1 X106.397 Y67.205 E.25476
G1 X106.397 Y66.644 E.01852
G1 X111.853 Y72.1 E.25476
G1 X111.853 Y71.538 E.01856
G1 X106.397 Y66.082 E.25476
G1 X106.397 Y65.521 E.01852
G1 X111.853 Y70.976 E.25474
G1 X112.166 Y70.728 E.01319
G1 X106.397 Y64.959 E.26937
G1 X106.397 Y64.398 E.01852
G1 X112.727 Y70.728 E.29557
G1 X113.289 Y70.728 E.01856
G1 X106.397 Y63.836 E.32181
G1 X106.397 Y63.274 E.01856
G1 X113.851 Y70.728 E.34805
G1 X113.853 Y70.169 E.01846
G1 X106.397 Y62.713 E.34815
G1 X106.397 Y62.151 E.01856
G1 X113.853 Y69.607 E.34815
G1 X113.853 Y69.046 E.01852
G1 X106.397 Y61.59 E.34815
G1 X106.397 Y61.028 E.01856
G1 X113.853 Y68.484 E.34815
G1 X113.853 Y67.922 E.01856
G1 X106.397 Y60.467 E.34812
G1 X106.397 Y59.905 E.01856
G1 X113.853 Y67.361 E.34815
G1 X113.853 Y66.799 E.01856
G1 X106.397 Y59.344 E.34812
G1 X106.397 Y58.782 E.01856
G1 X113.853 Y66.238 E.34815
G1 X113.853 Y65.676 E.01856
G1 X106.397 Y58.22 E.34815
G1 X106.397 Y57.659 E.01852
G1 X113.853 Y65.115 E.34815
G1 X113.853 Y64.553 E.01856
G1 X106.397 Y57.097 E.34815
G1 X106.397 Y56.536 E.01852
G1 X113.853 Y63.992 E.34815
G1 X113.853 Y63.43 E.01856
G1 X106.397 Y55.974 E.34815
G1 X106.397 Y55.413 E.01852
G1 X113.853 Y62.868 E.34812
G1 X113.853 Y62.307 E.01852
G1 X106.818 Y55.272 E.32849
G1 X107.38 Y55.272 E.01856
G1 X113.853 Y61.745 E.30225
G1 X113.853 Y61.184 E.01852
G1 X107.941 Y55.272 E.27605
G1 X108.503 Y55.272 E.01856
G1 X113.853 Y60.622 E.24981
G1 X113.853 Y60.061 E.01852
G1 X109.064 Y55.272 E.22361
G1 X109.002 Y55.172 E.00388
;WIDTH:0.41146
G1 X108.939 Y55.073 E.0036
;WIDTH:0.38292
G1 X108.95 Y55.114 E.0012
G1 X108.879 Y55.133 E.00208
G1 X108.898 Y55.062 E.00208
G1 X109.119 Y54.751 E.01079
G1 X109.1 Y54.822 E.00208
G1 X109.171 Y54.803 E.00208
G1 X109.16 Y54.762 E.0012
;WIDTH:0.439999
G1 X109.299 Y54.946 E.00761
G1 X113.853 Y59.499 E.21262
G1 X113.853 Y58.938 E.01852
G1 X109.299 Y54.384 E.21264
G1 X109.256 Y54.254 E.00452
;WIDTH:0.41146
G1 X109.212 Y54.125 E.00418
;WIDTH:0.38292
G1 X109.223 Y54.166 E.0012
G1 X109.152 Y54.185 E.00208
G1 X109.171 Y54.114 E.00208
;WIDTH:0.439999
G1 X109.749 Y54.272 E.01978
G1 X113.853 Y58.376 E.19163
G1 X113.906 Y58.215 E.0056
;WIDTH:0.41146
G1 X113.958 Y58.054 E.00518
;WIDTH:0.38292
G1 X113.939 Y58.125 E.00208
G1 X114.01 Y58.106 E.00208
G1 X113.999 Y58.065 E.0012
G1 E-1.4 F2700
;WIPE_START
G1 F7200
G1 X114.01 Y58.106 E-.01512
G1 X113.939 Y58.125 E-.02618
G1 X113.958 Y58.054 E-.02618
;WIPE_END
G1 E-.53252 F2700
G1 X111.05 Y55.012 F9000
G1 E2 F2400
;WIDTH:0.439999
G1 X110.311 Y54.272 E.03453
G1 X110.249 Y54.172 E.00388
;WIDTH:0.41146
G1 X110.188 Y54.073 E.00356
;WIDTH:0.38292
G1 X110.199 Y54.114 E.0012
G1 X110.128 Y54.133 E.00208
G1 X110.147 Y54.062 E.00208
G1 X110.982 Y54.264 F9000
;WIDTH:0.544306
G1 F2400
G1 X110.937 Y54.308 E.00262
G1 X110.954 Y54.369 E.00264
G1 X111.014 Y54.385 E.00259
G1 X111.059 Y54.34 E.00265
G1 X111.042 Y54.28 E.0026
G1 X111.311 Y55.272 F9000
;WIDTH:0.439999
G1 F2400
G1 X113.853 Y57.814 E.11869
G1 X113.853 Y57.253 E.01852
G1 X111.872 Y55.272 E.0925
G1 X112.434 Y55.272 E.01856
G1 X113.853 Y56.691 E.06626
G1 X113.853 Y56.13 E.01852
G1 X112.995 Y55.272 E.04006
G1 X113.557 Y55.272 E.01856
G1 X113.853 Y55.568 E.01382
G1 E-1.4 F2700
;WIPE_START
G1 F7200
G1 X113.557 Y55.272 E-.14913
G1 X112.995 Y55.272 E-.20021
G1 X113.492 Y55.769 E-.25066
;WIPE_END
G1 X112.162 Y153.272 F9000
G1 E2 F2400
G1 X113.853 Y154.963 E.07896
G1 X113.853 Y154.402 E.01852
G1 X112.723 Y153.272 E.05276
G1 X113.285 Y153.272 E.01856
G1 X113.853 Y153.84 E.02652
G1 X113.886 Y153.239 E.01987
;WIDTH:0.443874
G1 X113.899 Y153.287 E.00166
G1 X113.864 Y153.322 E.00165
G1 X113.816 Y153.309 E.00166
G1 X113.803 Y153.261 E.00166
G1 X113.838 Y153.226 E.00165
EXCLUDE_OBJECT_END NAME=Trigger1_holder_stl
;LAYER_CHANGE
;Z:2
;HEIGHT:0.2
;BEFORE_LAYER_CHANGE
G92 E0
;2


G1 E-1.4 F2700
;WIPE_START
G1 F7200
G1 X113.803 Y153.261 E-.01763
G1 X113.816 Y153.309 E-.01772
G1 X113.864 Y153.322 E-.01772
G1 X113.899 Y153.287 E-.01763
G1 X113.886 Y153.239 E-.01772
;WIPE_END
G1 E-.51158 F2700
G1 Z2 F9000
;AFTER_LAYER_CHANGE
;2
EXCLUDE_OBJECT_START NAME=Trigger1_holder_stl
G1 X112.131 Y152.994
G1 E2 F2400
;TYPE:Perimeter
;WIDTH:0.44
G1 F3600
G1 X114.131 Y152.994 E.06603
G1 X114.131 Y162.056 E.2992
G1 X114.225 Y162.89 E.02771
G1 X114.521 Y163.736 E.02959
G1 X114.997 Y164.494 E.02955
G1 X115.631 Y165.128 E.0296
G1 X116.389 Y165.604 E.02955
G1 X117.235 Y165.9 E.02959
G1 X118.069 Y165.994 E.02771
G1 X124.819 Y165.994 E.22287
G1 X125.32 Y166.051 E.01665
G1 X125.743 Y166.198 E.01479
G1 X126.122 Y166.437 E.01479
G1 X126.438 Y166.753 E.01476
G1 X126.677 Y167.132 E.01479
G1 X126.824 Y167.555 E.01479
G1 X126.881 Y168.056 E.01665
G1 X126.881 Y169.971 E.06323
G1 X126.845 Y170.27 E.00994
G1 X126.76 Y170.494 E.00791
G1 X126.624 Y170.692 E.00793
G1 X126.445 Y170.851 E.00791
G1 X126.233 Y170.964 E.00793
G1 X125.3 Y171.198 E.03176
G1 X124.663 Y171.535 E.02379
G1 X124.124 Y172.015 E.02383
G1 X123.715 Y172.609 E.02381
G1 X123.46 Y173.284 E.02382
G1 X123.381 Y173.94 E.02182
G1 X123.381 Y176.935 E.09889
G1 X123.373 Y176.998 E.0021
G1 X123.31 Y177.006 E.0021
G1 X122.377 Y176.996 E.03081
G1 X122.369 Y173.935 E.10107
G1 X122.275 Y173.223 E.02371
G1 X121.975 Y172.499 E.02588
G1 X121.498 Y171.877 E.02588
G1 X120.876 Y171.4 E.02588
G1 X120.152 Y171.1 E.02588
G1 X119.44 Y171.006 E.02371
G1 X108.181 Y171.006 E.37174
G1 X107.68 Y170.949 E.01665
G1 X107.257 Y170.802 E.01479
G1 X106.878 Y170.563 E.01479
G1 X106.562 Y170.247 E.01476
G1 X106.338 Y169.891 E.01389
G1 X106.175 Y169.44 E.01583
G1 X106.119 Y168.944 E.01648
G1 X106.119 Y152.994 E.52663
G1 X108.119 Y152.994 E.06603
G1 X108.119 Y133.006 E.65995
G1 X106.119 Y133.006 E.06603
G1 X106.119 Y90.994 E1.38712
G1 X108.119 Y90.994 E.06603
G1 X108.119 Y71.006 E.65995
G1 X106.119 Y71.006 E.06603
G1 X106.119 Y54.994 E.52867
G1 X108.911 Y54.994 E.09218
G1 X108.911 Y53.994 E.03302
G1 X111.328 Y53.994 E.0798
G1 X111.328 Y54.994 E.03302
G1 X114.131 Y54.994 E.09255
G1 X114.131 Y71.006 E.52867
G1 X112.131 Y71.006 E.06603
G1 X112.131 Y90.994 E.65995
G1 X114.131 Y90.994 E.06603
G1 X114.131 Y133.006 E1.38712
G1 X112.131 Y133.006 E.06603
G1 X112.131 Y152.934 E.65797
G1 E-1.4 F2700
;WIPE_START
G1 F7200
G1 X112.131 Y152.994 E-.02138
G1 X113.755 Y152.994 E-.57862
;WIPE_END
G1 X114.58 Y53.994 F9000
G1 E2 F2400
G1 F1800
G1 X115.131 Y54.006 E.0182
G1 X114.64 Y53.995 E.01622
G1 E-1.4 F2700
;WIPE_START
G1 F7200
G1 X114.58 Y53.994 E-.02138
G1 X115.131 Y54.006 E-.19634
G1 X114.64 Y53.995 E-.17496
;WIPE_END
G1 E-.20732 F2700
G1 X105.533 Y54.006 F9000
G1 E2 F2400
G1 F1800
G1 X104.119 Y53.994 E.04669
G1 X105.479 Y54.005 E.04491
G1 X105.933 Y54.21 F9000
G1 F3600
G1 X105.933 Y54.597 E.01278
G1 X108.514 Y54.597 E.08522
G1 X108.514 Y53.597 E.03302
G1 X111.725 Y53.597 E.10602
G1 X111.725 Y54.597 E.03302
G1 X114.183 Y54.597 E.08116
G1 X114.183 Y53.597 E.03302
G1 X115.528 Y53.597 E.04441
G1 X115.528 Y54.403 E.02661
G1 X114.528 Y54.403 E.03302
G1 X114.528 Y71.403 E.56129
G1 X112.528 Y71.403 E.06603
G1 X112.528 Y90.597 E.63373
G1 X114.528 Y90.597 E.06603
G1 X114.528 Y133.403 E1.41334
G1 X112.528 Y133.403 E.06603
G1 X112.528 Y152.597 E.63373
G1 X114.528 Y152.597 E.06603
G1 X114.528 Y162.034 E.31158
G1 X114.614 Y162.801 E.02548
G1 X114.881 Y163.562 E.02663
G1 X115.31 Y164.245 E.02663
G1 X115.88 Y164.815 E.02662
G1 X116.563 Y165.244 E.02663
G1 X117.324 Y165.511 E.02663
G1 X118.091 Y165.597 E.02548
G1 X124.841 Y165.597 E.22287
G1 X125.409 Y165.661 E.01887
G1 X125.916 Y165.838 E.01773
G1 X126.371 Y166.124 E.01774
G1 X126.751 Y166.504 E.01774
G1 X127.037 Y166.959 E.01774
G1 X127.214 Y167.466 E.01773
G1 X127.278 Y168.034 E.01887
G1 X127.278 Y169.995 E.06475
G1 X127.233 Y170.365 E.01231
G1 X127.114 Y170.679 E.01109
G1 X126.924 Y170.956 E.01109
G1 X126.673 Y171.18 E.01111
G1 X126.376 Y171.337 E.01109
G1 X125.443 Y171.571 E.03176
G1 X124.891 Y171.864 E.02063
G1 X124.424 Y172.279 E.02063
G1 X124.07 Y172.795 E.02066
G1 X123.849 Y173.379 E.02062
G1 X123.778 Y173.964 E.01946
G1 X123.778 Y176.961 E.09895
G1 X123.759 Y177.103 E.00473
G1 X123.719 Y177.199 E.00343
G1 X123.656 Y177.281 E.00341
G1 X123.574 Y177.344 E.00341
G1 X123.478 Y177.384 E.00343
G1 X123.336 Y177.403 E.00473
G1 X122.414 Y177.403 E.03044
G1 X122.272 Y177.384 E.00473
G1 X122.176 Y177.344 E.00343
G1 X122.101 Y177.287 E.00311
G1 X122.029 Y177.195 E.00386
G1 X121.991 Y177.103 E.00329
G1 X121.972 Y176.961 E.00473
G1 X121.972 Y173.961 E.09905
G1 X121.889 Y173.326 E.02114
G1 X121.629 Y172.699 E.02241
G1 X121.215 Y172.16 E.02244
G1 X120.676 Y171.746 E.02244
G1 X120.049 Y171.486 E.02241
G1 X119.414 Y171.403 E.02114
G1 X108.159 Y171.403 E.37161
G1 X107.591 Y171.339 E.01887
G1 X107.084 Y171.162 E.01773
G1 X106.629 Y170.876 E.01774
G1 X106.249 Y170.496 E.01774
G1 X105.98 Y170.067 E.01672
G1 X105.786 Y169.531 E.01882
G1 X105.722 Y168.966 E.01877
G1 X105.722 Y152.597 E.54046
G1 X107.722 Y152.597 E.06603
G1 X107.722 Y133.403 E.63373
G1 X105.722 Y133.403 E.06603
G1 X105.722 Y90.597 E1.41334
G1 X107.722 Y90.597 E.06603
G1 X107.722 Y71.403 E.63373
G1 X105.722 Y71.403 E.06603
G1 X105.722 Y54.403 E.56129
G1 X103.722 Y54.403 E.06603
G1 X103.722 Y53.597 E.02661
G1 X105.933 Y53.597 E.073
G1 X105.933 Y54.15 E.01826
G1 X106.32 Y54.21 F9000
;TYPE:External perimeter
;WIDTH:0.42
G1 F1800
G1 X108.127 Y54.21 E.05666
G1 X108.127 Y53.21 E.03135
G1 X112.112 Y53.21 E.12495
G1 X112.112 Y54.21 E.03135
G1 X113.795 Y54.21 E.05277
G1 X113.795 Y53.21 E.03135
G1 X115.915 Y53.21 E.06647
G1 X115.915 Y54.79 E.04954
G1 X114.915 Y54.79 E.03135
G1 X114.915 Y71.79 E.53302
G1 X112.915 Y71.79 E.06271
G1 X112.915 Y90.21 E.57755
G1 X114.915 Y90.21 E.06271
G1 X114.915 Y133.79 E1.36642
G1 X112.915 Y133.79 E.06271
G1 X112.915 Y152.21 E.57755
G1 X114.915 Y152.21 E.06271
G1 X114.915 Y162.012 E.30733
G1 X114.994 Y162.715 E.02218
G1 X115.232 Y163.393 E.02253
G1 X115.614 Y164.002 E.02254
G1 X116.123 Y164.511 E.02257
G1 X116.732 Y164.893 E.02254
G1 X117.41 Y165.131 E.02253
G1 X118.113 Y165.21 E.02218
G1 X124.863 Y165.21 E.21164
G1 X125.496 Y165.281 E.01997
G1 X126.085 Y165.487 E.01956
G1 X126.614 Y165.82 E.0196
G1 X127.055 Y166.261 E.01955
G1 X127.388 Y166.79 E.0196
G1 X127.594 Y167.379 E.01956
G1 X127.665 Y168.012 E.01997
G1 X127.665 Y170.019 E.06293
G1 X127.612 Y170.458 E.01386
G1 X127.46 Y170.86 E.01348
G1 X127.216 Y171.214 E.01348
G1 X126.895 Y171.5 E.01348
G1 X126.515 Y171.701 E.01348
G1 X125.583 Y171.935 E.03013
G1 X125.113 Y172.184 E.01668
G1 X124.716 Y172.537 E.01666
G1 X124.415 Y172.975 E.01666
G1 X124.227 Y173.472 E.01666
G1 X124.165 Y173.987 E.01626
G1 X124.165 Y176.986 E.09403
G1 X124.136 Y177.204 E.0069
G1 X124.058 Y177.394 E.00644
G1 X123.932 Y177.557 E.00646
G1 X123.769 Y177.683 E.00646
G1 X123.579 Y177.761 E.00644
G1 X123.361 Y177.79 E.0069
G1 X122.389 Y177.79 E.03048
G1 X122.171 Y177.761 E.0069
G1 X121.981 Y177.683 E.00644
G1 X121.827 Y177.564 E.0061
G1 X121.692 Y177.393 E.00683
G1 X121.614 Y177.204 E.00641
G1 X121.585 Y176.986 E.0069
G1 X121.585 Y173.986 E.09406
G1 X121.511 Y173.428 E.01765
G1 X121.29 Y172.894 E.01812
G1 X120.939 Y172.436 E.01809
G1 X120.481 Y172.085 E.01809
G1 X119.947 Y171.864 E.01812
G1 X119.389 Y171.79 E.01765
G1 X108.137 Y171.79 E.3528
G1 X107.504 Y171.719 E.01997
G1 X106.915 Y171.513 E.01956
G1 X106.386 Y171.18 E.0196
G1 X105.945 Y170.739 E.01955
G1 X105.63 Y170.237 E.01858
G1 X105.406 Y169.619 E.02061
G1 X105.335 Y168.988 E.01991
G1 X105.335 Y152.21 E.52606
G1 X107.335 Y152.21 E.06271
G1 X107.335 Y133.79 E.57755
G1 X105.335 Y133.79 E.06271
G1 X105.335 Y90.21 E1.36642
G1 X107.335 Y90.21 E.06271
G1 X107.335 Y71.79 E.57755
G1 X105.335 Y71.79 E.06271
G1 X105.335 Y54.79 E.53302
G1 X103.335 Y54.79 E.06271
G1 X103.335 Y53.21 E.04954
G1 X106.32 Y53.21 E.09359
G1 X106.32 Y54.15 E.02947
G1 E-1.4 F2700
;WIPE_START
G1 F7200
G1 X106.32 Y54.21 E-.02138
G1 X107.944 Y54.21 E-.57862
;WIPE_END
G1 X122.569 Y176.9 F9000
G1 E2 F2400
;TYPE:Top solid infill
;WIDTH:0.400216
G1 F1800
G1 X123.123 Y176.347 E.02326
G1 X123.123 Y175.842 E.015
G1 X122.633 Y176.331 E.02057
G1 X122.632 Y175.827 E.01497
G1 X123.123 Y175.336 E.02063
G1 X123.123 Y174.831 E.015
G1 X122.631 Y175.323 E.02067
G1 X122.629 Y174.819 E.01497
G1 X123.123 Y174.326 E.02073
G1 X123.137 Y173.806 E.01545
G1 X122.628 Y174.315 E.02139
G1 X122.615 Y173.823 E.01462
G1 X123.479 Y172.959 E.0363
G1 E-1.4 F2700
;WIPE_START
G1 F7200
G1 X122.615 Y173.823 E-.43529
G1 X122.627 Y174.285 E-.16471
;WIPE_END
G1 X126.757 Y170.186 F9000
G1 E2 F2400
G1 F1800
G1 X126.296 Y170.638 E.01918
G1 X126.14 Y170.721 E.00525
G1 X125.575 Y170.863 E.01731
G1 X126.623 Y169.815 E.04403
G1 X126.623 Y169.31 E.015
G1 X122.556 Y173.377 E.17088
G1 X122.527 Y173.156 E.00662
G1 X122.452 Y172.975 E.00582
G1 X126.623 Y168.805 E.17522
G1 X126.623 Y168.299 E.01503
G1 X122.304 Y172.618 E.18146
G1 X122.201 Y172.369 E.00801
G1 X122.135 Y172.282 E.00324
G1 X126.595 Y167.822 E.18739
G1 X126.571 Y167.613 E.00625
G1 X126.501 Y167.411 E.00635
G1 X121.915 Y171.996 E.19266
G1 X121.696 Y171.71 E.0107
G1 X126.334 Y167.072 E.19487
G1 X126.235 Y166.915 E.00551
G1 X126.111 Y166.79 E.00523
G1 X121.414 Y171.487 E.19735
G1 X121.128 Y171.268 E.0107
G1 X125.835 Y166.561 E.19777
G1 X125.63 Y166.432 E.0072
G1 X125.503 Y166.388 E.00399
G1 X120.801 Y171.089 E.19753
G1 X120.444 Y170.941 E.01148
G1 X125.1 Y166.285 E.19562
G1 X124.628 Y166.252 E.01406
G1 X120.053 Y170.826 E.1922
G1 X119.607 Y170.768 E.01336
G1 X124.122 Y166.252 E.18972
G1 X123.617 Y166.252 E.015
G1 X119.121 Y170.748 E.1889
G1 X118.616 Y170.748 E.015
G1 X123.112 Y166.252 E.1889
G1 X122.607 Y166.252 E.015
G1 X118.111 Y170.748 E.1889
G1 X117.605 Y170.748 E.01503
G1 X122.101 Y166.252 E.1889
G1 X121.596 Y166.252 E.015
G1 X117.1 Y170.748 E.1889
G1 X116.595 Y170.748 E.015
G1 X121.091 Y166.252 E.1889
G1 X120.585 Y166.252 E.01503
G1 X116.09 Y170.748 E.18888
G1 X115.584 Y170.748 E.01503
G1 X120.08 Y166.252 E.1889
G1 X119.575 Y166.252 E.015
G1 X115.079 Y170.748 E.1889
G1 X114.574 Y170.748 E.015
G1 X119.069 Y166.252 E.18888
G1 X118.564 Y166.252 E.015
G1 X114.068 Y170.748 E.1889
G1 X113.563 Y170.748 E.015
G1 X118.059 Y166.252 E.1889
G1 X117.604 Y166.201 E.0136
G1 X113.058 Y170.748 E.19102
G1 X112.552 Y170.748 E.01503
G1 X117.155 Y166.145 E.1934
G1 X116.781 Y166.014 E.01177
G1 X112.047 Y170.748 E.1989
G1 X111.542 Y170.748 E.015
G1 X116.406 Y165.884 E.20436
G1 X116.277 Y165.838 E.00407
G1 X116.074 Y165.711 E.00711
G1 X111.037 Y170.748 E.21163
G1 X110.531 Y170.748 E.01503
G1 X115.764 Y165.516 E.21984
G1 X115.456 Y165.318 E.01088
G1 X110.026 Y170.748 E.22814
G1 X109.521 Y170.748 E.015
G1 X115.203 Y165.065 E.23875
G1 X114.951 Y164.813 E.01059
G1 X109.015 Y170.748 E.24938
G1 X108.51 Y170.748 E.015
G1 X114.72 Y164.538 E.26091
G1 X114.525 Y164.228 E.01088
G1 X108.024 Y170.729 E.27314
G1 X107.738 Y170.696 E.00855
G1 X107.6 Y170.648 E.00434
G1 X114.33 Y163.917 E.28278
G1 X114.287 Y163.848 E.00242
G1 X114.185 Y163.557 E.00916
G1 X107.25 Y170.492 E.29138
G1 X107.04 Y170.36 E.00737
G1 X106.958 Y170.279 E.00342
G1 X114.054 Y163.183 E.29814
G1 X113.972 Y162.948 E.00739
G1 X113.953 Y162.779 E.00505
G1 X106.719 Y170.012 E.30392
G1 X106.572 Y169.778 E.00821
G1 X106.539 Y169.687 E.00288
G1 X113.902 Y162.325 E.30934
G1 X113.873 Y162.07 E.00762
G1 X113.873 Y161.848 E.0066
G1 X106.419 Y169.302 E.31318
G1 X106.377 Y168.839 E.01381
G1 X113.873 Y161.343 E.31495
G1 X113.873 Y160.838 E.015
G1 X106.377 Y168.333 E.31493
G1 X106.377 Y167.828 E.015
G1 X113.873 Y160.332 E.31495
G1 X113.873 Y159.827 E.015
G1 X106.377 Y167.323 E.31495
G1 X106.377 Y166.817 E.01503
G1 X113.873 Y159.322 E.31493
G1 X113.873 Y158.816 E.01503
G1 X106.377 Y166.312 E.31495
G1 X106.377 Y165.807 E.015
G1 X113.873 Y158.311 E.31495
G1 X113.873 Y157.806 E.015
G1 X106.377 Y165.302 E.31495
G1 X106.377 Y164.796 E.01503
G1 X113.873 Y157.3 E.31495
G1 X113.873 Y156.795 E.015
G1 X106.377 Y164.291 E.31495
G1 X106.377 Y163.786 E.015
G1 X113.873 Y156.29 E.31495
G1 X113.873 Y155.785 E.015
G1 X106.377 Y163.28 E.31493
G1 X106.377 Y162.775 E.015
G1 X113.873 Y155.279 E.31495
G1 X113.873 Y154.774 E.015
G1 X106.377 Y162.27 E.31495
G1 X106.377 Y161.765 E.015
G1 X113.873 Y154.269 E.31495
G1 X113.873 Y153.763 E.01503
G1 X106.377 Y161.259 E.31495
G1 X106.377 Y160.754 E.015
G1 X113.873 Y153.258 E.31495
G1 X113.374 Y153.252 E.01483
G1 X106.377 Y160.249 E.29398
G1 X106.377 Y159.743 E.01503
G1 X112.868 Y153.252 E.27272
G1 X112.363 Y153.252 E.015
G1 X106.377 Y159.238 E.2515
G1 X106.377 Y158.733 E.015
G1 X111.873 Y153.237 E.23092
G1 X111.873 Y152.732 E.015
G1 X106.377 Y158.227 E.23089
G1 X106.377 Y157.722 E.015
G1 X111.873 Y152.226 E.23092
G1 X111.873 Y151.721 E.015
G1 X106.377 Y157.217 E.23092
G1 X106.377 Y156.712 E.015
G1 X111.873 Y151.216 E.23092
G1 X111.873 Y150.71 E.01503
G1 X106.377 Y156.206 E.23092
G1 X106.377 Y155.701 E.015
G1 X111.873 Y150.205 E.23092
G1 X111.873 Y149.7 E.015
G1 X106.377 Y155.196 E.23092
G1 X106.377 Y154.69 E.01503
G1 X107.815 Y153.252 E.06042
G1 X107.31 Y153.252 E.015
G1 X106.377 Y154.185 E.0392
G1 X106.377 Y153.68 E.015
G1 X106.966 Y153.091 E.02475
G1 X108.216 Y152.851 F9000
G1 F1800
G1 X111.873 Y149.195 E.15363
G1 X111.873 Y148.689 E.01503
G1 X108.377 Y152.185 E.14689
G1 X108.377 Y151.68 E.015
G1 X111.873 Y148.184 E.14689
G1 X111.873 Y147.679 E.015
G1 X108.377 Y151.175 E.14689
G1 X108.377 Y150.669 E.01503
G1 X111.873 Y147.173 E.14689
G1 X111.873 Y146.668 E.015
G1 X108.377 Y150.164 E.14689
G1 X108.377 Y149.659 E.015
G1 X111.873 Y146.163 E.14689
G1 X111.873 Y145.658 E.015
G1 X108.377 Y149.153 E.14686
G1 X108.377 Y148.648 E.015
G1 X111.873 Y145.152 E.14689
G1 X111.873 Y144.647 E.015
G1 X108.377 Y148.143 E.14689
G1 X108.377 Y147.637 E.01503
G1 X111.873 Y144.142 E.14686
G1 X111.873 Y143.636 E.01503
G1 X108.377 Y147.132 E.14689
G1 X108.377 Y146.627 E.015
G1 X111.873 Y143.131 E.14689
G1 X111.873 Y142.626 E.015
G1 X108.377 Y146.122 E.14689
G1 X108.377 Y145.616 E.01503
G1 X111.873 Y142.121 E.14686
G1 X111.873 Y141.615 E.01503
G1 X108.377 Y145.111 E.14689
G1 X108.377 Y144.606 E.015
G1 X111.873 Y141.11 E.14689
G1 X111.873 Y140.605 E.015
G1 X108.377 Y144.1 E.14686
G1 X108.377 Y143.595 E.015
G1 X111.873 Y140.099 E.14689
G1 X111.873 Y139.594 E.015
G1 X108.377 Y143.09 E.14689
G1 X108.377 Y142.585 E.015
G1 X111.873 Y139.089 E.14689
G1 X111.873 Y138.583 E.01503
G1 X108.377 Y142.079 E.14689
G1 X108.377 Y141.574 E.015
G1 X111.873 Y138.078 E.14689
G1 X111.873 Y137.573 E.015
G1 X108.377 Y141.069 E.14689
G1 X108.377 Y140.563 E.01503
G1 X111.873 Y137.068 E.14686
G1 X111.873 Y136.562 E.01503
G1 X108.377 Y140.058 E.14689
G1 X108.377 Y139.553 E.015
G1 X111.873 Y136.057 E.14689
G1 X111.873 Y135.552 E.015
G1 X108.377 Y139.048 E.14689
G1 X108.377 Y138.542 E.01503
G1 X111.873 Y135.046 E.14689
G1 X111.873 Y134.541 E.015
G1 X108.377 Y138.037 E.14689
G1 X108.377 Y137.532 E.015
G1 X111.873 Y134.036 E.14689
G1 X111.873 Y133.531 E.015
G1 X108.216 Y137.187 E.15363
G1 E-1.4 F2700
;WIPE_START
G1 F7200
G1 X109.407 Y135.996 E-.6
;WIPE_END
G1 X113.505 Y132.909 F9000
G1 E2 F2400
G1 F1800
G1 X113.873 Y132.541 E.01546
G1 X113.873 Y132.036 E.015
G1 X113.161 Y132.748 E.02991
G1 X112.656 Y132.748 E.015
G1 X113.873 Y131.531 E.05113
G1 X113.873 Y131.025 E.01503
G1 X108.377 Y136.521 E.23092
G1 X108.377 Y136.016 E.015
G1 X113.873 Y130.52 E.23092
G1 X113.873 Y130.015 E.015
G1 X108.377 Y135.51 E.23089
G1 X108.377 Y135.005 E.015
G1 X113.873 Y129.509 E.23092
G1 X113.873 Y129.004 E.015
G1 X108.377 Y134.5 E.23092
G1 X108.377 Y133.995 E.015
G1 X113.873 Y128.499 E.23092
G1 X113.873 Y127.993 E.01503
G1 X108.377 Y133.489 E.23092
G1 X108.377 Y132.984 E.015
G1 X113.873 Y127.488 E.23092
G1 X113.873 Y126.983 E.015
G1 X108.108 Y132.748 E.24222
G1 X107.603 Y132.748 E.015
G1 X113.873 Y126.478 E.26344
G1 X113.873 Y125.972 E.01503
G1 X107.097 Y132.748 E.2847
G1 X106.592 Y132.748 E.015
G1 X113.873 Y125.467 E.30591
G1 X113.873 Y124.962 E.015
G1 X106.377 Y132.458 E.31495
G1 X106.377 Y131.952 E.01503
G1 X113.873 Y124.456 E.31495
G1 X113.873 Y123.951 E.015
G1 X106.377 Y131.447 E.31495
G1 X106.377 Y130.942 E.015
G1 X113.873 Y123.446 E.31495
G1 X113.873 Y122.941 E.015
G1 X106.377 Y130.436 E.31493
G1 X106.377 Y129.931 E.015
G1 X113.873 Y122.435 E.31495
G1 X113.873 Y121.93 E.015
G1 X106.377 Y129.426 E.31495
G1 X106.377 Y128.92 E.01503
G1 X113.873 Y121.425 E.31493
G1 X113.873 Y120.919 E.01503
G1 X106.377 Y128.415 E.31495
G1 X106.377 Y127.91 E.015
G1 X113.873 Y120.414 E.31495
G1 X113.873 Y119.909 E.015
G1 X106.377 Y127.405 E.31495
G1 X106.377 Y126.899 E.01503
G1 X113.873 Y119.404 E.31493
G1 X113.873 Y118.898 E.01503
G1 X106.377 Y126.394 E.31495
G1 X106.377 Y125.889 E.015
G1 X113.873 Y118.393 E.31495
G1 X113.873 Y117.888 E.015
G1 X106.377 Y125.383 E.31493
G1 X106.377 Y124.878 E.015
G1 X113.873 Y117.382 E.31495
G1 X113.873 Y116.877 E.015
G1 X106.377 Y124.373 E.31495
G1 X106.377 Y123.868 E.015
G1 X113.873 Y116.372 E.31495
G1 X113.873 Y115.866 E.01503
G1 X106.377 Y123.362 E.31495
G1 X106.377 Y122.857 E.015
G1 X113.873 Y115.361 E.31495
G1 X113.873 Y114.856 E.015
G1 X106.377 Y122.352 E.31495
G1 X106.377 Y121.846 E.01503
G1 X113.873 Y114.351 E.31493
G1 X113.873 Y113.845 E.01503
G1 X106.377 Y121.341 E.31495
G1 X106.377 Y120.836 E.015
G1 X113.873 Y113.34 E.31495
G1 X113.873 Y112.835 E.015
G1 X106.377 Y120.331 E.31495
G1 X106.377 Y119.825 E.01503
G1 X113.873 Y112.329 E.31495
G1 X113.873 Y111.824 E.015
G1 X106.377 Y119.32 E.31495
G1 X106.377 Y118.815 E.015
G1 X113.873 Y111.319 E.31495
G1 X113.873 Y110.814 E.015
G1 X106.377 Y118.309 E.31493
G1 X106.377 Y117.804 E.015
G1 X113.873 Y110.308 E.31495
G1 X113.873 Y109.803 E.015
G1 X106.377 Y117.299 E.31495
G1 X106.377 Y116.793 E.01503
G1 X113.873 Y109.298 E.31493
G1 X113.873 Y108.792 E.01503
G1 X106.377 Y116.288 E.31495
G1 X106.377 Y115.783 E.015
G1 X113.873 Y108.287 E.31495
G1 X113.873 Y107.782 E.015
G1 X106.377 Y115.278 E.31495
G1 X106.377 Y114.772 E.01503
G1 X113.873 Y107.276 E.31495
G1 X113.873 Y106.771 E.015
G1 X106.377 Y114.267 E.31495
G1 X106.377 Y113.762 E.015
G1 X113.873 Y106.266 E.31495
G1 X113.873 Y105.761 E.015
G1 X106.377 Y113.256 E.31493
G1 X106.377 Y112.751 E.015
G1 X113.873 Y105.255 E.31495
G1 X113.873 Y104.75 E.015
G1 X106.377 Y112.246 E.31495
G1 X106.377 Y111.741 E.015
G1 X113.873 Y104.245 E.31495
G1 X113.873 Y103.739 E.01503
G1 X106.377 Y111.235 E.31495
G1 X106.377 Y110.73 E.015
G1 X113.873 Y103.234 E.31495
G1 X113.873 Y102.729 E.015
G1 X106.377 Y110.225 E.31495
G1 X106.377 Y109.719 E.01503
G1 X113.873 Y102.224 E.31493
G1 X113.873 Y101.718 E.01503
G1 X106.377 Y109.214 E.31495
G1 X106.377 Y108.709 E.015
G1 X113.873 Y101.213 E.31495
G1 X113.873 Y100.708 E.015
G1 X106.377 Y108.203 E.31493
G1 X106.377 Y107.698 E.015
G1 X113.873 Y100.202 E.31495
G1 X113.873 Y99.697 E.015
G1 X106.377 Y107.193 E.31495
G1 X106.377 Y106.688 E.015
G1 X113.873 Y99.192 E.31495
G1 X113.873 Y98.687 E.015
G1 X106.377 Y106.182 E.31493
G1 X106.377 Y105.677 E.015
G1 X113.873 Y98.181 E.31495
G1 X113.873 Y97.676 E.015
G1 X106.377 Y105.172 E.31495
G1 X106.377 Y104.666 E.01503
G1 X113.873 Y97.171 E.31493
G1 X113.873 Y96.665 E.01503
G1 X106.377 Y104.161 E.31495
G1 X106.377 Y103.656 E.015
G1 X113.873 Y96.16 E.31495
G1 X113.873 Y95.655 E.015
G1 X106.377 Y103.151 E.31495
G1 X106.377 Y102.645 E.01503
G1 X113.873 Y95.149 E.31495
G1 X113.873 Y94.644 E.015
G1 X106.377 Y102.14 E.31495
G1 X106.377 Y101.635 E.015
G1 X113.873 Y94.139 E.31495
G1 X113.873 Y93.634 E.015
G1 X106.377 Y101.129 E.31493
G1 X106.377 Y100.624 E.015
G1 X113.873 Y93.128 E.31495
G1 X113.873 Y92.623 E.015
G1 X106.377 Y100.119 E.31495
G1 X106.377 Y99.613 E.01503
G1 X113.873 Y92.118 E.31493
G1 X113.873 Y91.612 E.01503
G1 X106.377 Y99.108 E.31495
G1 X106.377 Y98.603 E.015
G1 X113.728 Y91.252 E.30885
G1 X113.223 Y91.252 E.015
G1 X106.377 Y98.098 E.28764
G1 X106.377 Y97.592 E.01503
G1 X112.717 Y91.252 E.26638
G1 X112.212 Y91.252 E.015
G1 X106.377 Y97.087 E.24516
G1 X106.377 Y96.582 E.015
G1 X111.873 Y91.086 E.23092
G1 X111.873 Y90.581 E.015
G1 X106.377 Y96.076 E.23089
G1 X106.377 Y95.571 E.015
G1 X111.873 Y90.075 E.23092
G1 X111.873 Y89.57 E.015
G1 X106.377 Y95.066 E.23092
G1 X106.377 Y94.561 E.015
G1 X111.873 Y89.065 E.23092
G1 X111.873 Y88.559 E.01503
G1 X106.377 Y94.055 E.23092
G1 X106.377 Y93.55 E.015
G1 X111.873 Y88.054 E.23092
G1 X111.873 Y87.549 E.015
G1 X106.377 Y93.045 E.23092
G1 X106.377 Y92.539 E.01503
G1 X107.664 Y91.252 E.05407
G1 X107.159 Y91.252 E.015
G1 X106.377 Y92.034 E.03286
G1 X106.377 Y91.529 E.015
G1 X106.814 Y91.091 E.01838
G1 X108.216 Y90.7 F9000
G1 F1800
G1 X111.873 Y87.044 E.15363
G1 X111.873 Y86.538 E.01503
G1 X108.377 Y90.034 E.14689
G1 X108.377 Y89.529 E.015
G1 X111.873 Y86.033 E.14689
G1 X111.873 Y85.528 E.015
G1 X108.377 Y89.024 E.14689
G1 X108.377 Y88.518 E.01503
G1 X111.873 Y85.022 E.14689
G1 X111.873 Y84.517 E.015
G1 X108.377 Y88.013 E.14689
G1 X108.377 Y87.508 E.015
G1 X111.873 Y84.012 E.14689
G1 X111.873 Y83.507 E.015
G1 X108.377 Y87.002 E.14686
G1 X108.377 Y86.497 E.015
G1 X111.873 Y83.001 E.14689
G1 X111.873 Y82.496 E.015
G1 X108.377 Y85.992 E.14689
G1 X108.377 Y85.486 E.01503
G1 X111.873 Y81.991 E.14686
G1 X111.873 Y81.485 E.01503
G1 X108.377 Y84.981 E.14689
G1 X108.377 Y84.476 E.015
G1 X111.873 Y80.98 E.14689
G1 X111.873 Y80.475 E.015
G1 X108.377 Y83.971 E.14689
G1 X108.377 Y83.465 E.01503
G1 X111.873 Y79.97 E.14686
G1 X111.873 Y79.464 E.01503
G1 X108.377 Y82.96 E.14689
G1 X108.377 Y82.455 E.015
G1 X111.873 Y78.959 E.14689
G1 X111.873 Y78.454 E.015
G1 X108.377 Y81.949 E.14686
G1 X108.377 Y81.444 E.015
G1 X111.873 Y77.948 E.14689
G1 X111.873 Y77.443 E.015
G1 X108.377 Y80.939 E.14689
G1 X108.377 Y80.434 E.015
G1 X111.873 Y76.938 E.14689
G1 X111.873 Y76.432 E.01503
G1 X108.377 Y79.928 E.14689
G1 X108.377 Y79.423 E.015
G1 X111.873 Y75.927 E.14689
G1 X111.873 Y75.422 E.015
G1 X108.377 Y78.918 E.14689
G1 X108.377 Y78.412 E.01503
G1 X111.873 Y74.917 E.14686
G1 X111.873 Y74.411 E.01503
G1 X108.377 Y77.907 E.14689
G1 X108.377 Y77.402 E.015
G1 X111.873 Y73.906 E.14689
G1 X111.873 Y73.401 E.015
G1 X108.377 Y76.896 E.14686
G1 X108.377 Y76.391 E.015
G1 X111.873 Y72.895 E.14689
G1 X111.873 Y72.39 E.015
G1 X108.377 Y75.886 E.14689
G1 X108.377 Y75.381 E.015
G1 X111.873 Y71.885 E.14689
G1 X111.873 Y71.38 E.015
G1 X108.216 Y75.036 E.15363
G1 E-1.4 F2700
;WIPE_START
G1 F7200
G1 X109.407 Y73.845 E-.6
;WIPE_END
G1 X113.354 Y70.909 F9000
G1 E2 F2400
G1 F1800
G1 X113.873 Y70.39 E.02181
G1 X113.873 Y69.885 E.015
G1 X113.01 Y70.748 E.03626
G1 X112.505 Y70.748 E.015
G1 X113.873 Y69.38 E.05748
G1 X113.873 Y68.874 E.01503
G1 X108.377 Y74.37 E.23092
G1 X108.377 Y73.865 E.015
G1 X113.873 Y68.369 E.23092
G1 X113.873 Y67.864 E.015
G1 X108.377 Y73.359 E.23089
G1 X108.377 Y72.854 E.015
G1 X113.873 Y67.358 E.23092
G1 X113.873 Y66.853 E.015
G1 X108.377 Y72.349 E.23092
G1 X108.377 Y71.844 E.015
G1 X113.873 Y66.348 E.23092
G1 X113.873 Y65.842 E.01503
G1 X108.377 Y71.338 E.23092
G1 X108.377 Y70.833 E.015
G1 X113.873 Y65.337 E.23092
G1 X113.873 Y64.832 E.015
G1 X107.957 Y70.748 E.24856
G1 X107.452 Y70.748 E.015
G1 X113.873 Y64.327 E.26978
G1 X113.873 Y63.821 E.01503
G1 X106.946 Y70.748 E.29104
G1 X106.441 Y70.748 E.015
G1 X113.873 Y63.316 E.31226
G1 X113.873 Y62.811 E.015
G1 X106.377 Y70.307 E.31495
G1 X106.377 Y69.801 E.01503
G1 X113.873 Y62.305 E.31495
G1 X113.873 Y61.8 E.015
G1 X106.377 Y69.296 E.31495
G1 X106.377 Y68.791 E.015
G1 X113.873 Y61.295 E.31495
G1 X113.873 Y60.79 E.015
G1 X106.377 Y68.285 E.31493
G1 X106.377 Y67.78 E.015
G1 X113.873 Y60.284 E.31495
G1 X113.873 Y59.779 E.015
G1 X106.377 Y67.275 E.31495
G1 X106.377 Y66.769 E.01503
G1 X113.873 Y59.274 E.31493
G1 X113.873 Y58.768 E.01503
G1 X106.377 Y66.264 E.31495
G1 X106.377 Y65.759 E.015
G1 X113.873 Y58.263 E.31495
G1 X113.873 Y57.758 E.015
G1 X106.377 Y65.254 E.31495
G1 X106.377 Y64.748 E.01503
G1 X113.873 Y57.253 E.31493
G1 X113.873 Y56.747 E.01503
G1 X106.377 Y64.243 E.31495
G1 X106.377 Y63.738 E.015
G1 X113.873 Y56.242 E.31495
G1 X113.873 Y55.737 E.015
G1 X106.377 Y63.232 E.31493
G1 X106.377 Y62.727 E.015
G1 X113.852 Y55.252 E.31406
G1 X113.347 Y55.252 E.015
G1 X106.377 Y62.222 E.29285
G1 X106.377 Y61.717 E.015
G1 X112.842 Y55.252 E.27163
G1 X112.336 Y55.252 E.01503
G1 X106.377 Y61.211 E.25037
G1 X106.377 Y60.706 E.015
G1 X111.831 Y55.252 E.22915
G1 X111.326 Y55.252 E.015
G1 X106.377 Y60.201 E.20793
G1 X106.377 Y59.695 E.01503
G1 X111.07 Y55.002 E.19718
G1 X111.07 Y54.497 E.015
G1 X106.377 Y59.19 E.19718
G1 X106.377 Y58.685 E.015
G1 X110.81 Y54.252 E.18625
G1 X110.304 Y54.252 E.01503
G1 X106.377 Y58.179 E.16499
G1 X106.377 Y57.674 E.015
G1 X108.799 Y55.252 E.10176
G1 X109.169 Y55.252 E.01099
G1 X109.169 Y54.882 E.01099
G1 X109.799 Y54.252 E.02647
G1 X109.294 Y54.252 E.015
G1 X109.008 Y54.538 E.01202
G1 X108.455 Y55.091 F9000
G1 F1800
G1 X106.377 Y57.169 E.08731
G1 X106.377 Y56.664 E.015
G1 X107.789 Y55.252 E.05933
G1 X107.283 Y55.252 E.01503
G1 X106.377 Y56.158 E.03807
G1 X106.377 Y55.653 E.015
G1 X106.939 Y55.091 E.02361
EXCLUDE_OBJECT_END NAME=Trigger1_holder_stl
;LAYER_CHANGE
;Z:2.2
;HEIGHT:0.2
;BEFORE_LAYER_CHANGE
G92 E0
;2.2


G1 E-1.4 F2700
;WIPE_START
G1 F7200
G1 X106.377 Y55.653 E-.28314
G1 X106.377 Y56.158 E-.17991
G1 X106.649 Y55.886 E-.13695
;WIPE_END
G1 Z2.2 F9000
;AFTER_LAYER_CHANGE
;2.2
EXCLUDE_OBJECT_START NAME=Trigger1_holder_stl
G1 X114.583 Y53.994
G1 E2 F2400
;TYPE:Perimeter
;WIDTH:0.44
G1 F900
G1 X114.58 Y53.994 E.0001
G1 X115.131 Y54.006 E.0182
G1 X114.643 Y53.996 E.01612
G1 X114.183 Y54.403 F9000
G1 F900
G1 X114.183 Y53.597 E.02661
G1 X115.528 Y53.597 E.04441
G1 X115.528 Y54.403 E.02661
G1 X114.243 Y54.403 E.04243
G1 E-1.4 F2700
;WIPE_START
G1 F7200
G1 X114.183 Y54.403 E-.02138
G1 X114.183 Y53.597 E-.28714
G1 X115.001 Y53.597 E-.29148
;WIPE_END
G1 X111.302 Y54.006 F9000
G1 E2 F2400
G1 F900
G1 X111.328 Y54.006 E.00086
G1 X108.8 Y53.994 E.08347
G1 X111.242 Y54.005 E.08063
G1 E-1.4 F2700
;WIPE_START
G1 F7200
G1 X111.302 Y54.006 E-.02138
G1 X111.328 Y54.006 E-.00926
G1 X109.73 Y53.999 E-.56936
;WIPE_END
G1 X108.403 Y54.403 F9000
G1 E2 F2400
G1 F900
G1 X108.403 Y53.597 E.02661
G1 X111.725 Y53.597 E.10968
G1 X111.725 Y54.403 E.02661
G1 X108.463 Y54.403 E.1077
G1 E-1.4 F2700
;WIPE_START
G1 F7200
G1 X108.403 Y54.403 E-.02138
G1 X108.403 Y53.597 E-.28714
G1 X109.221 Y53.597 E-.29148
;WIPE_END
G1 X105.43 Y54.006 F9000
G1 E2 F2400
G1 F900
G1 X104.119 Y53.994 E.04329
G1 X105.37 Y54.005 E.04131
G1 X105.827 Y54.21 F9000
G1 F900
G1 X105.827 Y54.403 E.00637
G1 X103.722 Y54.403 E.0695
G1 X103.722 Y53.597 E.02661
G1 X105.827 Y53.597 E.0695
G1 X105.827 Y54.15 E.01826
G1 E-1.4 F2700
;WIPE_START
G1 F7200
G1 X105.827 Y54.21 E-.02138
G1 X105.827 Y54.403 E-.06876
G1 X104.396 Y54.403 E-.50986
;WIPE_END
G1 X108.016 Y54.21 F9000
G1 E2 F2400
;TYPE:External perimeter
;WIDTH:0.42
G1 F900
G1 X108.016 Y53.21 E.03135
G1 X112.112 Y53.21 E.12843
G1 X112.112 Y54.21 E.03135
G1 X113.795 Y54.21 E.05277
G1 X113.795 Y53.21 E.03135
G1 X115.915 Y53.21 E.06647
G1 X115.915 Y54.79 E.04954
G1 X103.335 Y54.79 E.39444
G1 X103.335 Y53.21 E.04954
G1 X106.214 Y53.21 E.09027
G1 X106.214 Y54.21 E.03135
G1 X107.956 Y54.21 E.05462
G1 X108.21 Y54.5 F9000
;TYPE:Gap fill
;WIDTH:0.235842
G1 F900
G1 X106.021 Y54.5 E.03511
G1 E-1.4 F2700
;WIPE_START
G1 F7200
G1 X107.705 Y54.5 E-.6
;WIPE_END
G1 X111.919 Y54.5 F9000
G1 E2 F2400
G1 F900
G1 X113.989 Y54.5 E.03321
EXCLUDE_OBJECT_END NAME=Trigger1_holder_stl
;LAYER_CHANGE
;Z:2.4
;HEIGHT:0.2
;BEFORE_LAYER_CHANGE
G92 E0
;2.4


G1 E-1.4 F2700
;WIPE_START
G1 F7200
G1 X112.305 Y54.5 E-.6
;WIPE_END
G1 Z2.4 F9000
;AFTER_LAYER_CHANGE
;2.4
EXCLUDE_OBJECT_START NAME=Trigger1_holder_stl
G1 X114.58 Y53.994
G1 E2 F2400
;TYPE:Perimeter
;WIDTH:0.44
G1 F900
G1 X115.131 Y54.006 E.0182
G1 X114.64 Y53.995 E.01622
G1 X114.183 Y54.403 F9000
G1 F900
G1 X114.183 Y53.597 E.02661
G1 X115.528 Y53.597 E.04441
G1 X115.528 Y54.403 E.02661
G1 X114.243 Y54.403 E.04243
G1 E-1.4 F2700
;WIPE_START
G1 F7200
G1 X114.183 Y54.403 E-.02138
G1 X114.183 Y53.597 E-.28714
G1 X115.001 Y53.597 E-.29148
;WIPE_END
G1 X111.328 Y54.006 F9000
G1 E2 F2400
G1 F900
G1 X108.69 Y53.994 E.0871
G1 X111.268 Y54.006 E.08512
G1 E-1.4 F2700
;WIPE_START
G1 F7200
G1 X111.328 Y54.006 E-.02138
G1 X109.704 Y53.999 E-.57862
;WIPE_END
G1 X108.293 Y54.403 F9000
G1 E2 F2400
G1 F900
G1 X108.293 Y53.597 E.02661
G1 X111.725 Y53.597 E.11332
G1 X111.725 Y54.403 E.02661
G1 X108.353 Y54.403 E.11133
G1 E-1.4 F2700
;WIPE_START
G1 F7200
G1 X108.293 Y54.403 E-.02138
G1 X108.293 Y53.597 E-.28714
G1 X109.111 Y53.597 E-.29148
;WIPE_END
G1 X105.325 Y54.006 F9000
G1 E2 F2400
G1 F900
G1 X104.119 Y53.994 E.03982
G1 X105.265 Y54.005 E.03784
G1 X105.722 Y54.21 F9000
G1 F900
G1 X105.722 Y54.403 E.00637
G1 X103.722 Y54.403 E.06603
G1 X103.722 Y53.597 E.02661
G1 X105.722 Y53.597 E.06603
G1 X105.722 Y54.15 E.01826
G1 E-1.4 F2700
;WIPE_START
G1 F7200
G1 X105.722 Y54.21 E-.02138
G1 X105.722 Y54.403 E-.06876
G1 X104.291 Y54.403 E-.50986
;WIPE_END
G1 X107.906 Y54.21 F9000
G1 E2 F2400
;TYPE:External perimeter
;WIDTH:0.42
G1 F900
G1 X107.906 Y53.21 E.03135
G1 X112.112 Y53.21 E.13188
G1 X112.112 Y54.21 E.03135
G1 X113.795 Y54.21 E.05277
G1 X113.795 Y53.21 E.03135
G1 X115.915 Y53.21 E.06647
G1 X115.915 Y54.79 E.04954
G1 X103.335 Y54.79 E.39444
G1 X103.335 Y53.21 E.04954
G1 X106.109 Y53.21 E.08698
G1 X106.109 Y54.21 E.03135
G1 X107.846 Y54.21 E.05446
G1 X108.099 Y54.5 F9000
;TYPE:Gap fill
;WIDTH:0.235842
G1 F900
G1 X105.915 Y54.5 E.03503
G1 E-1.4 F2700
;WIPE_START
G1 F7200
G1 X107.599 Y54.5 E-.6
;WIPE_END
G1 X111.919 Y54.5 F9000
G1 E2 F2400
G1 F900
G1 X113.989 Y54.5 E.03321
EXCLUDE_OBJECT_END NAME=Trigger1_holder_stl
;LAYER_CHANGE
;Z:2.6
;HEIGHT:0.2
;BEFORE_LAYER_CHANGE
G92 E0
;2.6


G1 E-1.4 F2700
;WIPE_START
G1 F7200
G1 X112.305 Y54.5 E-.6
;WIPE_END
G1 Z2.6 F9000
;AFTER_LAYER_CHANGE
;2.6
EXCLUDE_OBJECT_START NAME=Trigger1_holder_stl
G1 X114.58 Y53.994
G1 E2 F2400
;TYPE:Perimeter
;WIDTH:0.44
G1 F900
G1 X115.131 Y54.006 E.0182
G1 X114.64 Y53.995 E.01622
G1 X114.183 Y54.403 F9000
G1 F900
G1 X114.183 Y53.597 E.02661
G1 X115.528 Y53.597 E.04441
G1 X115.528 Y54.403 E.02661
G1 X114.243 Y54.403 E.04243
G1 E-1.4 F2700
;WIPE_START
G1 F7200
G1 X114.183 Y54.403 E-.02138
G1 X114.183 Y53.597 E-.28714
G1 X115.001 Y53.597 E-.29148
;WIPE_END
G1 X111.328 Y54.006 F9000
G1 E2 F2400
G1 F900
G1 X108.58 Y53.994 E.09073
G1 X111.268 Y54.006 E.08875
G1 X111.725 Y54.403 F9000
G1 F900
G1 X108.182 Y54.403 E.11698
G1 X108.182 Y53.597 E.02661
G1 X111.725 Y53.597 E.11698
G1 X111.725 Y54.343 E.02463
G1 E-1.4 F2700
;WIPE_START
G1 F7200
G1 X111.725 Y54.403 E-.02137
G1 X110.101 Y54.403 E-.57863
;WIPE_END
G1 X105.216 Y54.006 F9000
G1 E2 F2400
G1 F900
G1 X104.119 Y53.994 E.03622
G1 X105.162 Y54.005 E.03444
G1 X105.616 Y54.21 F9000
G1 F900
G1 X105.616 Y54.403 E.00637
G1 X103.722 Y54.403 E.06253
G1 X103.722 Y53.597 E.02661
G1 X105.616 Y53.597 E.06253
G1 X105.616 Y54.15 E.01826
G1 X106.003 Y54.21 F9000
;TYPE:External perimeter
;WIDTH:0.42
G1 F900
G1 X107.795 Y54.21 E.05619
G1 X107.795 Y53.21 E.03135
G1 X112.112 Y53.21 E.13536
G1 X112.112 Y54.21 E.03135
G1 X113.795 Y54.21 E.05277
G1 X113.795 Y53.21 E.03135
G1 X115.915 Y53.21 E.06647
G1 X115.915 Y54.79 E.04954
G1 X103.335 Y54.79 E.39444
G1 X103.335 Y53.21 E.04954
G1 X106.003 Y53.21 E.08365
G1 X106.003 Y54.15 E.02947
G1 X105.809 Y54.5 F9000
;TYPE:Gap fill
;WIDTH:0.235842
G1 F900
G1 X107.989 Y54.5 E.03497
G1 E-1.4 F2700
;WIPE_START
G1 F7200
G1 X106.305 Y54.5 E-.6
;WIPE_END
G1 X111.919 Y54.5 F9000
G1 E2 F2400
G1 F900
G1 X113.989 Y54.5 E.03321
EXCLUDE_OBJECT_END NAME=Trigger1_holder_stl
;LAYER_CHANGE
;Z:2.8
;HEIGHT:0.2
;BEFORE_LAYER_CHANGE
G92 E0
;2.8


G1 E-1.4 F2700
;WIPE_START
G1 F7200
G1 X112.305 Y54.5 E-.6
;WIPE_END
G1 Z2.8 F9000
;AFTER_LAYER_CHANGE
;2.8
EXCLUDE_OBJECT_START NAME=Trigger1_holder_stl
G1 X114.58 Y53.994
G1 E2 F2400
;TYPE:Perimeter
;WIDTH:0.44
G1 F900
G1 X115.131 Y54.006 E.0182
G1 X114.64 Y53.995 E.01622
G1 X114.183 Y54.403 F9000
G1 F900
G1 X114.183 Y53.597 E.02661
G1 X115.528 Y53.597 E.04441
G1 X115.528 Y54.403 E.02661
G1 X114.243 Y54.403 E.04243
G1 E-1.4 F2700
;WIPE_START
G1 F7200
G1 X114.183 Y54.403 E-.02138
G1 X114.183 Y53.597 E-.28714
G1 X115.001 Y53.597 E-.29148
;WIPE_END
G1 X111.328 Y54.006 F9000
G1 E2 F2400
G1 F900
G1 X108.469 Y53.994 E.0944
G1 X111.268 Y54.006 E.09242
G1 X111.725 Y54.403 F9000
G1 F900
G1 X108.072 Y54.403 E.12061
G1 X108.072 Y53.597 E.02661
G1 X111.725 Y53.597 E.12061
G1 X111.725 Y54.343 E.02463
G1 E-1.4 F2700
;WIPE_START
G1 F7200
G1 X111.725 Y54.403 E-.02137
G1 X110.101 Y54.403 E-.57863
;WIPE_END
G1 X105.11 Y54.006 F9000
G1 E2 F2400
G1 F900
G1 X104.119 Y53.994 E.03272
G1 X105.056 Y54.005 E.03094
G1 X105.51 Y54.21 F9000
G1 F900
G1 X105.51 Y54.403 E.00637
G1 X103.722 Y54.403 E.05903
G1 X103.722 Y53.597 E.02661
G1 X105.51 Y53.597 E.05903
G1 X105.51 Y54.15 E.01826
G1 X105.897 Y54.21 F9000
;TYPE:External perimeter
;WIDTH:0.42
G1 F900
G1 X107.685 Y54.21 E.05606
G1 X107.685 Y53.21 E.03135
G1 X112.112 Y53.21 E.13881
G1 X112.112 Y54.21 E.03135
G1 X113.795 Y54.21 E.05277
G1 X113.795 Y53.21 E.03135
G1 X115.915 Y53.21 E.06647
G1 X115.915 Y54.79 E.04954
G1 X103.335 Y54.79 E.39444
G1 X103.335 Y53.21 E.04954
G1 X105.897 Y53.21 E.08033
G1 X105.897 Y54.15 E.02947
G1 X105.704 Y54.5 F9000
;TYPE:Gap fill
;WIDTH:0.235842
G1 F900
G1 X107.878 Y54.5 E.03487
G1 E-1.4 F2700
;WIPE_START
G1 F7200
G1 X106.194 Y54.5 E-.6
;WIPE_END
G1 X111.919 Y54.5 F9000
G1 E2 F2400
G1 F900
G1 X113.989 Y54.5 E.03321
EXCLUDE_OBJECT_END NAME=Trigger1_holder_stl
;LAYER_CHANGE
;Z:3
;HEIGHT:0.2
;BEFORE_LAYER_CHANGE
G92 E0
;3


G1 E-1.4 F2700
;WIPE_START
G1 F7200
G1 X112.305 Y54.5 E-.6
;WIPE_END
G1 Z3 F9000
;AFTER_LAYER_CHANGE
;3
EXCLUDE_OBJECT_START NAME=Trigger1_holder_stl
G1 X114.606 Y53.995
G1 E2 F2400
;TYPE:Perimeter
;WIDTH:0.44
G1 F900
G1 X114.58 Y53.994 E.00086
G1 X115.131 Y54.006 E.0182
G1 X114.666 Y53.996 E.01536
G1 X114.183 Y54.403 F9000
G1 F900
G1 X114.183 Y53.597 E.02661
G1 X115.528 Y53.597 E.04441
G1 X115.528 Y54.403 E.02661
G1 X114.243 Y54.403 E.04243
G1 E-1.4 F2700
;WIPE_START
G1 F7200
G1 X114.183 Y54.403 E-.02138
G1 X114.183 Y53.597 E-.28714
G1 X115.001 Y53.597 E-.29148
;WIPE_END
G1 X105.008 Y54.006 F9000
G1 E2 F2400
G1 F900
G1 X104.119 Y53.994 E.02936
G1 X104.948 Y54.005 E.02737
G1 X105.405 Y54.21 F9000
G1 F900
G1 X105.405 Y54.403 E.00637
G1 X103.722 Y54.403 E.05557
G1 X103.722 Y53.597 E.02661
G1 X105.405 Y53.597 E.05557
G1 X105.405 Y54.15 E.01826
G1 X105.792 Y54.21 F9000
;TYPE:External perimeter
;WIDTH:0.42
G1 F900
G1 X113.795 Y54.21 E.25093
G1 X113.795 Y53.21 E.03135
G1 X115.915 Y53.21 E.06647
G1 X115.915 Y54.79 E.04954
G1 X103.335 Y54.79 E.39444
G1 X103.335 Y53.21 E.04954
G1 X105.792 Y53.21 E.07704
G1 X105.792 Y54.15 E.02947
G1 X105.598 Y54.5 F9000
;TYPE:Gap fill
;WIDTH:0.235846
G1 F900
G1 X113.989 Y54.5 E.13461
EXCLUDE_OBJECT_END NAME=Trigger1_holder_stl
;LAYER_CHANGE
;Z:3.2
;HEIGHT:0.2
;BEFORE_LAYER_CHANGE
G92 E0
;3.2


G1 E-1.4 F2700
;WIPE_START
G1 F7200
G1 X112.305 Y54.5 E-.6
;WIPE_END
G1 Z3.2 F9000
;AFTER_LAYER_CHANGE
;3.2
EXCLUDE_OBJECT_START NAME=Trigger1_holder_stl
G1 X114.606 Y53.995
G1 E2 F2400
;TYPE:Perimeter
;WIDTH:0.44
G1 F900
G1 X114.58 Y53.994 E.00086
G1 X115.131 Y54.006 E.0182
G1 X114.666 Y53.996 E.01536
G1 X114.183 Y54.403 F9000
G1 F900
G1 X114.183 Y53.597 E.02661
G1 X115.528 Y53.597 E.04441
G1 X115.528 Y54.403 E.02661
G1 X114.243 Y54.403 E.04243
G1 E-1.4 F2700
;WIPE_START
G1 F7200
G1 X114.183 Y54.403 E-.02138
G1 X114.183 Y53.597 E-.28714
G1 X115.001 Y53.597 E-.29148
;WIPE_END
G1 X104.923 Y54.006 F9000
G1 E2 F2400
G1 F900
G1 X104.119 Y53.994 E.02655
G1 X104.863 Y54.005 E.02457
G1 X105.321 Y54.21 F9000
G1 F900
G1 X105.321 Y54.403 E.00637
G1 X103.722 Y54.403 E.05279
G1 X103.722 Y53.597 E.02661
G1 X105.321 Y53.597 E.05279
G1 X105.321 Y54.15 E.01826
G1 X105.708 Y54.21 F9000
;TYPE:External perimeter
;WIDTH:0.42
G1 F900
G1 X113.795 Y54.21 E.25356
G1 X113.795 Y53.21 E.03135
G1 X115.915 Y53.21 E.06647
G1 X115.915 Y54.79 E.04954
G1 X103.335 Y54.79 E.39444
G1 X103.335 Y53.21 E.04954
G1 X105.708 Y53.21 E.0744
G1 X105.708 Y54.15 E.02947
G1 X105.514 Y54.5 F9000
;TYPE:Gap fill
;WIDTH:0.235842
G1 F900
G1 X113.989 Y54.5 E.13595
EXCLUDE_OBJECT_END NAME=Trigger1_holder_stl
;LAYER_CHANGE
;Z:3.4
;HEIGHT:0.2
;BEFORE_LAYER_CHANGE
G92 E0
;3.4


G1 E-1.4 F2700
;WIPE_START
G1 F7200
G1 X112.305 Y54.5 E-.6
;WIPE_END
G1 Z3.4 F9000
;AFTER_LAYER_CHANGE
;3.4
EXCLUDE_OBJECT_START NAME=Trigger1_holder_stl
G1 X114.606 Y53.995
G1 E2 F2400
;TYPE:Perimeter
;WIDTH:0.44
G1 F900
G1 X114.58 Y53.994 E.00086
G1 X115.131 Y54.006 E.0182
G1 X114.666 Y53.996 E.01536
G1 X114.183 Y54.403 F9000
G1 F900
G1 X114.183 Y53.597 E.02661
G1 X115.528 Y53.597 E.04441
G1 X115.528 Y54.403 E.02661
G1 X114.243 Y54.403 E.04243
G1 E-1.4 F2700
;WIPE_START
G1 F7200
G1 X114.183 Y54.403 E-.02138
G1 X114.183 Y53.597 E-.28714
G1 X115.001 Y53.597 E-.29148
;WIPE_END
G1 X104.923 Y54.006 F9000
G1 E2 F2400
G1 F900
G1 X104.119 Y53.994 E.02655
G1 X104.863 Y54.005 E.02457
G1 X105.321 Y54.21 F9000
G1 F900
G1 X105.321 Y54.403 E.00637
G1 X103.722 Y54.403 E.05279
G1 X103.722 Y53.597 E.02661
G1 X105.321 Y53.597 E.05279
G1 X105.321 Y54.15 E.01826
G1 X105.708 Y54.21 F9000
;TYPE:External perimeter
;WIDTH:0.42
G1 F900
G1 X113.795 Y54.21 E.25356
G1 X113.795 Y53.21 E.03135
G1 X115.915 Y53.21 E.06647
G1 X115.915 Y54.79 E.04954
G1 X103.335 Y54.79 E.39444
G1 X103.335 Y53.21 E.04954
G1 X105.708 Y53.21 E.0744
G1 X105.708 Y54.15 E.02947
G1 X105.514 Y54.5 F9000
;TYPE:Gap fill
;WIDTH:0.235842
G1 F900
G1 X113.989 Y54.5 E.13595
EXCLUDE_OBJECT_END NAME=Trigger1_holder_stl
;LAYER_CHANGE
;Z:3.6
;HEIGHT:0.2
;BEFORE_LAYER_CHANGE
G92 E0
;3.6


G1 E-1.4 F2700
;WIPE_START
G1 F7200
G1 X112.305 Y54.5 E-.6
;WIPE_END
G1 Z3.6 F9000
;AFTER_LAYER_CHANGE
;3.6
EXCLUDE_OBJECT_START NAME=Trigger1_holder_stl
G1 X114.606 Y53.995
G1 E2 F2400
;TYPE:Perimeter
;WIDTH:0.44
G1 F900
G1 X114.58 Y53.994 E.00086
G1 X115.131 Y54.006 E.0182
G1 X114.666 Y53.996 E.01536
G1 X114.183 Y54.403 F9000
G1 F900
G1 X114.183 Y53.597 E.02661
G1 X115.528 Y53.597 E.04441
G1 X115.528 Y54.403 E.02661
G1 X114.243 Y54.403 E.04243
G1 E-1.4 F2700
;WIPE_START
G1 F7200
G1 X114.183 Y54.403 E-.02138
G1 X114.183 Y53.597 E-.28714
G1 X115.001 Y53.597 E-.29148
;WIPE_END
G1 X104.923 Y54.006 F9000
G1 E2 F2400
G1 F900
G1 X104.119 Y53.994 E.02655
G1 X104.863 Y54.005 E.02457
G1 X105.321 Y54.21 F9000
G1 F900
G1 X105.321 Y54.403 E.00637
G1 X103.722 Y54.403 E.05279
G1 X103.722 Y53.597 E.02661
G1 X105.321 Y53.597 E.05279
G1 X105.321 Y54.15 E.01826
G1 X105.708 Y54.21 F9000
;TYPE:External perimeter
;WIDTH:0.42
G1 F900
G1 X113.795 Y54.21 E.25356
G1 X113.795 Y53.21 E.03135
G1 X115.915 Y53.21 E.06647
G1 X115.915 Y54.79 E.04954
G1 X103.335 Y54.79 E.39444
G1 X103.335 Y53.21 E.04954
G1 X105.708 Y53.21 E.0744
G1 X105.708 Y54.15 E.02947
G1 X105.514 Y54.5 F9000
;TYPE:Gap fill
;WIDTH:0.235842
G1 F900
G1 X113.989 Y54.5 E.13595
EXCLUDE_OBJECT_END NAME=Trigger1_holder_stl
;LAYER_CHANGE
;Z:3.8
;HEIGHT:0.2
;BEFORE_LAYER_CHANGE
G92 E0
;3.8


G1 E-1.4 F2700
;WIPE_START
G1 F7200
G1 X112.305 Y54.5 E-.6
;WIPE_END
G1 Z3.8 F9000
;AFTER_LAYER_CHANGE
;3.8
EXCLUDE_OBJECT_START NAME=Trigger1_holder_stl
G1 X114.606 Y53.995
G1 E2 F2400
;TYPE:Perimeter
;WIDTH:0.44
G1 F900
G1 X114.58 Y53.994 E.00086
G1 X115.131 Y54.006 E.0182
G1 X114.666 Y53.996 E.01536
G1 X114.183 Y54.403 F9000
G1 F900
G1 X114.183 Y53.597 E.02661
G1 X115.528 Y53.597 E.04441
G1 X115.528 Y54.403 E.02661
G1 X114.243 Y54.403 E.04243
G1 E-1.4 F2700
;WIPE_START
G1 F7200
G1 X114.183 Y54.403 E-.02138
G1 X114.183 Y53.597 E-.28714
G1 X115.001 Y53.597 E-.29148
;WIPE_END
G1 X104.923 Y54.006 F9000
G1 E2 F2400
G1 F900
G1 X104.119 Y53.994 E.02655
G1 X104.863 Y54.005 E.02457
G1 X105.321 Y54.21 F9000
G1 F900
G1 X105.321 Y54.403 E.00637
G1 X103.722 Y54.403 E.05279
G1 X103.722 Y53.597 E.02661
G1 X105.321 Y53.597 E.05279
G1 X105.321 Y54.15 E.01826
G1 X105.708 Y54.21 F9000
;TYPE:External perimeter
;WIDTH:0.42
G1 F900
G1 X113.795 Y54.21 E.25356
G1 X113.795 Y53.21 E.03135
G1 X115.915 Y53.21 E.06647
G1 X115.915 Y54.79 E.04954
G1 X103.335 Y54.79 E.39444
G1 X103.335 Y53.21 E.04954
G1 X105.708 Y53.21 E.0744
G1 X105.708 Y54.15 E.02947
G1 X105.514 Y54.5 F9000
;TYPE:Gap fill
;WIDTH:0.235842
G1 F900
G1 X113.989 Y54.5 E.13595
EXCLUDE_OBJECT_END NAME=Trigger1_holder_stl
;LAYER_CHANGE
;Z:4
;HEIGHT:0.2
;BEFORE_LAYER_CHANGE
G92 E0
;4


G1 E-1.4 F2700
;WIPE_START
G1 F7200
G1 X112.305 Y54.5 E-.6
;WIPE_END
G1 Z4 F9000
;AFTER_LAYER_CHANGE
;4
EXCLUDE_OBJECT_START NAME=Trigger1_holder_stl
G1 X114.606 Y53.995
G1 E2 F2400
;TYPE:Perimeter
;WIDTH:0.44
G1 F900
G1 X114.58 Y53.994 E.00086
G1 X115.131 Y54.006 E.0182
G1 X114.666 Y53.996 E.01536
G1 X114.183 Y54.403 F9000
G1 F900
G1 X114.183 Y53.597 E.02661
G1 X115.528 Y53.597 E.04441
G1 X115.528 Y54.403 E.02661
G1 X114.243 Y54.403 E.04243
G1 E-1.4 F2700
;WIPE_START
G1 F7200
G1 X114.183 Y54.403 E-.02138
G1 X114.183 Y53.597 E-.28714
G1 X115.001 Y53.597 E-.29148
;WIPE_END
G1 X104.923 Y54.006 F9000
G1 E2 F2400
G1 F900
G1 X104.119 Y53.994 E.02655
G1 X104.863 Y54.005 E.02457
G1 X105.321 Y54.21 F9000
G1 F900
G1 X105.321 Y54.403 E.00637
G1 X103.722 Y54.403 E.05279
G1 X103.722 Y53.597 E.02661
G1 X105.321 Y53.597 E.05279
G1 X105.321 Y54.15 E.01826
G1 X105.708 Y54.21 F9000
;TYPE:External perimeter
;WIDTH:0.42
G1 F900
G1 X113.795 Y54.21 E.25356
G1 X113.795 Y53.21 E.03135
G1 X115.915 Y53.21 E.06647
G1 X115.915 Y54.79 E.04954
G1 X103.335 Y54.79 E.39444
G1 X103.335 Y53.21 E.04954
G1 X105.708 Y53.21 E.0744
G1 X105.708 Y54.15 E.02947
G1 X105.514 Y54.5 F9000
;TYPE:Gap fill
;WIDTH:0.235842
G1 F900
G1 X113.989 Y54.5 E.13595
EXCLUDE_OBJECT_END NAME=Trigger1_holder_stl
;LAYER_CHANGE
;Z:4.2
;HEIGHT:0.2
;BEFORE_LAYER_CHANGE
G92 E0
;4.2


G1 E-1.4 F2700
;WIPE_START
G1 F7200
G1 X112.305 Y54.5 E-.6
;WIPE_END
G1 Z4.2 F9000
;AFTER_LAYER_CHANGE
;4.2
EXCLUDE_OBJECT_START NAME=Trigger1_holder_stl
G1 X114.606 Y53.995
G1 E2 F2400
;TYPE:Perimeter
;WIDTH:0.44
G1 F900
G1 X114.58 Y53.994 E.00086
G1 X115.12 Y54.006 E.01783
G1 X114.666 Y53.996 E.01499
G1 X114.183 Y54.403 F9000
G1 F900
G1 X114.183 Y53.597 E.02661
G1 X115.517 Y53.597 E.04405
G1 X115.517 Y54.403 E.02661
G1 X114.243 Y54.403 E.04206
G1 E-1.4 F2700
;WIPE_START
G1 F7200
G1 X114.183 Y54.403 E-.02138
G1 X114.183 Y53.597 E-.28714
G1 X115.001 Y53.597 E-.29148
;WIPE_END
G1 X104.923 Y54.006 F9000
G1 E2 F2400
G1 F900
G1 X104.13 Y53.994 E.02619
G1 X104.863 Y54.005 E.0242
G1 X105.321 Y54.21 F9000
G1 F900
G1 X105.321 Y54.403 E.00637
G1 X103.733 Y54.403 E.05243
G1 X103.733 Y53.597 E.02661
G1 X105.321 Y53.597 E.05243
G1 X105.321 Y54.15 E.01826
G1 X105.708 Y54.21 F9000
;TYPE:External perimeter
;WIDTH:0.42
G1 F900
G1 X113.795 Y54.21 E.25356
G1 X113.795 Y53.21 E.03135
G1 X115.904 Y53.21 E.06613
G1 X115.904 Y54.79 E.04954
G1 X103.346 Y54.79 E.39375
G1 X103.346 Y53.21 E.04954
G1 X105.708 Y53.21 E.07406
G1 X105.708 Y54.15 E.02947
G1 X105.514 Y54.5 F9000
;TYPE:Gap fill
;WIDTH:0.235842
G1 F900
G1 X113.989 Y54.5 E.13595
EXCLUDE_OBJECT_END NAME=Trigger1_holder_stl
;LAYER_CHANGE
;Z:4.4
;HEIGHT:0.2
;BEFORE_LAYER_CHANGE
G92 E0
;4.4


G1 E-1.4 F2700
;WIPE_START
G1 F7200
G1 X112.305 Y54.5 E-.6
;WIPE_END
G1 Z4.4 F9000
;AFTER_LAYER_CHANGE
;4.4
EXCLUDE_OBJECT_START NAME=Trigger1_holder_stl
G1 X114.58 Y53.994
G1 E2 F2400
;TYPE:Perimeter
;WIDTH:0.44
G1 F900
G1 X115.097 Y54.006 E.01707
G1 X114.64 Y53.996 E.01509
G1 X114.183 Y54.403 F9000
G1 F900
G1 X114.183 Y53.597 E.02661
G1 X115.494 Y53.597 E.04329
G1 X115.494 Y54.403 E.02661
G1 X114.243 Y54.403 E.0413
G1 E-1.4 F2700
;WIPE_START
G1 F7200
G1 X114.183 Y54.403 E-.02138
G1 X114.183 Y53.597 E-.28714
G1 X115.001 Y53.597 E-.29148
;WIPE_END
G1 X111.328 Y54.006 F9000
G1 E2 F2400
G1 F900
G1 X104.153 Y53.994 E.2369
G1 X111.268 Y54.006 E.23492
G1 X111.725 Y54.403 F9000
G1 F900
G1 X103.756 Y54.403 E.26311
G1 X103.756 Y53.597 E.02661
G1 X106.118 Y53.597 E.07799
M204 S250
;TYPE:Overhang perimeter
;WIDTH:0.389872
;HEIGHT:0.389872
G1 F1800
G1 X111.725 Y53.597 E.27829
G1 X111.725 Y53.8 E.01008
M204 S500
;TYPE:Perimeter
;WIDTH:0.44
;HEIGHT:0.2
G1 F900
G1 X111.725 Y54.343 E.01793
G1 X112.112 Y54.21 F9000
;TYPE:External perimeter
;WIDTH:0.42
G1 F900
G1 X113.795 Y54.21 E.05277
G1 X113.795 Y53.21 E.03135
G1 X115.881 Y53.21 E.06541
G1 X115.881 Y54.79 E.04954
G1 X103.369 Y54.79 E.3923
G1 X103.369 Y53.21 E.04954
G1 X106.118 Y53.21 E.08619
M204 S250
;TYPE:Overhang perimeter
;WIDTH:0.389872
;HEIGHT:0.389872
G1 F1800
G1 X112.112 Y53.21 E.2975
G1 X112.112 Y53.8 E.02928
M204 S500
;TYPE:External perimeter
;WIDTH:0.42
;HEIGHT:0.2
G1 F900
G1 X112.112 Y54.15 E.01097
G1 X111.919 Y54.5 F9000
;TYPE:Gap fill
;WIDTH:0.235842
G1 F900
G1 X113.989 Y54.5 E.03321
EXCLUDE_OBJECT_END NAME=Trigger1_holder_stl
;LAYER_CHANGE
;Z:4.6
;HEIGHT:0.2
;BEFORE_LAYER_CHANGE
G92 E0
;4.6


G1 E-1.4 F2700
;WIPE_START
G1 F7200
G1 X112.305 Y54.5 E-.6
;WIPE_END
G1 Z4.6 F9000
;AFTER_LAYER_CHANGE
;4.6
EXCLUDE_OBJECT_START NAME=Trigger1_holder_stl
G1 X114.58 Y53.994
G1 E2 F2400
;TYPE:Perimeter
;WIDTH:0.44
G1 F900
G1 X115.075 Y54.006 E.01635
G1 X114.64 Y53.996 E.01437
G1 X114.183 Y54.403 F9000
G1 F900
G1 X114.183 Y53.597 E.02661
G1 X115.472 Y53.597 E.04256
G1 X115.472 Y54.403 E.02661
G1 X114.243 Y54.403 E.04058
G1 E-1.4 F2700
;WIPE_START
G1 F7200
G1 X114.183 Y54.403 E-.02138
G1 X114.183 Y53.597 E-.28714
G1 X115.001 Y53.597 E-.29148
;WIPE_END
G1 X111.302 Y53.994 F9000
G1 E2 F2400
G1 F900
G1 X104.175 Y54.006 E.23531
G1 X111.294 Y53.994 E.23505
G1 X111.725 Y54.403 F9000
G1 F900
G1 X103.778 Y54.403 E.26239
G1 X103.778 Y53.597 E.02661
G1 X111.725 Y53.597 E.26239
G1 X111.725 Y54.343 E.02463
G1 X112.112 Y54.21 F9000
;TYPE:External perimeter
;WIDTH:0.42
G1 F900
G1 X113.795 Y54.21 E.05277
G1 X113.795 Y53.21 E.03135
G1 X115.859 Y53.21 E.06472
G1 X115.859 Y54.79 E.04954
G1 X103.391 Y54.79 E.39093
G1 X103.391 Y53.21 E.04954
G1 X112.112 Y53.21 E.27344
G1 X112.112 Y54.15 E.02947
G1 X111.919 Y54.5 F9000
;TYPE:Gap fill
;WIDTH:0.235842
G1 F900
G1 X113.989 Y54.5 E.03321
EXCLUDE_OBJECT_END NAME=Trigger1_holder_stl
;LAYER_CHANGE
;Z:4.8
;HEIGHT:0.2
;BEFORE_LAYER_CHANGE
G92 E0
;4.8


G1 E-1.4 F2700
;WIPE_START
G1 F7200
G1 X112.305 Y54.5 E-.6
;WIPE_END
G1 Z4.8 F9000
;AFTER_LAYER_CHANGE
;4.8
EXCLUDE_OBJECT_START NAME=Trigger1_holder_stl
G1 X114.58 Y53.994
G1 E2 F2400
;TYPE:Perimeter
;WIDTH:0.44
G1 F900
G1 X115.044 Y54.006 E.01533
G1 X114.64 Y53.996 E.01334
G1 X114.183 Y54.21 F9000
G1 F900
G1 X114.183 Y53.597 E.02024
G1 X115.441 Y53.597 E.04154
G1 X115.441 Y54.403 E.02661
G1 X114.183 Y54.403 E.04154
G1 X114.183 Y54.27 E.00439
G1 E-1.4 F2700
;WIPE_START
G1 F7200
G1 X114.183 Y54.21 E-.02138
G1 X114.183 Y53.597 E-.21838
G1 X115.194 Y53.597 E-.36024
;WIPE_END
G1 X111.302 Y54.006 F9000
G1 E2 F2400
G1 F900
G1 X104.206 Y53.994 E.23429
G1 X111.294 Y54.006 E.23403
G1 X111.725 Y54.21 F9000
G1 F900
G1 X111.725 Y54.403 E.00637
G1 X103.809 Y54.403 E.26136
G1 X103.809 Y53.597 E.02661
G1 X111.725 Y53.597 E.26136
G1 X111.725 Y54.15 E.01826
G1 X112.112 Y54.21 F9000
;TYPE:External perimeter
;WIDTH:0.42
G1 F900
G1 X113.795 Y54.21 E.05277
G1 X113.795 Y53.21 E.03135
G1 X115.828 Y53.21 E.06374
G1 X115.828 Y54.79 E.04954
G1 X103.422 Y54.79 E.38898
G1 X103.422 Y53.21 E.04954
G1 X112.112 Y53.21 E.27247
G1 X112.112 Y54.15 E.02947
G1 X111.919 Y54.5 F9000
;TYPE:Gap fill
;WIDTH:0.235842
G1 F900
G1 X113.989 Y54.5 E.03321
EXCLUDE_OBJECT_END NAME=Trigger1_holder_stl
;LAYER_CHANGE
;Z:5
;HEIGHT:0.2
;BEFORE_LAYER_CHANGE
G92 E0
;5


G1 E-1.4 F2700
;WIPE_START
G1 F7200
G1 X112.305 Y54.5 E-.6
;WIPE_END
G1 Z5 F9000
;AFTER_LAYER_CHANGE
;5
EXCLUDE_OBJECT_START NAME=Trigger1_holder_stl
G1 X114.58 Y53.994
G1 E2 F2400
;TYPE:Perimeter
;WIDTH:0.44
G1 F900
G1 X114.974 Y54.006 E.01301
G1 X114.64 Y53.996 E.01103
G1 X114.183 Y54.21 F9000
G1 F900
G1 X114.183 Y53.597 E.02024
G1 X115.371 Y53.597 E.03922
G1 X115.371 Y54.403 E.02661
G1 X114.183 Y54.403 E.03922
G1 X114.183 Y54.27 E.00439
G1 E-1.4 F2700
;WIPE_START
G1 F7200
G1 X114.183 Y54.21 E-.02138
G1 X114.183 Y53.597 E-.21838
G1 X115.195 Y53.597 E-.36024
;WIPE_END
G1 X111.302 Y54.006 F9000
G1 E2 F2400
G1 F900
G1 X111.328 Y54.006 E.00086
G1 X104.276 Y53.994 E.23284
G1 X111.242 Y54.006 E.23
G1 X111.725 Y54.21 F9000
G1 F900
G1 X111.725 Y54.403 E.00637
G1 X103.879 Y54.403 E.25905
G1 X103.879 Y53.597 E.02661
G1 X111.725 Y53.597 E.25905
G1 X111.725 Y54.15 E.01826
G1 X112.112 Y54.21 F9000
;TYPE:External perimeter
;WIDTH:0.42
G1 F900
G1 X113.795 Y54.21 E.05277
G1 X113.795 Y53.21 E.03135
G1 X115.758 Y53.21 E.06155
G1 X115.758 Y54.79 E.04954
G1 X103.492 Y54.79 E.38459
G1 X103.492 Y53.21 E.04954
G1 X112.112 Y53.21 E.27027
G1 X112.112 Y54.15 E.02947
G1 X111.919 Y54.5 F9000
;TYPE:Gap fill
;WIDTH:0.235842
G1 F900
G1 X113.989 Y54.5 E.03321
EXCLUDE_OBJECT_END NAME=Trigger1_holder_stl
;LAYER_CHANGE
;Z:5.2
;HEIGHT:0.2
;BEFORE_LAYER_CHANGE
G92 E0
;5.2


G1 E-1.4 F2700
;WIPE_START
G1 F7200
G1 X112.305 Y54.5 E-.6
;WIPE_END
G1 Z5.2 F9000
;AFTER_LAYER_CHANGE
;5.2
EXCLUDE_OBJECT_START NAME=Trigger1_holder_stl
G1 X114.58 Y53.994
G1 E2 F2400
;TYPE:Perimeter
;WIDTH:0.44
G1 F900
G1 X114.904 Y54.006 E.0107
G1 X114.64 Y53.996 E.00872
G1 X114.183 Y54.21 F9000
G1 F900
G1 X114.183 Y53.597 E.02024
G1 X115.301 Y53.597 E.03691
G1 X115.301 Y54.403 E.02661
G1 X114.183 Y54.403 E.03691
G1 X114.183 Y54.27 E.00439
G1 E-1.4 F2700
;WIPE_START
G1 F7200
G1 X114.183 Y54.21 E-.02138
G1 X114.183 Y53.597 E-.21838
G1 X115.195 Y53.597 E-.36024
;WIPE_END
G1 X111.302 Y54.006 F9000
G1 E2 F2400
G1 F900
G1 X104.346 Y53.994 E.22967
G1 X111.294 Y54.006 E.2294
G1 X111.725 Y54.21 F9000
G1 F900
G1 X111.725 Y54.403 E.00637
G1 X103.949 Y54.403 E.25674
G1 X103.949 Y53.597 E.02661
G1 X111.725 Y53.597 E.25674
G1 X111.725 Y54.15 E.01826
G1 X112.112 Y54.21 F9000
;TYPE:External perimeter
;WIDTH:0.42
G1 F900
G1 X113.795 Y54.21 E.05277
G1 X113.795 Y53.21 E.03135
G1 X115.688 Y53.21 E.05935
G1 X115.688 Y54.79 E.04954
G1 X103.562 Y54.79 E.3802
G1 X103.562 Y53.21 E.04954
G1 X112.112 Y53.21 E.26808
G1 X112.112 Y54.15 E.02947
G1 X111.919 Y54.5 F9000
;TYPE:Gap fill
;WIDTH:0.235842
G1 F900
G1 X113.989 Y54.5 E.03321
EXCLUDE_OBJECT_END NAME=Trigger1_holder_stl
;LAYER_CHANGE
;Z:5.4
;HEIGHT:0.2
;BEFORE_LAYER_CHANGE
G92 E0
;5.4


G1 E-1.4 F2700
;WIPE_START
G1 F7200
G1 X112.305 Y54.5 E-.6
;WIPE_END
G1 Z5.4 F9000
;AFTER_LAYER_CHANGE
;5.4
EXCLUDE_OBJECT_START NAME=Trigger1_holder_stl
G1 X114.58 Y53.994
G1 E2 F2400
;TYPE:Perimeter
;WIDTH:0.44
G1 F900
G1 X114.834 Y54.006 E.0084
G1 X114.64 Y53.997 E.00641
G1 X114.183 Y54.21 F9000
G1 F900
G1 X114.183 Y53.597 E.02024
G1 X115.231 Y53.597 E.0346
G1 X115.231 Y54.403 E.02661
G1 X114.183 Y54.403 E.0346
G1 X114.183 Y54.27 E.00439
G1 E-1.4 F2700
;WIPE_START
G1 F7200
G1 X114.183 Y54.21 E-.02138
G1 X114.183 Y53.597 E-.21838
G1 X115.195 Y53.597 E-.36024
;WIPE_END
G1 X111.302 Y54.006 F9000
G1 E2 F2400
G1 F900
G1 X104.416 Y53.994 E.22736
G1 X111.294 Y54.006 E.22709
G1 X111.725 Y54.21 F9000
G1 F900
G1 X111.725 Y54.403 E.00637
G1 X104.019 Y54.403 E.25443
G1 X104.019 Y53.597 E.02661
G1 X111.725 Y53.597 E.25443
G1 X111.725 Y54.15 E.01826
G1 X112.112 Y54.21 F9000
;TYPE:External perimeter
;WIDTH:0.42
G1 F900
G1 X113.795 Y54.21 E.05277
G1 X113.795 Y53.21 E.03135
G1 X115.618 Y53.21 E.05716
G1 X115.618 Y54.79 E.04954
G1 X103.632 Y54.79 E.37581
G1 X103.632 Y53.21 E.04954
G1 X112.112 Y53.21 E.26588
G1 X112.112 Y54.15 E.02947
G1 X111.919 Y54.5 F9000
;TYPE:Gap fill
;WIDTH:0.235842
G1 F900
G1 X113.989 Y54.5 E.03321
EXCLUDE_OBJECT_END NAME=Trigger1_holder_stl
;LAYER_CHANGE
;Z:5.6
;HEIGHT:0.2
;BEFORE_LAYER_CHANGE
G92 E0
;5.6


G1 E-1.4 F2700
;WIPE_START
G1 F7200
G1 X112.305 Y54.5 E-.6
;WIPE_END
G1 Z5.6 F9000
;AFTER_LAYER_CHANGE
;5.6
EXCLUDE_OBJECT_START NAME=Trigger1_holder_stl
G1 X114.58 Y53.994
G1 E2 F2400
;TYPE:Perimeter
;WIDTH:0.44
G1 F900
G1 X114.709 Y54.006 E.00428
G1 X114.639 Y54 E.00232
G1 X114.183 Y54.21 F9000
G1 F900
G1 X114.183 Y53.597 E.02024
G1 X115.106 Y53.597 E.03047
G1 X115.106 Y54.403 E.02661
G1 X114.183 Y54.403 E.03047
G1 X114.183 Y54.27 E.00439
G1 E-1.4 F2700
;WIPE_START
G1 F7200
G1 X114.183 Y54.21 E-.02138
G1 X114.183 Y53.597 E-.21838
G1 X115.106 Y53.597 E-.32882
G1 X115.106 Y53.685 E-.03142
;WIPE_END
G1 X111.302 Y54.006 F9000
G1 E2 F2400
G1 F900
G1 X111.328 Y54.006 E.00086
G1 X104.541 Y53.994 E.22409
G1 X111.242 Y54.006 E.22125
G1 X111.725 Y54.21 F9000
G1 F900
G1 X111.725 Y54.403 E.00637
G1 X104.144 Y54.403 E.2503
G1 X104.144 Y53.597 E.02661
G1 X111.725 Y53.597 E.2503
G1 X111.725 Y54.15 E.01826
G1 X112.112 Y54.21 F9000
;TYPE:External perimeter
;WIDTH:0.42
G1 F900
G1 X113.795 Y54.21 E.05277
G1 X113.795 Y53.21 E.03135
G1 X115.493 Y53.21 E.05324
G1 X115.493 Y54.79 E.04954
G1 X103.757 Y54.79 E.36797
G1 X103.757 Y53.21 E.04954
G1 X112.112 Y53.21 E.26197
G1 X112.112 Y54.15 E.02947
G1 X111.919 Y54.5 F9000
;TYPE:Gap fill
;WIDTH:0.235842
G1 F900
G1 X113.989 Y54.5 E.03321
EXCLUDE_OBJECT_END NAME=Trigger1_holder_stl
;LAYER_CHANGE
;Z:5.8
;HEIGHT:0.2
;BEFORE_LAYER_CHANGE
G92 E0
;5.8


G1 E-1.4 F2700
;WIPE_START
G1 F7200
G1 X112.305 Y54.5 E-.6
;WIPE_END
G1 Z5.8 F9000
;AFTER_LAYER_CHANGE
;5.8
EXCLUDE_OBJECT_START NAME=Trigger1_holder_stl
G1 X114.183 Y54.21
G1 E2 F2400
;TYPE:Perimeter
;WIDTH:0.44
G1 F900
G1 X114.183 Y53.597 E.02024
G1 X114.981 Y53.597 E.02635
G1 X114.981 Y54.403 E.02661
G1 X114.183 Y54.403 E.02635
G1 X114.183 Y54.27 E.00439
G1 E-1.4 F2700
;WIPE_START
G1 F7200
G1 X114.183 Y54.21 E-.02138
G1 X114.183 Y53.597 E-.21838
G1 X114.981 Y53.597 E-.28429
G1 X114.981 Y53.81 E-.07595
;WIPE_END
G1 X111.302 Y54.006 F9000
G1 E2 F2400
G1 F900
G1 X111.328 Y54.006 E.00086
G1 X104.667 Y53.994 E.21993
G1 X111.242 Y54.006 E.21709
G1 X111.725 Y54.21 F9000
G1 F900
G1 X111.725 Y54.403 E.00637
G1 X104.269 Y54.403 E.24618
G1 X104.269 Y53.597 E.02661
G1 X111.725 Y53.597 E.24618
G1 X111.725 Y54.15 E.01826
G1 X112.112 Y54.21 F9000
;TYPE:External perimeter
;WIDTH:0.42
G1 F900
G1 X113.795 Y54.21 E.05277
G1 X113.795 Y53.21 E.03135
G1 X115.368 Y53.21 E.04932
G1 X115.368 Y54.79 E.04954
G1 X103.882 Y54.79 E.36014
G1 X103.882 Y53.21 E.04954
G1 X112.112 Y53.21 E.25805
G1 X112.112 Y54.15 E.02947
G1 X111.919 Y54.5 F9000
;TYPE:Gap fill
;WIDTH:0.235842
G1 F900
G1 X113.989 Y54.5 E.03321
EXCLUDE_OBJECT_END NAME=Trigger1_holder_stl
;LAYER_CHANGE
;Z:6
;HEIGHT:0.2
;BEFORE_LAYER_CHANGE
G92 E0
;6


G1 E-1.4 F2700
;WIPE_START
G1 F7200
G1 X112.305 Y54.5 E-.6
;WIPE_END
G1 Z6 F9000
;AFTER_LAYER_CHANGE
;6
EXCLUDE_OBJECT_START NAME=Trigger1_holder_stl
G1 X114.183 Y54.21
G1 E2 F2400
;TYPE:Perimeter
;WIDTH:0.44
G1 F900
G1 X114.183 Y53.597 E.02024
G1 X114.844 Y53.597 E.02182
G1 X114.844 Y54.403 E.02661
G1 X114.183 Y54.403 E.02182
G1 X114.183 Y54.27 E.00439
G1 E-1.4 F2700
;WIPE_START
G1 F7200
G1 X114.183 Y54.21 E-.02138
G1 X114.183 Y53.597 E-.21838
G1 X114.844 Y53.597 E-.23548
G1 X114.844 Y53.947 E-.12476
;WIPE_END
G1 X111.302 Y54.006 F9000
G1 E2 F2400
G1 F900
G1 X104.803 Y53.994 E.21458
G1 X111.294 Y54.006 E.21432
G1 X111.725 Y54.21 F9000
G1 F900
G1 X111.725 Y54.403 E.00637
G1 X104.406 Y54.403 E.24165
G1 X104.406 Y53.597 E.02661
G1 X111.725 Y53.597 E.24165
G1 X111.725 Y54.15 E.01826
G1 X112.112 Y54.21 F9000
;TYPE:External perimeter
;WIDTH:0.42
G1 F900
G1 X113.795 Y54.21 E.05277
G1 X113.795 Y53.21 E.03135
G1 X115.231 Y53.21 E.04502
G1 X115.231 Y54.79 E.04954
G1 X104.019 Y54.79 E.35154
G1 X104.019 Y53.21 E.04954
G1 X112.112 Y53.21 E.25375
G1 X112.112 Y54.15 E.02947
G1 X111.919 Y54.5 F9000
;TYPE:Gap fill
;WIDTH:0.235844
G1 F900
G1 X113.989 Y54.5 E.03321
EXCLUDE_OBJECT_END NAME=Trigger1_holder_stl
;LAYER_CHANGE
;Z:6.2
;HEIGHT:0.2
;BEFORE_LAYER_CHANGE
G92 E0
;6.2


G1 E-1.4 F2700
;WIPE_START
G1 F7200
G1 X112.305 Y54.5 E-.6
;WIPE_END
G1 Z6.2 F9000
;AFTER_LAYER_CHANGE
;6.2
EXCLUDE_OBJECT_START NAME=Trigger1_holder_stl
G1 X114.247 Y54.006
G1 E2 F2400
;TYPE:Perimeter
;WIDTH:0.44
G1 F900
G1 X105.003 Y53.994 E.30521
G1 X114.187 Y54.006 E.30323
G1 X114.644 Y54.403 F9000
G1 F900
G1 X104.606 Y54.403 E.33143
G1 X104.606 Y53.597 E.02661
G1 X112.522 Y53.597 E.26136
M204 S250
;TYPE:Overhang perimeter
;WIDTH:0.389872
;HEIGHT:0.389872
G1 F1800
G1 X113.385 Y53.597 E.04283
M204 S500
;TYPE:Perimeter
;WIDTH:0.44
;HEIGHT:0.2
G1 F900
G1 X114.644 Y53.597 E.04157
G1 X114.644 Y54.343 E.02463
G1 X115.031 Y54.79 F9000
;TYPE:External perimeter
;WIDTH:0.42
G1 F900
G1 X104.219 Y54.79 E.339
G1 X104.219 Y53.21 E.04954
G1 X112.522 Y53.21 E.26033
M204 S250
;TYPE:Overhang perimeter
;WIDTH:0.389872
;HEIGHT:0.389872
G1 F1800
G1 X113.385 Y53.21 E.04283
M204 S500
;TYPE:External perimeter
;WIDTH:0.42
;HEIGHT:0.2
G1 F900
G1 X115.031 Y53.21 E.05161
G1 X115.031 Y54.73 E.04766
EXCLUDE_OBJECT_END NAME=Trigger1_holder_stl
;LAYER_CHANGE
;Z:6.4
;HEIGHT:0.2
;BEFORE_LAYER_CHANGE
G92 E0
;6.4


G1 E-1.4 F2700
;WIPE_START
G1 F7200
G1 X115.031 Y54.79 E-.02137
G1 X113.407 Y54.79 E-.57863
;WIPE_END
G1 Z6.4 F9000
;AFTER_LAYER_CHANGE
;6.4
EXCLUDE_OBJECT_START NAME=Trigger1_holder_stl
G1 X114.047 Y54.006
G1 E2 F2400
;TYPE:Perimeter
;WIDTH:0.44
G1 F900
G1 X105.203 Y53.994 E.29201
G1 X113.987 Y54.006 E.29002
G1 X114.444 Y54.403 F9000
G1 F900
G1 X104.806 Y54.403 E.31822
G1 X104.806 Y53.597 E.02661
G1 X114.444 Y53.597 E.31822
G1 X114.444 Y54.343 E.02463
G1 X114.831 Y54.79 F9000
;TYPE:External perimeter
;WIDTH:0.42
G1 F900
G1 X104.419 Y54.79 E.32646
G1 X104.419 Y53.21 E.04954
G1 X114.831 Y53.21 E.32646
G1 X114.831 Y54.73 E.04766
EXCLUDE_OBJECT_END NAME=Trigger1_holder_stl
;LAYER_CHANGE
;Z:6.6
;HEIGHT:0.2
;BEFORE_LAYER_CHANGE
G92 E0
;6.6


G1 E-1.4 F2700
;WIPE_START
G1 F7200
G1 X114.831 Y54.79 E-.02137
G1 X113.207 Y54.79 E-.57863
;WIPE_END
G1 Z6.6 F9000
;AFTER_LAYER_CHANGE
;6.6
EXCLUDE_OBJECT_START NAME=Trigger1_holder_stl
G1 X113.755 Y54.006
G1 E2 F2400
;TYPE:Perimeter
;WIDTH:0.44
G1 F900
G1 X105.495 Y53.994 E.27272
G1 X113.695 Y54.006 E.27074
G1 X114.152 Y54.403 F9000
G1 F900
G1 X105.098 Y54.403 E.29894
G1 X105.098 Y53.597 E.02661
G1 X114.152 Y53.597 E.29894
G1 X114.152 Y54.343 E.02463
G1 X114.54 Y54.79 F9000
;TYPE:External perimeter
;WIDTH:0.42
G1 F900
G1 X104.71 Y54.79 E.30821
G1 X104.71 Y53.21 E.04954
G1 X114.54 Y53.21 E.30821
G1 X114.54 Y54.73 E.04766
EXCLUDE_OBJECT_END NAME=Trigger1_holder_stl
;LAYER_CHANGE
;Z:6.8
;HEIGHT:0.2
;BEFORE_LAYER_CHANGE
G92 E0
;6.8


G1 E-1.4 F2700
;WIPE_START
G1 F7200
G1 X114.54 Y54.79 E-.02137
G1 X112.916 Y54.79 E-.57863
;WIPE_END
G1 Z6.8 F9000
;AFTER_LAYER_CHANGE
;6.8
EXCLUDE_OBJECT_START NAME=Trigger1_holder_stl
G1 X113.437 Y54.006
G1 E2 F2400
;TYPE:Perimeter
;WIDTH:0.44
G1 F900
G1 X105.813 Y53.994 E.25172
G1 X113.377 Y54.006 E.24974
G1 X113.834 Y54.403 F9000
G1 F900
G1 X105.416 Y54.403 E.27794
G1 X105.416 Y53.597 E.02661
G1 X113.834 Y53.597 E.27794
G1 X113.834 Y54.343 E.02463
G1 X114.221 Y54.79 F9000
;TYPE:External perimeter
;WIDTH:0.42
G1 F900
G1 X105.029 Y54.79 E.28821
G1 X105.029 Y53.21 E.04954
G1 X114.221 Y53.21 E.28821
G1 X114.221 Y54.73 E.04766
EXCLUDE_OBJECT_END NAME=Trigger1_holder_stl
;LAYER_CHANGE
;Z:7
;HEIGHT:0.2
;BEFORE_LAYER_CHANGE
G92 E0
;7


G1 E-1.4 F2700
;WIPE_START
G1 F7200
G1 X114.221 Y54.79 E-.02137
G1 X112.597 Y54.79 E-.57863
;WIPE_END
G1 Z7 F9000
;AFTER_LAYER_CHANGE
;7
EXCLUDE_OBJECT_START NAME=Trigger1_holder_stl
G1 X112.869 Y54.006
G1 E2 F2400
;TYPE:Perimeter
;WIDTH:0.44
G1 F900
G1 X106.381 Y53.994 E.21422
G1 X112.809 Y54.006 E.21224
G1 X113.266 Y54.403 F9000
G1 F900
G1 X105.984 Y54.403 E.24043
G1 X105.984 Y53.597 E.02661
G1 X113.266 Y53.597 E.24043
G1 X113.266 Y54.343 E.02463
G1 X113.653 Y54.79 F9000
;TYPE:External perimeter
;WIDTH:0.42
G1 F900
G1 X105.597 Y54.79 E.25259
G1 X105.597 Y53.21 E.04954
G1 X113.653 Y53.21 E.25259
G1 X113.653 Y54.73 E.04766
EXCLUDE_OBJECT_END NAME=Trigger1_holder_stl
G1 E-1.4 F2700
;WIPE_START
G1 F7200;_WIPE
G1 X113.653 Y54.79 E-.02137
G1 X112.029 Y54.79 E-.57863
;WIPE_END
M107
;TYPE:Custom
; Filament-specific end gcode 
;END gcode for filament
END_PRINT
; filament used [mm] = 1047.89
; filament used [cm3] = 2.52
; filament used [g] = 3.13
; filament cost = 0.06
; total filament used [g] = 3.13
; total filament cost = 0.06
; estimated printing time (normal mode) = 20m 46s
; estimated first layer printing time (normal mode) = 2m 58s

; prusaslicer_config = begin
; arc_fitting = disabled
; autoemit_temperature_commands = 1
; avoid_crossing_curled_overhangs = 0
; avoid_crossing_perimeters = 0
; avoid_crossing_perimeters_max_detour = 0
; bed_custom_model = 
; bed_custom_texture = 
; bed_shape = 3x3,228x3,228x228,3x228
; bed_temperature = 60
; before_layer_gcode = ;BEFORE_LAYER_CHANGE\nG92 E0\n;{layer_z}\n\n
; between_objects_gcode = 
; bottom_fill_pattern = monotonic
; bottom_solid_layers = 4
; bottom_solid_min_thickness = 0
; bridge_acceleration = 250
; bridge_angle = 0
; bridge_fan_speed = 50
; bridge_flow_ratio = 0.95
; bridge_speed = 25
; brim_separation = 0
; brim_type = outer_only
; brim_width = 0
; color_change_gcode = M600
; compatible_printers_condition_cummulative = "printer_model=~/(ENDER|CR|SERMOON).*/ and nozzle_diameter[0]==0.4";printer_notes=~/.*PRINTER_VENDOR_CREALITY.*/
; complete_objects = 0
; cooling = 1
; cooling_tube_length = 5
; cooling_tube_retraction = 91.5
; default_acceleration = 500
; default_filament_profile = "Generic PLA @CREALITY"
; default_print_profile = "0.16 mm OPTIMAL (0.4 mm nozzle) @CREALITY"
; deretract_speed = 40
; disable_fan_first_layers = 1
; dont_support_bridges = 1
; draft_shield = disabled
; duplicate_distance = 6
; elefant_foot_compensation = 0.1
; enable_dynamic_fan_speeds = 0
; enable_dynamic_overhang_speeds = 0
; end_filament_gcode = "; Filament-specific end gcode \n;END gcode for filament\n"
; end_gcode = END_PRINT
; external_perimeter_acceleration = 0
; external_perimeter_extrusion_width = 0.42
; external_perimeter_speed = 30
; external_perimeters_first = 0
; extra_loading_move = -2
; extra_perimeters = 0
; extra_perimeters_on_overhangs = 0
; extruder_clearance_height = 25
; extruder_clearance_radius = 55
; extruder_colour = #FCE94F
; extruder_offset = 0x0
; extrusion_axis = E
; extrusion_multiplier = 1
; extrusion_width = 0.44
; fan_always_on = 1
; fan_below_layer_time = 100
; filament_colour = #FFFFFF
; filament_cooling_final_speed = 3.4
; filament_cooling_initial_speed = 2.2
; filament_cooling_moves = 4
; filament_cost = 20
; filament_density = 1.24
; filament_diameter = 1.75
; filament_load_time = 0
; filament_loading_speed = 28
; filament_loading_speed_start = 3
; filament_max_volumetric_speed = 15
; filament_minimal_purge_on_wipe_tower = 15
; filament_multitool_ramming = 0
; filament_multitool_ramming_flow = 10
; filament_multitool_ramming_volume = 10
; filament_notes = ""
; filament_ramming_parameters = "120 100 6.6 6.8 7.2 7.6 7.9 8.2 8.7 9.4 9.9 10.0| 0.05 6.6 0.45 6.8 0.95 7.8 1.45 8.3 1.95 9.7 2.45 10 2.95 7.6 3.45 7.6 3.95 7.6 4.45 7.6 4.95 7.6"
; filament_settings_id = "Generic PLA @CREALITY - Copy"
; filament_soluble = 0
; filament_spool_weight = 0
; filament_toolchange_delay = 0
; filament_type = PLA
; filament_unload_time = 0
; filament_unloading_speed = 90
; filament_unloading_speed_start = 100
; filament_vendor = Generic
; fill_angle = 45
; fill_density = 100%
; fill_pattern = rectilinear
; first_layer_acceleration = 0
; first_layer_acceleration_over_raft = 0
; first_layer_bed_temperature = 60
; first_layer_extrusion_width = 0.42
; first_layer_height = 0.2
; first_layer_speed = 20
; first_layer_speed_over_raft = 30
; first_layer_temperature = 200
; full_fan_speed_layer = 0
; fuzzy_skin = none
; fuzzy_skin_point_dist = 0.8
; fuzzy_skin_thickness = 0.3
; gap_fill_enabled = 1
; gap_fill_speed = 30
; gcode_binary = 0
; gcode_comments = 0
; gcode_flavor = klipper
; gcode_label_objects = firmware
; gcode_resolution = 0.0125
; gcode_substitutions = 
; high_current_on_filament_swap = 0
; host_type = prusalink
; infill_acceleration = 0
; infill_anchor = 600%
; infill_anchor_max = 50
; infill_every_layers = 1
; infill_extruder = 1
; infill_extrusion_width = 0.44
; infill_first = 0
; infill_overlap = 30%
; infill_speed = 80
; inherits_cummulative = "0.20 mm NORMAL (0.4 mm nozzle) @CREALITY";"Generic PLA @CREALITY";"Creality Ender-3 BLTouch (0.4 mm nozzle)"
; interface_shells = 0
; ironing = 0
; ironing_flowrate = 15%
; ironing_spacing = 0.1
; ironing_speed = 15
; ironing_type = top
; layer_gcode = ;AFTER_LAYER_CHANGE\n;{layer_z}
; layer_height = 0.2
; machine_limits_usage = time_estimate_only
; machine_max_acceleration_e = 5000
; machine_max_acceleration_extruding = 500
; machine_max_acceleration_retracting = 1000
; machine_max_acceleration_travel = 500
; machine_max_acceleration_x = 500
; machine_max_acceleration_y = 500
; machine_max_acceleration_z = 100
; machine_max_feedrate_e = 60
; machine_max_feedrate_x = 500
; machine_max_feedrate_y = 500
; machine_max_feedrate_z = 10
; machine_max_jerk_e = 5
; machine_max_jerk_x = 8
; machine_max_jerk_y = 8
; machine_max_jerk_z = 0.4
; machine_min_extruding_rate = 0
; machine_min_travel_rate = 0
; max_fan_speed = 50
; max_layer_height = 0.32
; max_print_height = 250
; max_print_speed = 100
; max_volumetric_extrusion_rate_slope_negative = 0
; max_volumetric_extrusion_rate_slope_positive = 0
; max_volumetric_speed = 0
; min_bead_width = 85%
; min_fan_speed = 50
; min_feature_size = 25%
; min_layer_height = 0.06
; min_print_speed = 15
; min_skirt_length = 4
; mmu_segmented_region_interlocking_depth = 0
; mmu_segmented_region_max_width = 0
; notes = 
; nozzle_diameter = 0.4
; only_retract_when_crossing_perimeters = 0
; ooze_prevention = 0
; output_filename_format = {input_filename_base}_{print_time}_{digits(layer_height,1,2)}mm_{temperature[0]}C_{filament_type[0]}_{printer_model}.gcode
; overhang_fan_speed_0 = 0
; overhang_fan_speed_1 = 0
; overhang_fan_speed_2 = 0
; overhang_fan_speed_3 = 0
; overhang_speed_0 = 15
; overhang_speed_1 = 15
; overhang_speed_2 = 20
; overhang_speed_3 = 25
; overhangs = 1
; parking_pos_retraction = 92
; pause_print_gcode = 
; perimeter_acceleration = 0
; perimeter_extruder = 1
; perimeter_extrusion_width = 0.44
; perimeter_generator = classic
; perimeter_speed = 60
; perimeters = 3
; physical_printer_settings_id = 
; post_process = 
; print_settings_id = 0.20 mm NORMAL (0.4 mm nozzle) @CREALITY - Copy
; printer_model = ENDER3BLTOUCH
; printer_notes = Don't remove the following keywords! These keywords are used in the "compatible printer" condition of the print and filament profiles to link the particular print and filament profiles to this printer profile.\nPRINTER_VENDOR_CREALITY\nPRINTER_MODEL_ENDER3BLTOUCH\nPRINTER_HAS_BOWDEN
; printer_settings_id = Creality Ender-3 BLTouch (0.4 mm nozzle) - Copy
; printer_technology = FFF
; printer_variant = 0.4
; printer_vendor = 
; raft_contact_distance = 0.1
; raft_expansion = 1.5
; raft_first_layer_density = 90%
; raft_first_layer_expansion = 3
; raft_layers = 0
; remaining_times = 0
; resolution = 0
; retract_before_travel = 1.5
; retract_before_wipe = 70%
; retract_layer_change = 1
; retract_length = 2
; retract_length_toolchange = 1
; retract_lift = 0
; retract_lift_above = 0.2
; retract_lift_below = 0
; retract_restart_extra = 0
; retract_restart_extra_toolchange = 0
; retract_speed = 45
; seam_position = nearest
; silent_mode = 0
; single_extruder_multi_material = 0
; single_extruder_multi_material_priming = 0
; skirt_distance = 3
; skirt_height = 2
; skirts = 1
; slice_closing_radius = 0.049
; slicing_mode = regular
; slowdown_below_layer_time = 20
; small_perimeter_speed = 30
; solid_infill_acceleration = 0
; solid_infill_below_area = 0
; solid_infill_every_layers = 0
; solid_infill_extruder = 1
; solid_infill_extrusion_width = 0.44
; solid_infill_speed = 40
; spiral_vase = 0
; staggered_inner_seams = 0
; standby_temperature_delta = -5
; start_filament_gcode = "; Filament gcode\n"
; start_gcode = START_PRINT
; support_material = 0
; support_material_angle = 0
; support_material_auto = 1
; support_material_bottom_contact_distance = 0
; support_material_bottom_interface_layers = -1
; support_material_buildplate_only = 1
; support_material_closing_radius = 2
; support_material_contact_distance = 0.15
; support_material_enforce_layers = 0
; support_material_extruder = 0
; support_material_extrusion_width = 0.36
; support_material_interface_contact_loops = 0
; support_material_interface_extruder = 0
; support_material_interface_layers = 2
; support_material_interface_pattern = rectilinear
; support_material_interface_spacing = 0.2
; support_material_interface_speed = 100%
; support_material_pattern = rectilinear
; support_material_spacing = 1
; support_material_speed = 40
; support_material_style = organic
; support_material_synchronize_layers = 0
; support_material_threshold = 40
; support_material_with_sheath = 0
; support_material_xy_spacing = 60%
; support_tree_angle = 40
; support_tree_angle_slow = 25
; support_tree_branch_diameter = 2
; support_tree_branch_diameter_angle = 5
; support_tree_branch_diameter_double_wall = 3
; support_tree_branch_distance = 1
; support_tree_tip_diameter = 0.8
; support_tree_top_rate = 15%
; temperature = 200
; template_custom_gcode = 
; thick_bridges = 1
; thin_walls = 0
; thumbnails = 
; thumbnails_format = PNG
; toolchange_gcode = 
; top_fill_pattern = monotonic
; top_infill_extrusion_width = 0.4
; top_solid_infill_acceleration = 0
; top_solid_infill_speed = 30
; top_solid_layers = 5
; top_solid_min_thickness = 0
; travel_acceleration = 0
; travel_lift_before_obstacle = 0
; travel_max_lift = 0
; travel_ramping_lift = 0
; travel_slope = 0
; travel_speed = 150
; travel_speed_z = 0
; use_firmware_retraction = 0
; use_relative_e_distances = 1
; use_volumetric_e = 0
; variable_layer_height = 1
; wall_distribution_count = 1
; wall_transition_angle = 10
; wall_transition_filter_deviation = 25%
; wall_transition_length = 100%
; wipe = 1
; wipe_into_infill = 0
; wipe_into_objects = 0
; wipe_tower = 0
; wipe_tower_bridging = 10
; wipe_tower_brim_width = 2
; wipe_tower_cone_angle = 0
; wipe_tower_extra_spacing = 100%
; wipe_tower_extruder = 0
; wipe_tower_no_sparse_layers = 0
; wipe_tower_rotation_angle = 0
; wipe_tower_width = 60
; wipe_tower_x = 170
; wipe_tower_y = 140
; wiping_volumes_extruders = 70,70
; wiping_volumes_matrix = 0
; xy_size_compensation = 0
; z_offset = 0
; prusaslicer_config = end
