; generated by PrusaSlicer 2.7.0+win64 on 2025-04-29 at 07:22:13 UTC

; 

; external perimeters extrusion width = 0.42mm
; perimeters extrusion width = 0.44mm
; infill extrusion width = 0.44mm
; solid infill extrusion width = 0.44mm
; top infill extrusion width = 0.40mm
; first layer extrusion width = 0.42mm


EXCLUDE_OBJECT_DEFINE NAME=Trigger2_holder_stl CENTER=115.061,113.296 POLYGON=[[122.000,105.000],[120.000,105.000],[120.000,120.031],[119.847,120.800],[119.584,121.253],[119.212,121.622],[118.757,121.883],[117.507,122.264],[117.090,122.581],[116.770,122.996],[116.517,123.738],[116.500,127.000],[116.440,127.342],[116.266,127.643],[116.000,127.866],[115.674,127.985],[114.500,128.000],[114.158,127.940],[113.734,127.643],[113.515,127.174],[113.483,123.738],[113.230,122.996],[112.910,122.581],[112.493,122.264],[111.243,121.883],[110.788,121.622],[110.270,121.035],[110.069,120.551],[110.000,120.031],[110.000,105.000],[109.000,105.000],[109.000,103.000],[122.000,103.000]]

M190 S60 ; set bed temperature and wait for it to be reached
M104 S200 ; set temperature
;TYPE:Custom
START_PRINT
M109 S200 ; set temperature and wait for it to be reached
G21 ; set units to millimeters
G90 ; use absolute coordinates
M83 ; use relative distances for extrusion
; Filament gcode
M107
;LAYER_CHANGE
;Z:0.2
;HEIGHT:0.2
;BEFORE_LAYER_CHANGE
G92 E0
;0.2


G1 E-2 F2700
G1 Z.2 F9000
;AFTER_LAYER_CHANGE
;0.2
G1 X106.742 Y100.001
G1 Z.2
G1 E2 F2400
M204 S500
;TYPE:Skirt/Brim
;WIDTH:0.42
G1 F1200
G1 X109 Y99.246 E.07465
G1 X122 Y99.246 E.40761
G1 X123.676 Y99.641 E.05399
G1 X124.999 Y100.742 E.05397
G1 X125.754 Y103 E.07465
G1 X125.754 Y105 E.06271
G1 X123.705 Y120.784 E.49905
G1 X123.485 Y121.762 E.03143
G1 X123.094 Y122.701 E.03189
G1 X119.696 Y129.233 E.23086
G1 X119.341 Y129.796 E.02087
G1 X118.797 Y130.421 E.02598
G1 X118.296 Y130.841 E.0205
G1 X117.587 Y131.268 E.02595
G1 X116.645 Y131.611 E.03143
G1 X115.827 Y131.74 E.02596
G1 X114.5 Y131.754 E.04161
G1 X113.186 Y131.566 E.04162
G1 X112.413 Y131.268 E.02598
G1 X111.704 Y130.841 E.02595
G1 X111.079 Y130.297 E.02598
G1 X110.559 Y129.653 E.02595
G1 X106.906 Y122.701 E.24624
G1 X106.387 Y121.286 E.04726
G1 X106.271 Y120.543 E.02358
G1 X105.254 Y105.249 E.48059
G1 X105.246 Y103 E.07052
G1 X105.641 Y101.324 E.05399
G1 X106.703 Y100.047 E.05208
G1 X107.004 Y100.318 F9000
G1 F1200
G1 X107.107 Y100.203 E.00484
G1 X109 Y99.623 E.06208
G1 X122 Y99.623 E.40761
G1 X123.583 Y100.017 E.05115
G1 X124.797 Y101.107 E.05116
G1 X125.377 Y103 E.06208
G1 X125.377 Y105 E.06271
G1 X123.331 Y120.735 E.49751
G1 X123.128 Y121.641 E.02911
G1 X122.756 Y122.534 E.03033
G1 X119.362 Y129.059 E.23061
G1 X119.032 Y129.58 E.01934
G1 X118.531 Y130.154 E.02389
G1 X118.08 Y130.532 E.01845
G1 X117.427 Y130.927 E.02393
G1 X116.548 Y131.247 E.02933
G1 X115.794 Y131.364 E.02392
G1 X114.5 Y131.377 E.04057
G1 X113.284 Y131.202 E.03852
G1 X112.573 Y130.927 E.0239
G1 X111.92 Y130.532 E.02393
G1 X111.346 Y130.031 E.02389
G1 X110.868 Y129.437 E.02391
G1 X107.244 Y122.534 E.24445
G1 X106.757 Y121.212 E.04417
G1 X106.648 Y120.518 E.02203
G1 X105.63 Y105.224 E.48059
G1 X105.623 Y103 E.06973
G1 X106.017 Y101.417 E.05115
G1 X106.964 Y100.362 E.04445
EXCLUDE_OBJECT_START NAME=Trigger2_holder_stl
G1 E-1.4 F2700
;WIPE_START
G1 F7200
G1 X107.004 Y100.318 E-.02118
G1 X107.107 Y100.203 E-.055
G1 X108.513 Y99.772 E-.52382
;WIPE_END
G1 X111.064 Y104.064 F9000
G1 E2 F2400
;TYPE:Perimeter
G1 F1200
G1 X118.936 Y104.064 E.24682
G1 X118.936 Y119.996 E.49954
G1 X118.925 Y120.154 E.00497
G1 X118.862 Y120.39 E.00766
G1 X118.739 Y120.602 E.00768
G1 X118.566 Y120.774 E.00765
G1 X118.463 Y120.842 E.00387
G1 X118.237 Y120.934 E.00765
G1 X117.721 Y121.034 E.01648
G1 X117.339 Y121.162 E.01263
G1 X116.978 Y121.338 E.01259
G1 X116.642 Y121.561 E.01264
G1 X116.338 Y121.825 E.01262
G1 X116.072 Y122.127 E.01262
G1 X115.845 Y122.465 E.01277
G1 X115.661 Y122.845 E.01324
G1 X115.539 Y123.203 E.01186
G1 X115.46 Y123.598 E.01263
G1 X115.436 Y123.965 E.01153
G1 X115.436 Y126.924 E.09278
G1 X114.564 Y126.935 E.02734
G1 X114.564 Y123.965 E.09312
G1 X114.54 Y123.598 E.01153
G1 X114.461 Y123.203 E.01263
G1 X114.331 Y122.822 E.01262
G1 X114.153 Y122.461 E.01262
G1 X113.928 Y122.127 E.01263
G1 X113.662 Y121.825 E.01262
G1 X113.358 Y121.561 E.01262
G1 X113.022 Y121.338 E.01264
G1 X112.661 Y121.162 E.01259
G1 X112.279 Y121.034 E.01263
G1 X111.763 Y120.934 E.01648
G1 X111.537 Y120.842 E.00765
G1 X111.434 Y120.774 E.00387
G1 X111.261 Y120.602 E.00765
G1 X111.192 Y120.5 E.00386
G1 X111.138 Y120.39 E.00384
G1 X111.075 Y120.154 E.00766
G1 X111.064 Y104.124 E.50261
G1 X110.687 Y104.313 F9000
G1 F1200
G1 X109.687 Y104.313 E.03135
G1 X109.687 Y103.687 E.01963
G1 X121.313 Y103.687 E.36453
G1 X121.313 Y104.313 E.01963
G1 X119.313 Y104.313 E.06271
G1 X119.313 Y120.009 E.49214
G1 X119.266 Y120.372 E.01148
G1 X119.134 Y120.689 E.01077
G1 X118.925 Y120.962 E.01078
G1 X118.795 Y121.075 E.0054
G1 X118.496 Y121.245 E.01078
G1 X118.333 Y121.3 E.00539
G1 X117.817 Y121.4 E.01648
G1 X117.482 Y121.511 E.01107
G1 X117.165 Y121.666 E.01106
G1 X116.871 Y121.861 E.01106
G1 X116.605 Y122.093 E.01107
G1 X116.371 Y122.358 E.01108
G1 X116.173 Y122.653 E.01114
G1 X116.01 Y122.988 E.01168
G1 X115.904 Y123.302 E.01039
G1 X115.835 Y123.648 E.01106
G1 X115.813 Y123.977 E.01034
G1 X115.813 Y126.97 E.09384
G1 X115.792 Y127.106 E.00431
G1 X115.699 Y127.238 E.00506
G1 X115.575 Y127.3 E.00435
G1 X114.526 Y127.313 E.03289
G1 X114.394 Y127.292 E.00419
G1 X114.301 Y127.238 E.00337
G1 X114.231 Y127.155 E.0034
G1 X114.187 Y126.97 E.00596
G1 X114.187 Y123.977 E.09384
G1 X114.165 Y123.648 E.01034
G1 X114.096 Y123.302 E.01106
G1 X113.982 Y122.967 E.0111
G1 X113.826 Y122.651 E.01105
G1 X113.629 Y122.358 E.01107
G1 X113.395 Y122.093 E.01108
G1 X113.129 Y121.861 E.01107
G1 X112.835 Y121.666 E.01106
G1 X112.518 Y121.511 E.01106
G1 X112.183 Y121.4 E.01107
G1 X111.667 Y121.3 E.01648
G1 X111.504 Y121.245 E.00539
G1 X111.205 Y121.075 E.01078
G1 X110.962 Y120.832 E.01078
G1 X110.866 Y120.689 E.0054
G1 X110.734 Y120.372 E.01077
G1 X110.7 Y120.203 E.00541
G1 X110.687 Y120.009 E.0061
G1 X110.687 Y104.373 E.49026
G1 X110.31 Y104.69 F9000
;TYPE:External perimeter
G1 F1200
G1 X109.31 Y104.69 E.03135
G1 X109.31 Y103.31 E.04327
G1 X121.69 Y103.31 E.38817
G1 X121.69 Y104.69 E.04327
G1 X119.69 Y104.69 E.06271
G1 X119.69 Y120.021 E.48069
G1 X119.675 Y120.253 E.00729
G1 X119.631 Y120.47 E.00694
G1 X119.56 Y120.68 E.00695
G1 X119.461 Y120.879 E.00697
G1 X119.338 Y121.063 E.00694
G1 X119.191 Y121.23 E.00698
G1 X119.024 Y121.375 E.00693
G1 X118.839 Y121.498 E.00697
G1 X118.639 Y121.595 E.00697
G1 X118.429 Y121.665 E.00694
G1 X117.913 Y121.765 E.01648
G1 X117.625 Y121.861 E.00952
G1 X117.353 Y121.994 E.00949
G1 X117.1 Y122.162 E.00952
G1 X116.871 Y122.361 E.00951
G1 X116.67 Y122.589 E.00953
G1 X116.501 Y122.841 E.00951
G1 X116.36 Y123.132 E.01014
G1 X116.269 Y123.4 E.00887
G1 X116.209 Y123.697 E.0095
G1 X116.19 Y123.99 E.00921
G1 X116.19 Y126.986 E.09394
G1 X116.147 Y127.236 E.00795
G1 X116.028 Y127.443 E.00749
G1 X115.844 Y127.597 E.00752
G1 X115.627 Y127.676 E.00724
G1 X114.512 Y127.69 E.03496
G1 X114.264 Y127.647 E.00789
G1 X114.156 Y127.597 E.00373
G1 X113.972 Y127.443 E.00752
G1 X113.903 Y127.344 E.00378
G1 X113.822 Y127.12 E.00747
G1 X113.81 Y123.99 E.09814
G1 X113.791 Y123.697 E.00921
G1 X113.731 Y123.4 E.0095
G1 X113.633 Y123.112 E.00954
G1 X113.499 Y122.841 E.00948
G1 X113.33 Y122.589 E.00951
G1 X113.129 Y122.361 E.00953
G1 X112.9 Y122.162 E.00951
G1 X112.647 Y121.994 E.00952
G1 X112.375 Y121.861 E.00949
G1 X112.087 Y121.765 E.00952
G1 X111.571 Y121.665 E.01648
G1 X111.361 Y121.595 E.00694
G1 X111.161 Y121.498 E.00697
G1 X110.976 Y121.375 E.00697
G1 X110.809 Y121.23 E.00693
G1 X110.662 Y121.063 E.00698
G1 X110.539 Y120.879 E.00694
G1 X110.44 Y120.68 E.00697
G1 X110.369 Y120.47 E.00695
G1 X110.325 Y120.253 E.00694
G1 X110.31 Y120.021 E.00729
G1 X110.31 Y104.75 E.47881
G1 X109.876 Y104 F9000
;TYPE:Gap fill
;WIDTH:0.291684
G1 F1200
G1 X110.876 Y104 E.02068
G1 E-1.4 F2700
;WIPE_START
G1 F7200
G1 X109.876 Y104 E-.35625
;WIPE_END
G1 E-.24375 F2700
G1 X121.124 Y104 F9000
G1 E2 F2400
G1 F1200
G1 X119.124 Y104 E.04137
G1 X118.071 Y104.158 F9000
;TYPE:Solid infill
;WIDTH:0.423908
G1 F1200
G1 X118.672 Y104.759 E.02693
G1 X118.672 Y105.298 E.01708
G1 X117.702 Y104.328 E.04346
G1 X117.163 Y104.328 E.01708
G1 X118.672 Y105.837 E.06761
G1 X118.672 Y106.376 E.01708
G1 X116.624 Y104.328 E.09175
G1 X116.086 Y104.328 E.01704
G1 X118.672 Y106.914 E.11586
G1 X118.672 Y107.453 E.01708
G1 X115.547 Y104.328 E.14
G1 X115.008 Y104.328 E.01708
G1 X118.672 Y107.992 E.16415
G1 X118.672 Y108.531 E.01708
G1 X114.469 Y104.328 E.1883
G1 X113.93 Y104.328 E.01708
G1 X118.672 Y109.07 E.21245
G1 X118.672 Y109.608 E.01704
G1 X113.392 Y104.328 E.23655
G1 X112.853 Y104.328 E.01708
G1 X118.672 Y110.147 E.2607
G1 X118.672 Y110.686 E.01708
G1 X112.314 Y104.328 E.28485
G1 X111.775 Y104.328 E.01708
G1 X118.672 Y111.225 E.30899
G1 X118.672 Y111.764 E.01708
G1 X111.328 Y104.42 E.32902
G1 X111.329 Y104.959 E.01708
G1 X118.672 Y112.302 E.32898
G1 X118.672 Y112.841 E.01708
G1 X111.329 Y105.498 E.32898
G1 X111.329 Y106.038 E.01711
G1 X118.672 Y113.38 E.32895
G1 X118.672 Y113.919 E.01708
G1 X111.33 Y106.577 E.32893
G1 X111.33 Y107.116 E.01708
G1 X118.672 Y114.458 E.32893
G1 X118.672 Y114.996 E.01704
G1 X111.33 Y107.655 E.32891
G1 X111.331 Y108.194 E.01708
G1 X118.672 Y115.535 E.32889
G1 X118.672 Y116.074 E.01708
G1 X111.331 Y108.733 E.32889
G1 X111.331 Y109.272 E.01708
G1 X118.672 Y116.613 E.32889
G1 X118.672 Y117.152 E.01708
G1 X111.332 Y109.812 E.32884
G1 X111.332 Y110.351 E.01708
G1 X118.672 Y117.69 E.32882
G1 X118.672 Y118.229 E.01708
G1 X111.333 Y110.89 E.3288
G1 X111.333 Y111.429 E.01708
G1 X118.672 Y118.768 E.3288
G1 X118.672 Y119.307 E.01708
G1 X111.333 Y111.968 E.3288
G1 X111.334 Y112.507 E.01708
G1 X118.672 Y119.846 E.32877
G1 X118.664 Y120.11 E.00837
G1 X118.601 Y120.314 E.00676
G1 X111.334 Y113.046 E.32559
G1 X111.334 Y113.586 E.01711
G1 X118.349 Y120.601 E.31428
G1 X118.161 Y120.68 E.00646
G1 X117.934 Y120.724 E.00733
G1 X111.335 Y114.125 E.29564
G1 X111.335 Y114.664 E.01708
G1 X117.501 Y120.83 E.27624
G1 X117.111 Y120.979 E.01323
G1 X111.335 Y115.203 E.25877
G1 X111.336 Y115.742 E.01708
G1 X116.759 Y121.166 E.24298
G1 X116.441 Y121.386 E.01225
G1 X111.336 Y116.281 E.22871
G1 X111.336 Y116.82 E.01708
G1 X116.153 Y121.637 E.21581
G1 X115.9 Y121.923 E.0121
G1 X111.337 Y117.36 E.20443
G1 X111.337 Y117.899 E.01708
G1 X115.678 Y122.24 E.19448
G1 X115.491 Y122.591 E.0126
G1 X111.337 Y118.438 E.18608
G1 X111.338 Y118.977 E.01708
G1 X115.337 Y122.977 E.17918
G1 X115.283 Y123.135 E.00529
G1 X115.229 Y123.407 E.00878
G1 X114.593 Y122.771 E.02849
G1 X114.381 Y122.329 E.01553
G1 X114.138 Y121.966 E.01384
G1 X113.848 Y121.637 E.01389
G1 X113.518 Y121.35 E.01385
G1 X113.154 Y121.109 E.01383
G1 X112.728 Y120.906 E.01495
G1 X111.338 Y119.516 E.06227
G1 X111.338 Y120.055 E.01708
G1 X112.207 Y120.924 E.03893
G1 E-1.4 F2700
;WIPE_START
G1 F7200
G1 X111.338 Y120.055 E-.43781
G1 X111.338 Y119.6 E-.16219
;WIPE_END
G1 X114.575 Y123.292 F9000
G1 E2 F2400
G1 F1200
G1 X115.176 Y123.893 E.02693
G1 X115.172 Y124.428 E.01695
G1 X114.828 Y124.084 E.01541
G1 X114.828 Y124.623 E.01708
G1 X115.172 Y124.966 E.01539
G1 X115.172 Y125.505 E.01708
G1 X114.828 Y125.161 E.01541
G1 X114.828 Y125.7 E.01708
G1 X115.172 Y126.044 E.01541
G1 X115.172 Y126.583 E.01708
G1 X114.658 Y126.069 E.02303
EXCLUDE_OBJECT_END NAME=Trigger2_holder_stl
M106 S127.5
;LAYER_CHANGE
;Z:0.4
;HEIGHT:0.2
;BEFORE_LAYER_CHANGE
G92 E0
;0.4


G1 E-1.4 F2700
;WIPE_START
G1 F7200
G1 X115.172 Y126.583 E-.25896
G1 X115.172 Y126.044 E-.19202
G1 X114.876 Y125.748 E-.14902
;WIPE_END
G1 Z.4 F9000
;AFTER_LAYER_CHANGE
;0.4
G1 X109.885 Y128.371
G1 E2 F2400
;TYPE:Skirt/Brim
;WIDTH:0.42
G1 F2374
G1 X106.906 Y122.701 E.20082
G1 X106.387 Y121.286 E.04726
G1 X106.271 Y120.543 E.02358
G1 X105.254 Y105.249 E.48059
G1 X105.246 Y103 E.07052
G1 X105.641 Y101.324 E.05399
G1 X106.742 Y100.001 E.05397
G1 X109 Y99.246 E.07465
G1 X122 Y99.246 E.40761
G1 X123.676 Y99.641 E.05399
G1 X124.999 Y100.742 E.05397
G1 X125.754 Y103 E.07465
G1 X125.754 Y105 E.06271
G1 X123.705 Y120.784 E.49905
G1 X123.485 Y121.762 E.03143
G1 X123.094 Y122.701 E.03189
G1 X119.696 Y129.233 E.23086
G1 X119.341 Y129.796 E.02087
G1 X118.797 Y130.421 E.02598
G1 X118.296 Y130.841 E.0205
G1 X117.587 Y131.268 E.02595
G1 X116.645 Y131.611 E.03143
G1 X115.827 Y131.74 E.02596
G1 X114.5 Y131.754 E.04161
G1 X113.186 Y131.566 E.04162
G1 X112.413 Y131.268 E.02598
G1 X111.704 Y130.841 E.02595
G1 X111.079 Y130.297 E.02598
G1 X110.559 Y129.653 E.02595
G1 X109.913 Y128.424 E.04353
G1 X110.244 Y128.25 F9000
G1 F2374
G1 X107.244 Y122.534 E.20241
G1 X106.757 Y121.212 E.04417
G1 X106.648 Y120.518 E.02203
G1 X105.63 Y105.224 E.48059
G1 X105.623 Y103 E.06973
G1 X106.017 Y101.417 E.05115
G1 X107.107 Y100.203 E.05116
G1 X109 Y99.623 E.06208
G1 X122 Y99.623 E.40761
G1 X123.583 Y100.017 E.05115
G1 X124.797 Y101.107 E.05116
G1 X125.377 Y103 E.06208
G1 X125.377 Y105 E.06271
G1 X123.331 Y120.735 E.49751
G1 X123.128 Y121.641 E.02911
G1 X122.756 Y122.534 E.03033
G1 X119.362 Y129.059 E.23061
G1 X119.032 Y129.58 E.01934
G1 X118.531 Y130.154 E.02389
G1 X118.08 Y130.532 E.01845
G1 X117.427 Y130.927 E.02393
G1 X116.548 Y131.247 E.02933
G1 X115.794 Y131.364 E.02392
G1 X114.5 Y131.377 E.04057
G1 X113.284 Y131.202 E.03852
G1 X112.573 Y130.927 E.0239
G1 X111.92 Y130.532 E.02393
G1 X111.346 Y130.031 E.02389
G1 X110.868 Y129.437 E.02391
G1 X110.272 Y128.303 E.04017
EXCLUDE_OBJECT_START NAME=Trigger2_holder_stl
G1 E-1.4 F2700
;WIPE_START
G1 F7200
G1 X110.244 Y128.25 E-.02135
G1 X109.489 Y126.812 E-.57865
;WIPE_END
G1 X114.499 Y127.002 F9000
G1 E2 F2400
;TYPE:Perimeter
;WIDTH:0.44
G1 F2374
G1 X114.494 Y123.967 E.10021
G1 X114.47 Y123.607 E.01191
G1 X114.393 Y123.222 E.01296
G1 X114.266 Y122.849 E.01301
G1 X114.092 Y122.497 E.01296
G1 X113.873 Y122.17 E.01299
G1 X113.612 Y121.875 E.01301
G1 X113.316 Y121.616 E.01299
G1 X112.988 Y121.399 E.01299
G1 X112.634 Y121.227 E.01299
G1 X112.261 Y121.102 E.01299
G1 X111.745 Y121.002 E.01735
G1 X111.62 Y120.96 E.00435
G1 X111.392 Y120.83 E.00867
G1 X111.299 Y120.749 E.00407
G1 X111.132 Y120.535 E.00896
G1 X111.031 Y120.292 E.00869
G1 X111.005 Y120.163 E.00434
G1 X110.994 Y104.006 E.53346
G1 X109.994 Y103.994 E.03302
G1 X121.006 Y104.006 E.36359
G1 X119.006 Y104.006 E.06603
G1 X119.006 Y119.999 E.52805
G1 X118.969 Y120.292 E.00975
G1 X118.927 Y120.417 E.00435
G1 X118.795 Y120.644 E.00867
G1 X118.708 Y120.743 E.00435
G1 X118.498 Y120.903 E.00872
G1 X118.255 Y121.002 E.00866
G1 X117.739 Y121.102 E.01735
G1 X117.366 Y121.227 E.01299
G1 X117.012 Y121.399 E.01299
G1 X116.684 Y121.616 E.01299
G1 X116.388 Y121.875 E.01299
G1 X116.127 Y122.17 E.01301
G1 X115.903 Y122.504 E.01328
G1 X115.718 Y122.895 E.01428
G1 X115.607 Y123.222 E.0114
G1 X115.53 Y123.607 E.01296
G1 X115.506 Y123.967 E.01191
G1 X115.502 Y127.001 E.10017
G1 X114.559 Y127.002 E.03114
G1 X114.135 Y127.132 F9000
G1 F2374
G1 X114.105 Y127.07 E.00227
G1 X114.097 Y123.98 E.10202
G1 X114.076 Y123.66 E.01059
G1 X114.009 Y123.325 E.01128
G1 X113.899 Y123.002 E.01127
G1 X113.748 Y122.696 E.01127
G1 X113.557 Y122.413 E.01127
G1 X113.332 Y122.157 E.01125
G1 X113.074 Y121.933 E.01128
G1 X112.79 Y121.745 E.01125
G1 X112.483 Y121.595 E.01128
G1 X112.16 Y121.487 E.01124
G1 X111.644 Y121.387 E.01735
G1 X111.47 Y121.329 E.00606
G1 X111.151 Y121.146 E.01214
G1 X111.016 Y121.029 E.0059
G1 X110.871 Y120.859 E.00738
G1 X110.706 Y120.57 E.01099
G1 X110.646 Y120.396 E.00608
G1 X110.61 Y120.215 E.00609
G1 X110.597 Y120.012 E.00672
G1 X110.597 Y104.403 E.51537
G1 X109.597 Y104.403 E.03302
G1 X109.597 Y103.597 E.02661
G1 X121.403 Y103.597 E.3898
G1 X121.403 Y104.403 E.02661
G1 X119.403 Y104.403 E.06603
G1 X119.403 Y120.012 E.51537
G1 X119.39 Y120.215 E.00672
G1 X119.354 Y120.396 E.00609
G1 X119.212 Y120.735 E.01214
G1 X119.11 Y120.887 E.00604
G1 X118.849 Y121.146 E.01214
G1 X118.53 Y121.329 E.01214
G1 X118.356 Y121.387 E.00606
G1 X117.84 Y121.487 E.01735
G1 X117.517 Y121.595 E.01124
G1 X117.21 Y121.745 E.01128
G1 X116.926 Y121.933 E.01125
G1 X116.668 Y122.157 E.01128
G1 X116.443 Y122.413 E.01125
G1 X116.25 Y122.701 E.01145
G1 X116.087 Y123.044 E.01254
G1 X115.991 Y123.325 E.0098
G1 X115.924 Y123.66 E.01128
G1 X115.903 Y123.98 E.01059
G1 X115.903 Y126.974 E.09885
G1 X115.876 Y127.137 E.00546
G1 X115.758 Y127.307 E.00683
G1 X115.57 Y127.395 E.00685
G1 X114.526 Y127.403 E.03447
G1 X114.363 Y127.376 E.00546
G1 X114.193 Y127.258 E.00683
G1 X114.16 Y127.186 E.00262
G1 X113.77 Y127.266 F9000
;TYPE:External perimeter
;WIDTH:0.42
G1 F1800
G1 X113.723 Y127.137 E.0043
G1 X113.71 Y123.993 E.09858
G1 X113.691 Y123.71 E.00889
G1 X113.635 Y123.426 E.00908
G1 X113.541 Y123.151 E.00911
G1 X113.412 Y122.891 E.0091
G1 X113.25 Y122.65 E.0091
G1 X113.058 Y122.432 E.00911
G1 X112.839 Y122.242 E.00909
G1 X112.597 Y122.081 E.00911
G1 X112.337 Y121.954 E.00907
G1 X112.061 Y121.862 E.00912
G1 X111.546 Y121.762 E.01645
G1 X111.323 Y121.688 E.00737
G1 X111.112 Y121.585 E.00736
G1 X110.916 Y121.455 E.00737
G1 X110.74 Y121.302 E.00731
G1 X110.562 Y121.093 E.00861
G1 X110.452 Y120.929 E.00619
G1 X110.348 Y120.719 E.00735
G1 X110.272 Y120.496 E.00739
G1 X110.226 Y120.266 E.00735
G1 X110.21 Y120.024 E.0076
G1 X110.21 Y104.79 E.47765
G1 X109.21 Y104.79 E.03135
G1 X109.21 Y103.21 E.04954
G1 X121.79 Y103.21 E.39444
G1 X121.79 Y104.79 E.04954
G1 X119.79 Y104.79 E.06271
G1 X119.79 Y120.024 E.47765
G1 X119.774 Y120.266 E.0076
G1 X119.728 Y120.496 E.00735
G1 X119.652 Y120.719 E.00739
G1 X119.548 Y120.929 E.00735
G1 X119.417 Y121.124 E.00737
G1 X119.262 Y121.301 E.00738
G1 X119.084 Y121.455 E.00738
G1 X118.888 Y121.585 E.00737
G1 X118.677 Y121.688 E.00736
G1 X118.454 Y121.762 E.00737
G1 X117.939 Y121.862 E.01645
G1 X117.663 Y121.954 E.00912
G1 X117.403 Y122.081 E.00907
G1 X117.161 Y122.242 E.00911
G1 X116.942 Y122.432 E.00909
G1 X116.75 Y122.65 E.00911
G1 X116.587 Y122.892 E.00915
G1 X116.446 Y123.19 E.01034
G1 X116.365 Y123.426 E.00782
G1 X116.309 Y123.71 E.00908
G1 X116.29 Y123.993 E.00889
G1 X116.29 Y126.991 E.094
G1 X116.242 Y127.27 E.00888
G1 X116.105 Y127.507 E.00858
G1 X115.895 Y127.683 E.00859
G1 X115.637 Y127.777 E.00861
G1 X114.509 Y127.79 E.03537
G1 X114.23 Y127.742 E.00888
G1 X113.993 Y127.605 E.00858
G1 X113.895 Y127.507 E.00435
G1 X113.817 Y127.395 E.00428
G1 X113.79 Y127.322 E.00244
G1 E-1.4 F2700
;WIPE_START
G1 F7200
G1 X113.77 Y127.266 E-.02118
G1 X113.723 Y127.137 E-.04891
G1 X113.717 Y125.65 E-.52991
;WIPE_END
G1 X111.38 Y104.306 F9000
G1 E2 F2400
;TYPE:Solid infill
;WIDTH:0.536088
G1 F2374
G1 X111.336 Y104.262 E.00255
G1 X111.277 Y104.278 E.00251
G1 X111.261 Y104.338 E.00255
G1 X111.304 Y104.381 E.00249
G1 X111.364 Y104.365 E.00255
;WIDTH:0.439999
G1 X111.997 Y104.274 E.02111
G1 X111.273 Y104.999 E.03383
G1 X111.273 Y105.56 E.01852
G1 X112.558 Y104.275 E.06
G1 X113.119 Y104.275 E.01852
G1 X111.274 Y106.121 E.08617
G1 X111.274 Y106.682 E.01852
G1 X113.68 Y104.276 E.11234
G1 X114.241 Y104.277 E.01852
G1 X111.274 Y107.243 E.13852
G1 X111.275 Y107.805 E.01856
G1 X114.802 Y104.277 E.16471
G1 X115.363 Y104.278 E.01852
G1 X111.275 Y108.366 E.19088
G1 X111.275 Y108.927 E.01852
G1 X115.924 Y104.278 E.21708
G1 X116.485 Y104.279 E.01852
G1 X111.276 Y109.488 E.24323
G1 X111.276 Y110.049 E.01852
G1 X117.046 Y104.28 E.2694
G1 X117.607 Y104.28 E.01852
G1 X111.277 Y110.61 E.29557
G1 X111.277 Y111.172 E.01856
G1 X118.168 Y104.281 E.32176
G1 X118.728 Y104.282 E.01849
G1 X111.277 Y111.733 E.34791
G1 X111.278 Y112.294 E.01852
G1 X118.728 Y104.844 E.34787
G1 X118.728 Y105.405 E.01852
G1 X111.278 Y112.855 E.34787
G1 X111.278 Y113.416 E.01852
G1 X118.728 Y105.967 E.34784
G1 X118.728 Y106.528 E.01852
G1 X111.279 Y113.978 E.34784
G1 X111.279 Y114.539 E.01852
G1 X118.728 Y107.09 E.34782
G1 X118.728 Y107.652 E.01856
G1 X111.28 Y115.1 E.34777
G1 X111.28 Y115.661 E.01852
G1 X118.728 Y108.213 E.34777
G1 X118.728 Y108.775 E.01856
G1 X111.28 Y116.222 E.34775
G1 X111.281 Y116.783 E.01852
G1 X118.728 Y109.336 E.34773
G1 X118.728 Y109.898 E.01856
G1 X111.281 Y117.345 E.34773
G1 X111.281 Y117.906 E.01852
G1 X118.728 Y110.459 E.34773
G1 X118.728 Y111.021 E.01856
G1 X111.282 Y118.467 E.34768
G1 X111.282 Y119.028 E.01852
G1 X118.728 Y111.582 E.34768
G1 X118.728 Y112.144 E.01856
G1 X111.283 Y119.589 E.34763
G1 X111.285 Y120.148 E.01846
G1 X118.728 Y112.706 E.34752
G1 X118.728 Y113.267 E.01852
G1 X111.474 Y120.521 E.33871
G1 X111.823 Y120.734 E.0135
G1 X118.728 Y113.829 E.32242
G1 X118.728 Y114.39 E.01852
G1 X112.293 Y120.825 E.30047
G1 X112.718 Y120.962 E.01474
G1 X118.728 Y114.952 E.28063
G1 X118.728 Y115.513 E.01852
G1 X113.098 Y121.144 E.26291
G1 X113.438 Y121.364 E.01337
G1 X118.728 Y116.075 E.24698
G1 X118.728 Y116.636 E.01852
G1 X113.744 Y121.621 E.23274
G1 X114.015 Y121.911 E.01311
G1 X118.728 Y117.198 E.22007
G1 X118.728 Y117.76 E.01856
G1 X114.252 Y122.236 E.209
G1 X114.452 Y122.597 E.01363
G1 X118.728 Y118.321 E.19966
G1 X118.728 Y118.883 E.01856
G1 X114.611 Y122.999 E.19221
G1 E-1.4 F2700
;WIPE_START
G1 F7200
G1 X115.802 Y121.808 E-.6
;WIPE_END
G1 X117.149 Y121.023 F9000
G1 E2 F2400
G1 F2374
G1 X118.728 Y119.444 E.07373
G1 X118.724 Y120.009 E.01866
G1 X117.957 Y120.777 E.03584
G1 X117.837 Y120.851 E.00465
;WIDTH:0.41146
G1 X117.717 Y120.925 E.00432
;WIDTH:0.38292
G1 X117.646 Y120.906 E.00208
G1 X117.665 Y120.977 E.00208
G1 X117.706 Y120.966 E.0012
G1 X116.868 Y121.235 F9000
G1 F2374
G1 X116.263 Y121.758 E.02261
G1 X115.742 Y122.361 E.02253
;WIDTH:0.41146
G1 X115.636 Y122.501 E.00538
;WIDTH:0.439999
G1 X115.53 Y122.642 E.00582
G1 X114.722 Y123.45 E.03773
G1 X114.772 Y123.962 E.01699
G1 X115.276 Y123.458 E.02353
G1 X115.366 Y123.332 E.00511
;WIDTH:0.41146
G1 X115.456 Y123.207 E.00472
;WIDTH:0.38292
G1 X115.415 Y123.218 E.0012
G1 X115.396 Y123.147 E.00208
G1 X115.467 Y123.166 E.00208
G1 X115.228 Y124.067 F9000
;WIDTH:0.439999
G1 F2374
G1 X114.9 Y124.396 E.01534
G1 X115.213 Y124.663 E.01358
;WIDTH:0.46767
G1 X114.95 Y124.883 E.01211
G1 X114.787 Y124.837 E.00598
G1 X114.789 Y126.5 E.05873
;WIDTH:0.465562
G1 X114.79 Y126.711 E.00742
G1 X115.212 Y126.71 E.01483
G1 X115.212 Y126.5 E.00738
;WIDTH:0.46767
G1 X115.213 Y124.862 E.05785
EXCLUDE_OBJECT_END NAME=Trigger2_holder_stl
;LAYER_CHANGE
;Z:0.6
;HEIGHT:0.2
;BEFORE_LAYER_CHANGE
G92 E0
;0.6


G1 E-1.4 F2700
;WIPE_START
G1 F7200
G1 X115.212 Y126.5 E-.58354
;WIPE_END
G1 E-.01646 F2700
G1 Z.6 F9000
;AFTER_LAYER_CHANGE
;0.6
EXCLUDE_OBJECT_START NAME=Trigger2_holder_stl
G1 X119.006 Y104.006
G1 E2 F2400
;TYPE:Perimeter
;WIDTH:0.44
G1 F1741
G1 X119.006 Y119.999 E.52805
G1 X118.969 Y120.292 E.00975
G1 X118.927 Y120.417 E.00435
G1 X118.795 Y120.644 E.00867
G1 X118.708 Y120.743 E.00435
G1 X118.498 Y120.903 E.00872
G1 X118.255 Y121.002 E.00866
G1 X117.739 Y121.102 E.01735
G1 X117.366 Y121.227 E.01299
G1 X117.012 Y121.399 E.01299
G1 X116.684 Y121.616 E.01299
G1 X116.388 Y121.875 E.01299
G1 X116.128 Y122.17 E.01298
G1 X115.908 Y122.497 E.01301
G1 X115.734 Y122.849 E.01296
G1 X115.607 Y123.222 E.01301
G1 X115.53 Y123.607 E.01296
G1 X115.506 Y123.967 E.01191
G1 X115.502 Y127.001 E.10017
G1 X114.499 Y127.002 E.03312
G1 X114.494 Y123.967 E.10021
G1 X114.47 Y123.594 E.01234
G1 X114.368 Y123.147 E.01514
G1 X114.266 Y122.849 E.0104
G1 X114.092 Y122.497 E.01296
G1 X113.873 Y122.17 E.01299
G1 X113.612 Y121.875 E.01301
G1 X113.316 Y121.616 E.01299
G1 X112.988 Y121.399 E.01299
G1 X112.634 Y121.227 E.01299
G1 X112.261 Y121.102 E.01299
G1 X111.745 Y121.002 E.01735
G1 X111.62 Y120.96 E.00435
G1 X111.392 Y120.83 E.00867
G1 X111.205 Y120.644 E.00871
G1 X111.132 Y120.535 E.00433
G1 X111.031 Y120.292 E.00869
G1 X111.005 Y120.163 E.00434
G1 X110.994 Y104.006 E.53346
G1 X109.994 Y103.994 E.03302
G1 X121.006 Y104.006 E.36359
G1 X119.066 Y104.006 E.06405
G1 X119.403 Y104.403 F9000
G1 F1741
G1 X119.403 Y120.012 E.51537
G1 X119.39 Y120.215 E.00672
G1 X119.354 Y120.396 E.00609
G1 X119.294 Y120.57 E.00608
G1 X119.11 Y120.887 E.0121
G1 X118.849 Y121.146 E.01214
G1 X118.53 Y121.329 E.01214
G1 X118.356 Y121.387 E.00606
G1 X117.84 Y121.487 E.01735
G1 X117.517 Y121.595 E.01124
G1 X117.21 Y121.745 E.01128
G1 X116.926 Y121.933 E.01125
G1 X116.668 Y122.157 E.01128
G1 X116.443 Y122.413 E.01125
G1 X116.252 Y122.696 E.01127
G1 X116.101 Y123.002 E.01127
G1 X115.991 Y123.325 E.01127
G1 X115.924 Y123.66 E.01128
G1 X115.903 Y123.98 E.01059
G1 X115.903 Y126.974 E.09885
G1 X115.876 Y127.137 E.00546
G1 X115.758 Y127.307 E.00683
G1 X115.57 Y127.395 E.00685
G1 X114.526 Y127.403 E.03447
G1 X114.363 Y127.376 E.00546
G1 X114.193 Y127.258 E.00683
G1 X114.105 Y127.07 E.00685
G1 X114.097 Y123.98 E.10202
G1 X114.075 Y123.652 E.01085
G1 X113.985 Y123.255 E.01344
G1 X113.899 Y123.002 E.00882
G1 X113.748 Y122.696 E.01127
G1 X113.557 Y122.413 E.01127
G1 X113.332 Y122.157 E.01125
G1 X113.074 Y121.933 E.01128
G1 X112.79 Y121.745 E.01125
G1 X112.483 Y121.595 E.01128
G1 X112.16 Y121.487 E.01124
G1 X111.644 Y121.387 E.01735
G1 X111.47 Y121.329 E.00606
G1 X111.151 Y121.146 E.01214
G1 X110.89 Y120.887 E.01214
G1 X110.788 Y120.735 E.00604
G1 X110.646 Y120.396 E.01214
G1 X110.61 Y120.215 E.00609
G1 X110.597 Y120.012 E.00672
G1 X110.597 Y104.403 E.51537
G1 X109.597 Y104.403 E.03302
G1 X109.597 Y103.597 E.02661
G1 X121.403 Y103.597 E.3898
G1 X121.403 Y104.403 E.02661
G1 X119.463 Y104.403 E.06405
G1 X119.79 Y104.79 F9000
;TYPE:External perimeter
;WIDTH:0.42
G1 F1741
G1 X119.79 Y120.024 E.47765
G1 X119.774 Y120.266 E.0076
G1 X119.728 Y120.496 E.00735
G1 X119.652 Y120.719 E.00739
G1 X119.548 Y120.929 E.00735
G1 X119.417 Y121.124 E.00737
G1 X119.262 Y121.301 E.00738
G1 X119.084 Y121.455 E.00738
G1 X118.888 Y121.585 E.00737
G1 X118.677 Y121.688 E.00736
G1 X118.454 Y121.762 E.00737
G1 X117.939 Y121.862 E.01645
G1 X117.663 Y121.954 E.00912
G1 X117.403 Y122.081 E.00907
G1 X117.161 Y122.242 E.00911
G1 X116.942 Y122.432 E.00909
G1 X116.75 Y122.65 E.00911
G1 X116.588 Y122.891 E.0091
G1 X116.459 Y123.151 E.0091
G1 X116.365 Y123.426 E.00911
G1 X116.309 Y123.71 E.00908
G1 X116.29 Y123.993 E.00889
G1 X116.29 Y126.991 E.094
G1 X116.242 Y127.27 E.00888
G1 X116.105 Y127.507 E.00858
G1 X115.895 Y127.683 E.00859
G1 X115.637 Y127.777 E.00861
G1 X114.509 Y127.79 E.03537
G1 X114.23 Y127.742 E.00888
G1 X114.105 Y127.683 E.00433
G1 X113.895 Y127.507 E.00859
G1 X113.817 Y127.395 E.00428
G1 X113.723 Y127.137 E.00861
G1 X113.71 Y123.993 E.09858
G1 X113.691 Y123.708 E.00896
G1 X113.612 Y123.361 E.01116
G1 X113.541 Y123.151 E.00695
G1 X113.412 Y122.891 E.0091
G1 X113.25 Y122.65 E.0091
G1 X113.058 Y122.432 E.00911
G1 X112.839 Y122.242 E.00909
G1 X112.597 Y122.081 E.00911
G1 X112.337 Y121.954 E.00907
G1 X112.061 Y121.862 E.00912
G1 X111.546 Y121.762 E.01645
G1 X111.323 Y121.688 E.00737
G1 X111.112 Y121.585 E.00736
G1 X110.916 Y121.455 E.00737
G1 X110.738 Y121.301 E.00738
G1 X110.583 Y121.124 E.00738
G1 X110.452 Y120.929 E.00737
G1 X110.348 Y120.719 E.00735
G1 X110.272 Y120.496 E.00739
G1 X110.226 Y120.266 E.00735
G1 X110.21 Y120.024 E.0076
G1 X110.21 Y104.79 E.47765
G1 X109.21 Y104.79 E.03135
G1 X109.21 Y103.21 E.04954
G1 X121.79 Y103.21 E.39444
G1 X121.79 Y104.79 E.04954
G1 X119.85 Y104.79 E.06083
G1 E-1.4 F2700
;WIPE_START
G1 F7200
G1 X119.79 Y104.79 E-.02138
G1 X119.79 Y106.414 E-.57862
;WIPE_END
G1 X111.342 Y120.316 F9000
G1 E2 F2400
;TYPE:Solid infill
;WIDTH:0.439999
G1 F1741
G1 X111.727 Y120.701 E.01798
G1 X111.142 Y120.155 F9000
;WIDTH:0.38292
G1 F1741
G1 X111.135 Y120.006 E.00422
;WIDTH:0.41146
G1 X111.209 Y119.851 E.00526
;WIDTH:0.439999
G1 X111.283 Y119.696 E.00567
G1 X112.464 Y120.877 E.05514
G1 X112.527 Y120.974 E.00382
;WIDTH:0.41146
G1 X112.591 Y121.071 E.00356
;WIDTH:0.38292
G1 X112.744 Y121.053 E.00436
G1 E-1.4 F2700
;WIPE_START
G1 F7200
G1 X112.591 Y121.071 E-.05488
;WIPE_END
G1 E-.54512 F2700
G1 X114.787 Y124.635 F9000
G1 E2 F2400
;WIDTH:0.46805
G1 F1741
G1 X114.787 Y124.343 E.01032
G1 X115.103 Y124.648 E.01552
G1 X115.213 Y124.632 E.00393
G1 X115.212 Y126.5 E.06603
;WIDTH:0.465561
G1 X115.212 Y126.71 E.00738
G1 X114.79 Y126.711 E.01483
G1 X114.789 Y126.5 E.00742
;WIDTH:0.46805
G1 X114.788 Y124.834 E.05889
;WIDTH:0.439999
G1 X115.207 Y124.181 E.02562
G1 X114.757 Y123.732 E.02099
G1 X115.247 Y123.66 E.01635
G1 X114.624 Y123.037 E.02909
G1 X114.529 Y122.897 E.00559
;WIDTH:0.41146
G1 X114.434 Y122.756 E.00521
;WIDTH:0.38292
G1 X114.14 Y122.343 E.01433
G1 X115.331 Y123.182 F9000
;WIDTH:0.439999
G1 F1741
G1 X111.282 Y119.134 E.18904
G1 X111.282 Y118.572 E.01856
G1 X115.47 Y122.76 E.19555
G1 X115.654 Y122.383 E.01385
G1 X111.281 Y118.01 E.20419
G1 X111.281 Y117.448 E.01856
G1 X115.877 Y122.044 E.2146
G1 X116.135 Y121.741 E.01314
G1 X111.281 Y116.886 E.22667
G1 X111.28 Y116.324 E.01856
G1 X116.428 Y121.471 E.24035
G1 X116.754 Y121.237 E.01325
G1 X111.28 Y115.762 E.25562
G1 X111.28 Y115.2 E.01856
G1 X117.118 Y121.038 E.2726
G1 X117.522 Y120.881 E.01431
G1 X111.279 Y114.638 E.29151
G1 X111.279 Y114.076 E.01856
G1 X117.976 Y120.773 E.31271
G1 X118.396 Y120.631 E.01464
G1 X111.278 Y113.514 E.33234
G1 X111.278 Y112.952 E.01856
G1 X118.656 Y120.33 E.3445
G1 X118.728 Y119.841 E.01632
G1 X111.278 Y112.39 E.34789
G1 X111.277 Y111.829 E.01852
G1 X118.728 Y119.279 E.34789
G1 X118.728 Y118.718 E.01852
G1 X111.277 Y111.267 E.34791
G1 X111.277 Y110.705 E.01856
G1 X118.728 Y118.156 E.34791
G1 X118.728 Y117.594 E.01856
G1 X111.276 Y110.143 E.34794
G1 X111.276 Y109.581 E.01856
G1 X118.728 Y117.033 E.34796
G1 X118.728 Y116.471 E.01856
G1 X111.275 Y109.019 E.34798
G1 X111.275 Y108.457 E.01856
G1 X118.728 Y115.91 E.34801
G1 X118.728 Y115.348 E.01856
G1 X111.275 Y107.895 E.34801
G1 X111.274 Y107.333 E.01856
G1 X118.728 Y114.787 E.34805
G1 X118.728 Y114.225 E.01856
G1 X111.274 Y106.771 E.34805
G1 X111.274 Y106.209 E.01856
G1 X118.728 Y113.664 E.34808
G1 X118.728 Y113.102 E.01856
G1 X111.273 Y105.647 E.3481
G1 X111.273 Y105.085 E.01856
G1 X118.728 Y112.54 E.3481
G1 X118.728 Y111.979 E.01852
G1 X111.272 Y104.523 E.34815
G1 X111.246 Y104.342 E.00604
;WIDTH:0.41146
G1 X111.219 Y104.16 E.00564
;WIDTH:0.38292
G1 X111.23 Y104.201 E.0012
G1 X111.159 Y104.22 E.00208
G1 X111.178 Y104.149 E.00208
;WIDTH:0.439999
G1 X111.584 Y104.274 E.01403
G1 X118.728 Y111.417 E.33355
G1 X118.728 Y110.856 E.01852
G1 X112.147 Y104.274 E.30731
G1 X112.709 Y104.275 E.01856
G1 X118.728 Y110.294 E.28105
G1 X118.728 Y109.733 E.01852
G1 X113.271 Y104.276 E.25481
G1 X113.833 Y104.276 E.01856
G1 X118.728 Y109.171 E.22856
G1 X118.728 Y108.61 E.01852
G1 X114.395 Y104.277 E.20232
G1 X114.957 Y104.277 E.01856
G1 X118.728 Y108.048 E.17608
G1 X118.728 Y107.486 E.01856
G1 X115.519 Y104.278 E.14982
G1 X116.082 Y104.279 E.01859
G1 X118.728 Y106.925 E.12355
G1 X118.728 Y106.363 E.01856
G1 X116.644 Y104.279 E.09731
G1 X117.206 Y104.28 E.01856
G1 X118.728 Y105.802 E.07107
G1 X118.728 Y105.24 E.01856
G1 X117.768 Y104.28 E.04483
G1 X118.33 Y104.281 E.01856
G1 X118.728 Y104.679 E.01858
EXCLUDE_OBJECT_END NAME=Trigger2_holder_stl
;LAYER_CHANGE
;Z:0.8
;HEIGHT:0.2
;BEFORE_LAYER_CHANGE
G92 E0
;0.8


G1 E-1.4 F2700
;WIPE_START
G1 F7200
G1 X118.33 Y104.281 E-.20052
G1 X117.768 Y104.28 E-.20021
G1 X118.163 Y104.676 E-.19927
;WIPE_END
G1 Z.8 F9000
;AFTER_LAYER_CHANGE
;0.8
EXCLUDE_OBJECT_START NAME=Trigger2_holder_stl
G1 X119.006 Y104.006
G1 E2 F2400
;TYPE:Perimeter
;WIDTH:0.44
G1 F1722
G1 X119.006 Y119.999 E.52805
G1 X118.969 Y120.292 E.00975
G1 X118.927 Y120.417 E.00435
G1 X118.795 Y120.644 E.00867
G1 X118.708 Y120.743 E.00435
G1 X118.498 Y120.903 E.00872
G1 X118.255 Y121.002 E.00866
G1 X117.739 Y121.102 E.01735
G1 X117.366 Y121.227 E.01299
G1 X117.012 Y121.399 E.01299
G1 X116.684 Y121.616 E.01299
G1 X116.388 Y121.875 E.01299
G1 X116.127 Y122.17 E.01301
G1 X115.899 Y122.511 E.01354
G1 X115.698 Y122.952 E.016
G1 X115.607 Y123.222 E.00941
G1 X115.53 Y123.607 E.01296
G1 X115.506 Y123.967 E.01191
G1 X115.502 Y127.001 E.10017
G1 X114.513 Y127.003 E.03265
G1 X114.494 Y126.957 E.00164
G1 X114.494 Y123.967 E.09872
G1 X114.47 Y123.607 E.01191
G1 X114.393 Y123.222 E.01296
G1 X114.266 Y122.849 E.01301
G1 X114.092 Y122.497 E.01296
G1 X113.873 Y122.17 E.01299
G1 X113.612 Y121.875 E.01301
G1 X113.316 Y121.616 E.01299
G1 X112.988 Y121.399 E.01299
G1 X112.634 Y121.227 E.01299
G1 X112.261 Y121.102 E.01299
G1 X111.745 Y121.002 E.01735
G1 X111.62 Y120.96 E.00435
G1 X111.392 Y120.83 E.00867
G1 X111.305 Y120.754 E.00381
G1 X111.132 Y120.535 E.00921
G1 X111.073 Y120.417 E.00436
G1 X111.005 Y120.163 E.00868
G1 X110.994 Y104.006 E.53346
G1 X109.994 Y103.994 E.03302
G1 X121.006 Y104.006 E.36359
G1 X119.066 Y104.006 E.06405
G1 X119.403 Y104.403 F9000
G1 F1722
G1 X119.403 Y120.012 E.51537
G1 X119.39 Y120.215 E.00672
G1 X119.354 Y120.396 E.00609
G1 X119.294 Y120.57 E.00608
G1 X119.11 Y120.887 E.0121
G1 X118.849 Y121.146 E.01214
G1 X118.53 Y121.329 E.01214
G1 X118.356 Y121.387 E.00606
G1 X117.84 Y121.487 E.01735
G1 X117.517 Y121.595 E.01124
G1 X117.21 Y121.745 E.01128
G1 X116.926 Y121.933 E.01125
G1 X116.668 Y122.157 E.01128
G1 X116.443 Y122.413 E.01125
G1 X116.247 Y122.705 E.01161
G1 X116.068 Y123.099 E.01429
G1 X115.991 Y123.325 E.00788
G1 X115.924 Y123.66 E.01128
G1 X115.903 Y123.98 E.01059
G1 X115.903 Y126.974 E.09885
G1 X115.876 Y127.137 E.00546
G1 X115.758 Y127.307 E.00683
G1 X115.57 Y127.395 E.00685
G1 X114.526 Y127.403 E.03447
G1 X114.376 Y127.38 E.00501
G1 X114.289 Y127.335 E.00323
G1 X114.181 Y127.241 E.00473
G1 X114.105 Y127.07 E.00618
G1 X114.097 Y123.98 E.10202
G1 X114.076 Y123.66 E.01059
G1 X114.009 Y123.325 E.01128
G1 X113.899 Y123.002 E.01127
G1 X113.748 Y122.696 E.01127
G1 X113.557 Y122.413 E.01127
G1 X113.332 Y122.157 E.01125
G1 X113.074 Y121.933 E.01128
G1 X112.79 Y121.745 E.01125
G1 X112.483 Y121.595 E.01128
G1 X112.16 Y121.487 E.01124
G1 X111.644 Y121.387 E.01735
G1 X111.47 Y121.329 E.00606
G1 X111.151 Y121.146 E.01214
G1 X111.02 Y121.032 E.00573
G1 X110.845 Y120.82 E.00908
G1 X110.706 Y120.57 E.00944
G1 X110.646 Y120.396 E.00608
G1 X110.61 Y120.215 E.00609
G1 X110.597 Y120.012 E.00672
G1 X110.597 Y104.403 E.51537
G1 X109.597 Y104.403 E.03302
G1 X109.597 Y103.597 E.02661
G1 X121.403 Y103.597 E.3898
G1 X121.403 Y104.403 E.02661
G1 X119.463 Y104.403 E.06405
G1 X119.79 Y104.79 F9000
;TYPE:External perimeter
;WIDTH:0.42
G1 F1722
G1 X119.79 Y120.024 E.47765
G1 X119.774 Y120.266 E.0076
G1 X119.728 Y120.496 E.00735
G1 X119.652 Y120.719 E.00739
G1 X119.548 Y120.929 E.00735
G1 X119.417 Y121.124 E.00737
G1 X119.262 Y121.301 E.00738
G1 X119.084 Y121.455 E.00738
G1 X118.888 Y121.585 E.00737
G1 X118.677 Y121.688 E.00736
G1 X118.454 Y121.762 E.00737
G1 X117.939 Y121.862 E.01645
G1 X117.663 Y121.954 E.00912
G1 X117.403 Y122.081 E.00907
G1 X117.161 Y122.242 E.00911
G1 X116.942 Y122.432 E.00909
G1 X116.75 Y122.65 E.00911
G1 X116.586 Y122.894 E.00922
G1 X116.428 Y123.241 E.01195
G1 X116.365 Y123.426 E.00613
G1 X116.309 Y123.71 E.00908
G1 X116.29 Y123.993 E.00889
G1 X116.29 Y126.991 E.094
G1 X116.242 Y127.27 E.00888
G1 X116.105 Y127.507 E.00858
G1 X115.895 Y127.683 E.00859
G1 X115.637 Y127.777 E.00861
G1 X114.509 Y127.79 E.03537
G1 X114.235 Y127.743 E.00872
G1 X114.069 Y127.656 E.00588
G1 X113.891 Y127.501 E.0074
G1 X113.758 Y127.27 E.00836
G1 X113.723 Y127.137 E.00431
G1 X113.71 Y123.993 E.09858
G1 X113.691 Y123.71 E.00889
G1 X113.635 Y123.426 E.00908
G1 X113.541 Y123.151 E.00911
G1 X113.412 Y122.891 E.0091
G1 X113.25 Y122.65 E.0091
G1 X113.058 Y122.432 E.00911
G1 X112.839 Y122.242 E.00909
G1 X112.597 Y122.081 E.00911
G1 X112.337 Y121.954 E.00907
G1 X112.061 Y121.862 E.00912
G1 X111.546 Y121.762 E.01645
G1 X111.323 Y121.688 E.00737
G1 X111.112 Y121.585 E.00736
G1 X110.916 Y121.455 E.00737
G1 X110.741 Y121.303 E.00727
G1 X110.534 Y121.051 E.01023
G1 X110.348 Y120.719 E.01193
G1 X110.272 Y120.496 E.00739
G1 X110.226 Y120.266 E.00735
G1 X110.21 Y120.024 E.0076
G1 X110.21 Y104.79 E.47765
G1 X109.21 Y104.79 E.03135
G1 X109.21 Y103.21 E.04954
G1 X121.79 Y103.21 E.39444
G1 X121.79 Y104.79 E.04954
G1 X119.85 Y104.79 E.06083
G1 E-1.4 F2700
;WIPE_START
G1 F7200
G1 X119.79 Y104.79 E-.02138
G1 X119.79 Y106.414 E-.57862
;WIPE_END
G1 X111.38 Y104.306 F9000
G1 E2 F2400
;TYPE:Solid infill
;WIDTH:0.536088
G1 F1722
G1 X111.336 Y104.262 E.00255
G1 X111.277 Y104.278 E.00251
G1 X111.261 Y104.338 E.00255
G1 X111.304 Y104.381 E.00249
G1 X111.364 Y104.365 E.00255
;WIDTH:0.439999
G1 X111.997 Y104.274 E.02111
G1 X111.273 Y104.999 E.03383
G1 X111.273 Y105.56 E.01852
G1 X112.558 Y104.275 E.06
G1 X113.119 Y104.275 E.01852
G1 X111.274 Y106.121 E.08617
G1 X111.274 Y106.682 E.01852
G1 X113.68 Y104.276 E.11234
G1 X114.241 Y104.277 E.01852
G1 X111.274 Y107.243 E.13852
G1 X111.275 Y107.805 E.01856
G1 X114.802 Y104.277 E.16471
G1 X115.363 Y104.278 E.01852
G1 X111.275 Y108.366 E.19088
G1 X111.275 Y108.927 E.01852
G1 X115.924 Y104.278 E.21708
G1 X116.485 Y104.279 E.01852
G1 X111.276 Y109.488 E.24323
G1 X111.276 Y110.049 E.01852
G1 X117.046 Y104.28 E.2694
G1 X117.607 Y104.28 E.01852
G1 X111.277 Y110.61 E.29557
G1 X111.277 Y111.172 E.01856
G1 X118.168 Y104.281 E.32176
G1 X118.728 Y104.282 E.01849
G1 X111.277 Y111.733 E.34791
G1 X111.278 Y112.294 E.01852
G1 X118.728 Y104.844 E.34787
G1 X118.728 Y105.405 E.01852
G1 X111.278 Y112.855 E.34787
G1 X111.278 Y113.416 E.01852
G1 X118.728 Y105.967 E.34784
G1 X118.728 Y106.528 E.01852
G1 X111.279 Y113.978 E.34784
G1 X111.279 Y114.539 E.01852
G1 X118.728 Y107.09 E.34782
G1 X118.728 Y107.652 E.01856
G1 X111.28 Y115.1 E.34777
G1 X111.28 Y115.661 E.01852
G1 X118.728 Y108.213 E.34777
G1 X118.728 Y108.775 E.01856
G1 X111.28 Y116.222 E.34775
G1 X111.281 Y116.783 E.01852
G1 X118.728 Y109.336 E.34773
G1 X118.728 Y109.898 E.01856
G1 X111.281 Y117.345 E.34773
G1 X111.281 Y117.906 E.01852
G1 X118.728 Y110.459 E.34773
G1 X118.728 Y111.021 E.01856
G1 X111.282 Y118.467 E.34768
G1 X111.282 Y119.028 E.01852
G1 X118.728 Y111.582 E.34768
G1 X118.728 Y112.144 E.01856
G1 X111.283 Y119.589 E.34763
G1 X111.288 Y120.145 E.01836
G1 X118.728 Y112.706 E.34738
G1 X118.728 Y113.267 E.01852
G1 X111.475 Y120.52 E.33867
G1 X111.823 Y120.734 E.01349
G1 X118.728 Y113.829 E.32242
G1 X118.728 Y114.39 E.01852
G1 X112.293 Y120.825 E.30047
G1 X112.718 Y120.962 E.01474
G1 X118.728 Y114.952 E.28063
G1 X118.728 Y115.513 E.01852
G1 X113.098 Y121.144 E.26291
G1 X113.438 Y121.364 E.01337
G1 X118.728 Y116.075 E.24698
G1 X118.728 Y116.636 E.01852
G1 X113.744 Y121.621 E.23274
G1 X114.015 Y121.911 E.01311
G1 X118.728 Y117.198 E.22007
G1 X118.728 Y117.76 E.01856
G1 X114.252 Y122.236 E.209
G1 X114.452 Y122.597 E.01363
G1 X118.728 Y118.321 E.19966
G1 X118.728 Y118.883 E.01856
G1 X114.611 Y122.999 E.19221
G1 E-1.4 F2700
;WIPE_START
G1 F7200
G1 X115.802 Y121.808 E-.6
;WIPE_END
G1 X117.149 Y121.023 F9000
G1 E2 F2400
G1 F1722
G1 X118.728 Y119.444 E.07373
G1 X118.724 Y120.009 E.01866
G1 X117.957 Y120.777 E.03584
G1 X117.837 Y120.851 E.00465
;WIDTH:0.41146
G1 X117.717 Y120.925 E.00432
;WIDTH:0.38292
G1 X117.646 Y120.906 E.00208
G1 X117.665 Y120.977 E.00208
G1 X117.706 Y120.966 E.0012
G1 X116.868 Y121.235 F9000
G1 F1722
G1 X116.263 Y121.758 E.02261
G1 X115.747 Y122.354 E.02229
;WIDTH:0.41146
G1 X115.642 Y122.495 E.00539
;WIDTH:0.439999
G1 X115.537 Y122.635 E.00578
G1 X114.722 Y123.45 E.03806
G1 X114.772 Y123.962 E.01699
G1 X115.276 Y123.458 E.02353
G1 X115.366 Y123.332 E.00511
;WIDTH:0.41146
G1 X115.456 Y123.207 E.00472
;WIDTH:0.38292
G1 X115.415 Y123.218 E.0012
G1 X115.396 Y123.147 E.00208
G1 X115.467 Y123.166 E.00208
G1 X115.228 Y124.067 F9000
;WIDTH:0.439999
G1 F1722
G1 X114.9 Y124.396 E.01534
G1 X115.213 Y124.664 E.01361
;WIDTH:0.468618
G1 X114.949 Y124.883 E.01214
G1 X114.786 Y124.837 E.006
G1 X114.786 Y126.498 E.05879
;WIDTH:0.467708
G1 X114.786 Y126.711 E.00752
G1 X115.21 Y126.71 E.01498
G1 X115.211 Y126.498 E.00749
;WIDTH:0.468618
G1 X115.212 Y124.863 E.05787
EXCLUDE_OBJECT_END NAME=Trigger2_holder_stl
;LAYER_CHANGE
;Z:1
;HEIGHT:0.2
;BEFORE_LAYER_CHANGE
G92 E0
;1


G1 E-1.4 F2700
;WIPE_START
G1 F7200
G1 X115.211 Y126.498 E-.58247
;WIPE_END
G1 E-.01753 F2700
G1 Z1 F9000
;AFTER_LAYER_CHANGE
;1
EXCLUDE_OBJECT_START NAME=Trigger2_holder_stl
G1 X119.006 Y104.006
G1 E2 F2400
;TYPE:Perimeter
;WIDTH:0.44
G1 F1732
G1 X119.006 Y119.999 E.52805
G1 X118.969 Y120.292 E.00975
G1 X118.927 Y120.417 E.00435
G1 X118.795 Y120.644 E.00867
G1 X118.708 Y120.743 E.00435
G1 X118.498 Y120.903 E.00872
G1 X118.255 Y121.002 E.00866
G1 X117.739 Y121.102 E.01735
G1 X117.366 Y121.227 E.01299
G1 X117.012 Y121.399 E.01299
G1 X116.684 Y121.616 E.01299
G1 X116.388 Y121.875 E.01299
G1 X116.127 Y122.17 E.01301
G1 X115.908 Y122.497 E.01299
G1 X115.734 Y122.849 E.01296
G1 X115.607 Y123.222 E.01301
G1 X115.53 Y123.607 E.01296
G1 X115.506 Y123.967 E.01191
G1 X115.502 Y127.001 E.10017
G1 X114.515 Y127.003 E.03259
G1 X114.494 Y126.957 E.00167
G1 X114.494 Y123.967 E.09872
G1 X114.47 Y123.607 E.01191
G1 X114.393 Y123.222 E.01296
G1 X114.266 Y122.849 E.01301
G1 X114.092 Y122.497 E.01296
G1 X113.873 Y122.17 E.01299
G1 X113.612 Y121.875 E.01301
G1 X113.316 Y121.616 E.01299
G1 X112.988 Y121.399 E.01299
G1 X112.634 Y121.227 E.01299
G1 X112.261 Y121.102 E.01299
G1 X111.745 Y121.002 E.01735
G1 X111.62 Y120.96 E.00435
G1 X111.392 Y120.83 E.00867
G1 X111.205 Y120.644 E.00871
G1 X111.132 Y120.535 E.00433
G1 X111.073 Y120.417 E.00436
G1 X111.005 Y120.163 E.00868
G1 X110.994 Y104.006 E.53346
G1 X109.994 Y103.994 E.03302
G1 X121.006 Y104.006 E.36359
G1 X119.066 Y104.006 E.06405
G1 X119.403 Y104.403 F9000
G1 F1732
G1 X119.403 Y120.012 E.51537
G1 X119.39 Y120.215 E.00672
G1 X119.354 Y120.396 E.00609
G1 X119.212 Y120.735 E.01214
G1 X119.11 Y120.887 E.00604
G1 X118.849 Y121.146 E.01214
G1 X118.53 Y121.329 E.01214
G1 X118.356 Y121.387 E.00606
G1 X117.84 Y121.487 E.01735
G1 X117.517 Y121.595 E.01124
G1 X117.21 Y121.745 E.01128
G1 X116.926 Y121.933 E.01125
G1 X116.668 Y122.157 E.01128
G1 X116.443 Y122.413 E.01125
G1 X116.252 Y122.696 E.01127
G1 X116.101 Y123.002 E.01127
G1 X115.991 Y123.325 E.01127
G1 X115.924 Y123.66 E.01128
G1 X115.903 Y123.98 E.01059
G1 X115.903 Y126.974 E.09885
G1 X115.876 Y127.137 E.00546
G1 X115.758 Y127.307 E.00683
G1 X115.57 Y127.395 E.00685
G1 X114.526 Y127.403 E.03447
G1 X114.379 Y127.381 E.00491
G1 X114.279 Y127.327 E.00375
G1 X114.182 Y127.242 E.00426
G1 X114.105 Y127.07 E.00622
G1 X114.097 Y123.98 E.10202
G1 X114.076 Y123.66 E.01059
G1 X114.009 Y123.325 E.01128
G1 X113.899 Y123.002 E.01127
G1 X113.748 Y122.696 E.01127
G1 X113.557 Y122.413 E.01127
G1 X113.332 Y122.157 E.01125
G1 X113.074 Y121.933 E.01128
G1 X112.79 Y121.745 E.01125
G1 X112.483 Y121.595 E.01128
G1 X112.16 Y121.487 E.01124
G1 X111.644 Y121.387 E.01735
G1 X111.47 Y121.329 E.00606
G1 X111.151 Y121.146 E.01214
G1 X110.89 Y120.887 E.01214
G1 X110.788 Y120.735 E.00604
G1 X110.646 Y120.396 E.01214
G1 X110.61 Y120.215 E.00609
G1 X110.597 Y120.012 E.00672
G1 X110.597 Y104.403 E.51537
G1 X109.597 Y104.403 E.03302
G1 X109.597 Y103.597 E.02661
G1 X121.403 Y103.597 E.3898
G1 X121.403 Y104.403 E.02661
G1 X119.463 Y104.403 E.06405
G1 X119.79 Y104.79 F9000
;TYPE:External perimeter
;WIDTH:0.42
G1 F1732
G1 X119.79 Y120.024 E.47765
G1 X119.774 Y120.266 E.0076
G1 X119.728 Y120.496 E.00735
G1 X119.652 Y120.719 E.00739
G1 X119.548 Y120.929 E.00735
G1 X119.417 Y121.124 E.00737
G1 X119.262 Y121.301 E.00738
G1 X119.084 Y121.455 E.00738
G1 X118.888 Y121.585 E.00737
G1 X118.677 Y121.688 E.00736
G1 X118.454 Y121.762 E.00737
G1 X117.939 Y121.862 E.01645
G1 X117.663 Y121.954 E.00912
G1 X117.403 Y122.081 E.00907
G1 X117.161 Y122.242 E.00911
G1 X116.942 Y122.432 E.00909
G1 X116.75 Y122.65 E.00911
G1 X116.588 Y122.891 E.0091
G1 X116.459 Y123.151 E.0091
G1 X116.365 Y123.426 E.00911
G1 X116.309 Y123.71 E.00908
G1 X116.29 Y123.993 E.00889
G1 X116.29 Y126.991 E.094
G1 X116.242 Y127.27 E.00888
G1 X116.105 Y127.507 E.00858
G1 X115.895 Y127.683 E.00859
G1 X115.637 Y127.777 E.00861
G1 X114.509 Y127.79 E.03537
G1 X114.236 Y127.743 E.00869
G1 X114.056 Y127.647 E.0064
G1 X113.892 Y127.502 E.00686
G1 X113.758 Y127.27 E.0084
G1 X113.723 Y127.137 E.00431
G1 X113.71 Y123.993 E.09858
G1 X113.691 Y123.71 E.00889
G1 X113.635 Y123.426 E.00908
G1 X113.541 Y123.151 E.00911
G1 X113.412 Y122.891 E.0091
G1 X113.25 Y122.65 E.0091
G1 X113.058 Y122.432 E.00911
G1 X112.839 Y122.242 E.00909
G1 X112.597 Y122.081 E.00911
G1 X112.337 Y121.954 E.00907
G1 X112.061 Y121.862 E.00912
G1 X111.546 Y121.762 E.01645
G1 X111.323 Y121.688 E.00737
G1 X111.112 Y121.585 E.00736
G1 X110.916 Y121.455 E.00737
G1 X110.738 Y121.301 E.00738
G1 X110.583 Y121.124 E.00738
G1 X110.452 Y120.929 E.00737
G1 X110.348 Y120.719 E.00735
G1 X110.272 Y120.496 E.00739
G1 X110.226 Y120.266 E.00735
G1 X110.21 Y120.024 E.0076
G1 X110.21 Y104.79 E.47765
G1 X109.21 Y104.79 E.03135
G1 X109.21 Y103.21 E.04954
G1 X121.79 Y103.21 E.39444
G1 X121.79 Y104.79 E.04954
G1 X119.85 Y104.79 E.06083
G1 X118.907 Y105.946 F9000
;TYPE:Internal infill
;WIDTH:0.44
G1 F1732
G1 X118.317 Y105.356 E.02755
G1 X117.748 Y105.356 E.01879
G1 X118.728 Y106.336 E.04576
G1 X118.728 Y106.904 E.01875
G1 X117.179 Y105.356 E.0723
G1 X116.61 Y105.356 E.01879
G1 X118.728 Y107.473 E.09887
G1 X118.728 Y108.042 E.01879
G1 X114.963 Y104.277 E.1758
G1 X114.488 Y104.277 E.01568
G1 X114.488 Y104.371 E.0031
G1 X118.728 Y108.611 E.19798
G1 X118.728 Y109.18 E.01879
G1 X114.488 Y104.94 E.19798
G1 X114.488 Y105.111 E.00565
G1 X114.289 Y105.31 E.00929
G1 X118.728 Y109.748 E.20725
G1 X118.728 Y110.317 E.01879
G1 X113.766 Y105.356 E.23167
G1 X113.197 Y105.356 E.01879
G1 X118.728 Y110.886 E.25824
G1 X118.728 Y111.455 E.01879
G1 X112.629 Y105.356 E.28478
G1 X112.06 Y105.356 E.01879
G1 X118.728 Y112.024 E.31135
G1 X118.728 Y112.592 E.01875
G1 X111.491 Y105.356 E.3379
G1 X111.273 Y105.356 E.0072
G1 X111.273 Y105.707 E.01159
G1 X118.728 Y113.161 E.34808
G1 X118.728 Y113.73 E.01879
G1 X111.274 Y106.276 E.34805
G1 X111.274 Y106.845 E.01879
G1 X118.728 Y114.299 E.34805
G1 X118.728 Y114.868 E.01879
G1 X111.274 Y107.414 E.34805
G1 X111.275 Y107.983 E.01879
G1 X118.728 Y115.436 E.34801
G1 X118.728 Y116.005 E.01879
G1 X111.275 Y108.552 E.34801
G1 X111.276 Y109.122 E.01882
G1 X118.728 Y116.574 E.34796
G1 X118.728 Y117.143 E.01879
G1 X111.276 Y109.691 E.34796
G1 X111.276 Y110.26 E.01879
G1 X118.728 Y117.711 E.34794
G1 X118.728 Y118.28 E.01879
G1 X111.277 Y110.829 E.34791
G1 X111.277 Y111.398 E.01879
G1 X118.728 Y118.849 E.34791
G1 X118.728 Y119.418 E.01879
G1 X111.277 Y111.967 E.34791
G1 X111.278 Y112.537 E.01882
G1 X118.727 Y119.986 E.34782
G1 X118.697 Y120.229 E.00808
G1 X118.599 Y120.427 E.00729
G1 X111.278 Y113.106 E.34184
G1 X111.279 Y113.675 E.01879
G1 X118.291 Y120.687 E.32741
G1 X117.835 Y120.8 E.01551
G1 X111.279 Y114.244 E.30612
G1 X111.279 Y114.813 E.01879
G1 X117.391 Y120.925 E.28539
G1 X116.995 Y121.098 E.01427
G1 X111.28 Y115.382 E.26688
G1 X111.28 Y115.952 E.01882
G1 X116.641 Y121.312 E.2503
G1 X116.323 Y121.563 E.01338
G1 X111.28 Y116.521 E.23545
G1 X111.281 Y117.09 E.01879
G1 X116.04 Y121.849 E.22221
G1 X115.792 Y122.17 E.01339
G1 X111.281 Y117.659 E.21063
G1 X111.282 Y118.228 E.01879
G1 X115.582 Y122.529 E.20081
G1 X115.413 Y122.928 E.01431
G1 X111.282 Y118.797 E.19289
G1 X111.282 Y119.367 E.01882
G1 X115.292 Y123.376 E.18722
G1 X115.233 Y123.886 E.01695
G1 X114.704 Y123.357 E.0247
G1 X114.772 Y123.994 E.02115
G1 X115.227 Y124.449 E.02125
G1 X115.227 Y125.017 E.01875
G1 X114.772 Y124.563 E.02122
G1 X114.772 Y125.132 E.01879
G1 X115.226 Y125.585 E.02118
G1 X115.225 Y126.153 E.01875
G1 X114.772 Y125.7 E.02115
G1 X114.772 Y126.269 E.01879
G1 X115.403 Y126.9 E.02946
G1 E-1.4 F2700
;WIPE_START
G1 F7200
G1 X114.772 Y126.269 E-.31791
G1 X114.772 Y125.7 E-.20271
G1 X114.93 Y125.858 E-.07938
;WIPE_END
G1 X112.386 Y121.039 F9000
G1 E2 F2400
G1 F1732
G1 X111.104 Y119.757 E.05986
G1 E-1.4 F2700
;WIPE_START
G1 F7200
G1 X112.295 Y120.948 E-.6
;WIPE_END
G1 X111.344 Y104.345 F9000
G1 E2 F2400
;TYPE:Solid infill
;WIDTH:0.583749
G1 F1732
G1 X111.345 Y104.887 E.02437
G1 X113.75 Y104.887 E.10815
;WIDTH:0.582616
G1 X114.02 Y104.887 E.01212
G1 X114.02 Y104.348 E.02419
G1 X113.75 Y104.347 E.01212
;WIDTH:0.583749
G1 X111.543 Y104.346 E.09925
G1 E-1.4 F2700
;WIPE_START
G1 F7200
G1 X113.227 Y104.347 E-.6
;WIPE_END
G1 X115.354 Y104.099 F9000
G1 E2 F2400
;TYPE:Internal infill
;WIDTH:0.44
G1 F1732
G1 X115.931 Y104.676 E.02694
G1 X116.22 Y104.349 F9000
;TYPE:Solid infill
;WIDTH:0.581162
G1 F1732
G1 X116.22 Y104.888 E.02412
G1 X118.389 Y104.888 E.09707
;WIDTH:0.580154
G1 X118.658 Y104.888 E.01202
G1 X118.658 Y104.351 E.02399
G1 X118.389 Y104.351 E.01202
;WIDTH:0.581162
G1 X116.418 Y104.35 E.08821
EXCLUDE_OBJECT_END NAME=Trigger2_holder_stl
;LAYER_CHANGE
;Z:1.2
;HEIGHT:0.2
;BEFORE_LAYER_CHANGE
G92 E0
;1.2


G1 E-1.4 F2700
;WIPE_START
G1 F7200
G1 X118.103 Y104.351 E-.6
;WIPE_END
G1 Z1.2 F9000
;AFTER_LAYER_CHANGE
;1.2
EXCLUDE_OBJECT_START NAME=Trigger2_holder_stl
G1 X119.006 Y104.006
G1 E2 F2400
;TYPE:Perimeter
;WIDTH:0.44
G1 F1785
G1 X119.006 Y119.999 E.52805
G1 X118.969 Y120.292 E.00975
G1 X118.868 Y120.535 E.00869
G1 X118.795 Y120.644 E.00433
G1 X118.708 Y120.743 E.00435
G1 X118.498 Y120.903 E.00872
G1 X118.255 Y121.002 E.00866
G1 X117.739 Y121.102 E.01735
G1 X117.366 Y121.227 E.01299
G1 X117.012 Y121.399 E.01299
G1 X116.684 Y121.616 E.01299
G1 X116.388 Y121.875 E.01299
G1 X116.128 Y122.17 E.01298
G1 X115.895 Y122.516 E.01377
G1 X115.661 Y123.049 E.01922
G1 X115.531 Y123.587 E.01827
G1 X115.506 Y123.967 E.01257
G1 X115.502 Y127.001 E.10017
G1 X114.499 Y127.002 E.03312
G1 X114.494 Y123.967 E.10021
G1 X114.47 Y123.607 E.01191
G1 X114.393 Y123.222 E.01296
G1 X114.266 Y122.849 E.01301
G1 X114.092 Y122.497 E.01296
G1 X113.873 Y122.17 E.01299
G1 X113.612 Y121.875 E.01301
G1 X113.316 Y121.616 E.01299
G1 X112.988 Y121.399 E.01299
G1 X112.634 Y121.227 E.01299
G1 X112.261 Y121.102 E.01299
G1 X111.745 Y121.002 E.01735
G1 X111.62 Y120.96 E.00435
G1 X111.392 Y120.83 E.00867
G1 X111.205 Y120.644 E.00871
G1 X111.132 Y120.535 E.00433
G1 X111.073 Y120.417 E.00436
G1 X111.005 Y120.163 E.00868
G1 X110.994 Y104.006 E.53346
G1 X109.994 Y103.994 E.03302
G1 X121.006 Y104.006 E.36359
G1 X119.066 Y104.006 E.06405
G1 X119.403 Y104.403 F9000
G1 F1785
G1 X119.403 Y120.012 E.51537
G1 X119.39 Y120.215 E.00672
G1 X119.354 Y120.396 E.00609
G1 X119.212 Y120.735 E.01214
G1 X119.11 Y120.887 E.00604
G1 X118.849 Y121.146 E.01214
G1 X118.53 Y121.329 E.01214
G1 X118.356 Y121.387 E.00606
G1 X117.84 Y121.487 E.01735
G1 X117.517 Y121.595 E.01124
G1 X117.21 Y121.745 E.01128
G1 X116.926 Y121.933 E.01125
G1 X116.668 Y122.157 E.01128
G1 X116.443 Y122.413 E.01125
G1 X116.245 Y122.708 E.01173
G1 X116.039 Y123.177 E.01691
G1 X115.925 Y123.647 E.01597
G1 X115.903 Y123.98 E.01102
G1 X115.903 Y126.974 E.09885
G1 X115.876 Y127.137 E.00546
G1 X115.758 Y127.307 E.00683
G1 X115.57 Y127.395 E.00685
G1 X114.526 Y127.403 E.03447
G1 X114.363 Y127.376 E.00546
G1 X114.193 Y127.258 E.00683
G1 X114.105 Y127.07 E.00685
G1 X114.097 Y123.98 E.10202
G1 X114.076 Y123.66 E.01059
G1 X114.009 Y123.325 E.01128
G1 X113.899 Y123.002 E.01127
G1 X113.748 Y122.696 E.01127
G1 X113.557 Y122.413 E.01127
G1 X113.332 Y122.157 E.01125
G1 X113.074 Y121.933 E.01128
G1 X112.79 Y121.745 E.01125
G1 X112.483 Y121.595 E.01128
G1 X112.16 Y121.487 E.01124
G1 X111.644 Y121.387 E.01735
G1 X111.47 Y121.329 E.00606
G1 X111.151 Y121.146 E.01214
G1 X110.89 Y120.887 E.01214
G1 X110.788 Y120.735 E.00604
G1 X110.646 Y120.396 E.01214
G1 X110.61 Y120.215 E.00609
G1 X110.597 Y120.012 E.00672
G1 X110.597 Y104.403 E.51537
G1 X109.597 Y104.403 E.03302
G1 X109.597 Y103.597 E.02661
G1 X121.403 Y103.597 E.3898
G1 X121.403 Y104.403 E.02661
G1 X119.463 Y104.403 E.06405
G1 X119.79 Y104.79 F9000
;TYPE:External perimeter
;WIDTH:0.42
G1 F1785
G1 X119.79 Y120.024 E.47765
G1 X119.774 Y120.266 E.0076
G1 X119.728 Y120.496 E.00735
G1 X119.652 Y120.719 E.00739
G1 X119.548 Y120.929 E.00735
G1 X119.417 Y121.124 E.00737
G1 X119.262 Y121.301 E.00738
G1 X119.084 Y121.455 E.00738
G1 X118.888 Y121.585 E.00737
G1 X118.677 Y121.688 E.00736
G1 X118.454 Y121.762 E.00737
G1 X117.939 Y121.862 E.01645
G1 X117.663 Y121.954 E.00912
G1 X117.403 Y122.081 E.00907
G1 X117.161 Y122.242 E.00911
G1 X116.942 Y122.432 E.00909
G1 X116.75 Y122.65 E.00911
G1 X116.585 Y122.895 E.00926
G1 X116.407 Y123.301 E.0139
G1 X116.309 Y123.706 E.01306
G1 X116.29 Y123.993 E.00902
G1 X116.29 Y126.991 E.094
G1 X116.242 Y127.27 E.00888
G1 X116.105 Y127.507 E.00858
G1 X115.895 Y127.683 E.00859
G1 X115.637 Y127.777 E.00861
G1 X114.509 Y127.79 E.03537
G1 X114.23 Y127.742 E.00888
G1 X114.105 Y127.683 E.00433
G1 X113.895 Y127.507 E.00859
G1 X113.758 Y127.27 E.00858
G1 X113.723 Y127.137 E.00431
G1 X113.71 Y123.993 E.09858
G1 X113.691 Y123.71 E.00889
G1 X113.635 Y123.426 E.00908
G1 X113.541 Y123.151 E.00911
G1 X113.412 Y122.891 E.0091
G1 X113.25 Y122.65 E.0091
G1 X113.058 Y122.432 E.00911
G1 X112.839 Y122.242 E.00909
G1 X112.597 Y122.081 E.00911
G1 X112.337 Y121.954 E.00907
G1 X112.061 Y121.862 E.00912
G1 X111.546 Y121.762 E.01645
G1 X111.323 Y121.688 E.00737
G1 X111.112 Y121.585 E.00736
G1 X110.916 Y121.455 E.00737
G1 X110.738 Y121.301 E.00738
G1 X110.583 Y121.124 E.00738
G1 X110.452 Y120.929 E.00737
G1 X110.348 Y120.719 E.00735
G1 X110.272 Y120.496 E.00739
G1 X110.226 Y120.266 E.00735
G1 X110.21 Y120.024 E.0076
G1 X110.21 Y104.79 E.47765
G1 X109.21 Y104.79 E.03135
G1 X109.21 Y103.21 E.04954
G1 X121.79 Y103.21 E.39444
G1 X121.79 Y104.79 E.04954
G1 X119.85 Y104.79 E.06083
G1 E-1.4 F2700
;WIPE_START
G1 F7200
G1 X119.79 Y104.79 E-.02138
G1 X119.79 Y106.414 E-.57862
;WIPE_END
G1 X116.485 Y104.279 F9000
G1 E2 F2400
;TYPE:Solid infill
;WIDTH:0.439999
G1 F1785
G1 X115.949 Y104.815 E.02503
G1 E-1.4 F2700
;WIPE_START
G1 F7200
G1 X116.485 Y104.279 E-.27004
;WIPE_END
G1 E-.32996 F2700
G1 X111.38 Y104.306 F9000
G1 E2 F2400
;WIDTH:0.536088
G1 F1785
G1 X111.336 Y104.262 E.00255
G1 X111.277 Y104.278 E.00251
G1 X111.261 Y104.338 E.00255
G1 X111.304 Y104.381 E.00249
G1 X111.364 Y104.365 E.00255
;WIDTH:0.439999
G1 X111.997 Y104.274 E.02111
G1 X111.273 Y104.999 E.03383
G1 X111.273 Y105.56 E.01852
G1 X112.558 Y104.275 E.06
G1 X113.119 Y104.275 E.01852
G1 X111.274 Y106.121 E.08617
G1 X111.274 Y106.682 E.01852
G1 X113.68 Y104.276 E.11234
G1 X114.306 Y104.143 E.02113
;WIDTH:0.38292
G1 X114.235 Y104.124 E.00208
G1 X114.254 Y104.195 E.00208
G1 X114.295 Y104.184 E.0012
;WIDTH:0.41146
G1 X114.219 Y104.279 E.00373
;WIDTH:0.439999
G1 X114.143 Y104.375 E.00404
G1 X111.274 Y107.243 E.13394
G1 X111.275 Y107.805 E.01856
G1 X114.17 Y104.909 E.1352
G1 X114.545 Y105.095 E.01382
G1 X111.275 Y108.366 E.15271
G1 X111.275 Y108.927 E.01852
G1 X115.107 Y105.095 E.17893
G1 X115.669 Y105.095 E.01856
G1 X111.276 Y109.488 E.20512
G1 X111.276 Y110.049 E.01852
G1 X117.046 Y104.28 E.2694
G1 X117.607 Y104.28 E.01852
G1 X111.277 Y110.61 E.29557
G1 X111.277 Y111.172 E.01856
G1 X118.168 Y104.281 E.32176
G1 X118.728 Y104.282 E.01849
G1 X111.277 Y111.733 E.34791
G1 X111.278 Y112.294 E.01852
G1 X118.728 Y104.844 E.34787
G1 X118.728 Y105.405 E.01852
G1 X111.278 Y112.855 E.34787
G1 X111.278 Y113.416 E.01852
G1 X118.728 Y105.967 E.34784
G1 X118.728 Y106.528 E.01852
G1 X111.279 Y113.978 E.34784
G1 X111.279 Y114.539 E.01852
G1 X118.728 Y107.09 E.34782
G1 X118.728 Y107.652 E.01856
G1 X111.28 Y115.1 E.34777
G1 X111.28 Y115.661 E.01852
G1 X118.728 Y108.213 E.34777
G1 X118.728 Y108.775 E.01856
G1 X111.28 Y116.222 E.34775
G1 X111.281 Y116.783 E.01852
G1 X118.728 Y109.336 E.34773
G1 X118.728 Y109.898 E.01856
G1 X111.281 Y117.345 E.34773
G1 X111.281 Y117.906 E.01852
G1 X118.728 Y110.459 E.34773
G1 X118.728 Y111.021 E.01856
G1 X111.282 Y118.467 E.34768
G1 X111.282 Y119.028 E.01852
G1 X118.728 Y111.582 E.34768
G1 X118.728 Y112.144 E.01856
G1 X111.283 Y119.589 E.34763
G1 X111.288 Y120.145 E.01836
G1 X118.728 Y112.706 E.34738
G1 X118.728 Y113.267 E.01852
G1 X111.475 Y120.52 E.33867
G1 X111.823 Y120.734 E.01349
G1 X118.728 Y113.829 E.32242
G1 X118.728 Y114.39 E.01852
G1 X112.293 Y120.825 E.30047
G1 X112.718 Y120.962 E.01474
G1 X118.728 Y114.952 E.28063
G1 X118.728 Y115.513 E.01852
G1 X113.098 Y121.143 E.26288
G1 X113.438 Y121.364 E.01339
G1 X118.728 Y116.075 E.24698
G1 X118.728 Y116.636 E.01852
G1 X113.744 Y121.621 E.23274
G1 X114.015 Y121.911 E.01311
G1 X118.728 Y117.198 E.22007
G1 X118.728 Y117.76 E.01856
G1 X114.252 Y122.236 E.209
G1 X114.452 Y122.597 E.01363
G1 X118.728 Y118.321 E.19966
G1 X118.728 Y118.883 E.01856
G1 X114.611 Y122.999 E.19221
G1 E-1.4 F2700
;WIPE_START
G1 F7200
G1 X115.802 Y121.808 E-.6
;WIPE_END
G1 X117.149 Y121.023 F9000
G1 E2 F2400
G1 F1785
G1 X118.728 Y119.444 E.07373
G1 X118.724 Y120.009 E.01866
G1 X117.957 Y120.777 E.03584
G1 X117.837 Y120.851 E.00465
;WIDTH:0.41146
G1 X117.717 Y120.925 E.00432
;WIDTH:0.38292
G1 X117.646 Y120.906 E.00208
G1 X117.665 Y120.977 E.00208
G1 X117.706 Y120.966 E.0012
;WIDTH:0.439999
G1 X118.412 Y120.744 E.02444
;WIDTH:0.38292
G1 X118.705 Y120.452 E.01169
G1 E-1.4 F2700
;WIPE_START
G1 F7200
G1 X118.412 Y120.744 E-.14737
;WIPE_END
G1 E-.45263 F2700
G1 X116.868 Y121.235 F9000
G1 E2 F2400
G1 F1785
G1 X116.263 Y121.758 E.02261
G1 X115.75 Y122.35 E.02215
;WIDTH:0.41146
G1 X115.646 Y122.49 E.00534
;WIDTH:0.439999
G1 X115.541 Y122.631 E.0058
G1 X114.722 Y123.45 E.03824
G1 X114.772 Y123.962 E.01699
G1 X115.276 Y123.457 E.02356
G1 X115.37 Y123.332 E.00516
;WIDTH:0.41146
G1 X115.464 Y123.207 E.00479
;WIDTH:0.38292
G1 X115.423 Y123.218 E.0012
G1 X115.404 Y123.146 E.00211
G1 X115.475 Y123.166 E.00209
G1 X115.228 Y124.067 F9000
;WIDTH:0.439999
G1 F1785
G1 X114.9 Y124.396 E.01534
G1 X115.213 Y124.663 E.01358
;WIDTH:0.467669
G1 X114.95 Y124.883 E.01211
G1 X114.787 Y124.837 E.00598
G1 X114.789 Y126.5 E.05873
;WIDTH:0.465562
G1 X114.79 Y126.711 E.00742
G1 X115.212 Y126.71 E.01483
G1 X115.212 Y126.5 E.00738
;WIDTH:0.467669
G1 X115.213 Y124.862 E.05785
G1 E-1.4 F2700
;WIPE_START
G1 F7200
G1 X115.212 Y126.5 E-.58354
;WIPE_END
G1 E-.01646 F2700
G1 X115.336 Y104.877 F9000
G1 E2 F2400
;TYPE:Internal infill
;WIDTH:0.44
G1 F1785
G1 X115.552 Y104.661 E.01009
G1 X115.552 Y104.278 E.01265
G1 X115.261 Y104.278 E.00961
G1 X114.841 Y104.698 E.01961
G1 X114.54 Y104.698 E.00994
G1 X114.54 Y104.325 E.01232
G1 X114.767 Y104.098 E.0106
EXCLUDE_OBJECT_END NAME=Trigger2_holder_stl
;LAYER_CHANGE
;Z:1.4
;HEIGHT:0.2
;BEFORE_LAYER_CHANGE
G92 E0
;1.4


G1 E-1.4 F2700
;WIPE_START
G1 F7200
G1 X114.54 Y104.325 E-.11437
G1 X114.54 Y104.698 E-.13288
G1 X114.841 Y104.698 E-.10723
G1 X115.261 Y104.278 E-.2116
G1 X115.356 Y104.278 E-.03392
;WIPE_END
G1 Z1.4 F9000
;AFTER_LAYER_CHANGE
;1.4
EXCLUDE_OBJECT_START NAME=Trigger2_holder_stl
G1 X111.203 Y104.21
G1 E2 F2400
;TYPE:Perimeter
G1 F1779
G1 X111.203 Y104.994 E.02589
G1 X113.611 Y104.994 E.07951
G1 X113.611 Y103.994 E.03302
G1 X116.514 Y103.994 E.09585
G1 X116.514 Y104.994 E.03302
G1 X119.006 Y104.994 E.08228
G1 X118.995 Y120.163 E.50084
G1 X118.927 Y120.417 E.00868
G1 X118.868 Y120.535 E.00436
G1 X118.795 Y120.644 E.00433
G1 X118.608 Y120.83 E.00871
G1 X118.38 Y120.96 E.00867
G1 X118.255 Y121.002 E.00435
G1 X117.739 Y121.102 E.01735
G1 X117.366 Y121.227 E.01299
G1 X117.012 Y121.399 E.01299
G1 X116.684 Y121.616 E.01299
G1 X116.388 Y121.875 E.01299
G1 X116.127 Y122.17 E.01301
G1 X115.908 Y122.497 E.01299
G1 X115.734 Y122.849 E.01296
G1 X115.607 Y123.222 E.01301
G1 X115.53 Y123.607 E.01296
G1 X115.506 Y123.967 E.01191
G1 X115.5 Y127.002 E.10021
G1 X114.498 Y127.001 E.03308
G1 X114.494 Y123.967 E.10017
G1 X114.47 Y123.607 E.01191
G1 X114.393 Y123.222 E.01296
G1 X114.266 Y122.849 E.01301
G1 X114.092 Y122.497 E.01296
G1 X113.873 Y122.17 E.01299
G1 X113.612 Y121.875 E.01301
G1 X113.316 Y121.616 E.01299
G1 X112.988 Y121.399 E.01299
G1 X112.634 Y121.227 E.01299
G1 X112.261 Y121.102 E.01299
G1 X111.745 Y121.002 E.01735
G1 X111.62 Y120.96 E.00435
G1 X111.392 Y120.83 E.00867
G1 X111.205 Y120.644 E.00871
G1 X111.132 Y120.535 E.00433
G1 X111.055 Y120.363 E.00622
G1 X111.004 Y120.146 E.00736
G1 X110.994 Y104.006 E.5329
G1 X109.994 Y103.994 E.03302
G1 X111.203 Y103.994 E.03992
G1 X111.203 Y104.15 E.00515
G1 E-1.4 F2700
;WIPE_START
G1 F7200
G1 X111.203 Y104.21 E-.02138
G1 X111.203 Y104.994 E-.2793
G1 X112.043 Y104.994 E-.29932
;WIPE_END
G1 X119.648 Y103.994 F9000
G1 E2 F2400
G1 F1779
G1 X121.006 Y104.006 E.04484
G1 X119.708 Y103.995 E.04286
G1 X119.251 Y104.597 F9000
G1 F1779
G1 X119.251 Y103.597 E.03302
G1 X121.403 Y103.597 E.07105
G1 X121.403 Y104.403 E.02661
G1 X119.403 Y104.403 E.06603
G1 X119.403 Y120.012 E.51537
G1 X119.39 Y120.215 E.00672
G1 X119.354 Y120.396 E.00609
G1 X119.212 Y120.735 E.01214
G1 X119.11 Y120.887 E.00604
G1 X118.849 Y121.146 E.01214
G1 X118.53 Y121.329 E.01214
G1 X118.356 Y121.387 E.00606
G1 X117.84 Y121.487 E.01735
G1 X117.517 Y121.595 E.01124
G1 X117.21 Y121.745 E.01128
G1 X116.926 Y121.933 E.01125
G1 X116.668 Y122.157 E.01128
G1 X116.443 Y122.413 E.01125
G1 X116.252 Y122.696 E.01127
G1 X116.101 Y123.002 E.01127
G1 X115.991 Y123.325 E.01127
G1 X115.924 Y123.66 E.01128
G1 X115.903 Y123.98 E.01059
G1 X115.895 Y127.07 E.10202
G1 X115.807 Y127.258 E.00685
G1 X115.7 Y127.347 E.0046
G1 X115.57 Y127.395 E.00458
G1 X114.43 Y127.395 E.03764
G1 X114.242 Y127.307 E.00685
G1 X114.124 Y127.137 E.00683
G1 X114.097 Y126.974 E.00546
G1 X114.097 Y123.98 E.09885
G1 X114.076 Y123.66 E.01059
G1 X114.009 Y123.325 E.01128
G1 X113.899 Y123.002 E.01127
G1 X113.748 Y122.696 E.01127
G1 X113.557 Y122.413 E.01127
G1 X113.332 Y122.157 E.01125
G1 X113.074 Y121.933 E.01128
G1 X112.79 Y121.745 E.01125
G1 X112.483 Y121.595 E.01128
G1 X112.16 Y121.487 E.01124
G1 X111.644 Y121.387 E.01735
G1 X111.47 Y121.329 E.00606
G1 X111.151 Y121.146 E.01214
G1 X110.89 Y120.887 E.01214
G1 X110.788 Y120.735 E.00604
G1 X110.673 Y120.473 E.00945
G1 X110.61 Y120.205 E.00909
G1 X110.597 Y120.012 E.00639
G1 X110.597 Y104.403 E.51537
G1 X109.597 Y104.403 E.03302
G1 X109.597 Y103.597 E.02661
G1 X111.6 Y103.597 E.06613
G1 X111.6 Y104.597 E.03302
G1 X113.213 Y104.597 E.05326
G1 X113.213 Y103.597 E.03302
G1 X116.911 Y103.597 E.1221
G1 X116.911 Y104.597 E.03302
G1 X119.191 Y104.597 E.07528
G1 E-1.4 F2700
;WIPE_START
G1 F7200
G1 X119.251 Y104.597 E-.02138
G1 X119.251 Y103.597 E-.35625
G1 X119.875 Y103.597 E-.22237
;WIPE_END
G1 X117.298 Y104.21 F9000
G1 E2 F2400
;TYPE:External perimeter
;WIDTH:0.42
G1 F1779
G1 X118.864 Y104.21 E.0491
G1 X118.864 Y103.21 E.03135
G1 X121.79 Y103.21 E.09174
G1 X121.79 Y104.79 E.04954
G1 X119.79 Y104.79 E.06271
G1 X119.79 Y120.024 E.47765
G1 X119.774 Y120.266 E.0076
G1 X119.728 Y120.496 E.00735
G1 X119.652 Y120.719 E.00739
G1 X119.548 Y120.929 E.00735
G1 X119.417 Y121.124 E.00737
G1 X119.262 Y121.301 E.00738
G1 X119.084 Y121.455 E.00738
G1 X118.888 Y121.585 E.00737
G1 X118.677 Y121.688 E.00736
G1 X118.454 Y121.762 E.00737
G1 X117.939 Y121.862 E.01645
G1 X117.663 Y121.954 E.00912
G1 X117.403 Y122.081 E.00907
G1 X117.161 Y122.242 E.00911
G1 X116.942 Y122.432 E.00909
G1 X116.75 Y122.65 E.00911
G1 X116.588 Y122.891 E.0091
G1 X116.459 Y123.151 E.0091
G1 X116.365 Y123.426 E.00911
G1 X116.309 Y123.71 E.00908
G1 X116.29 Y123.993 E.00889
G1 X116.277 Y127.137 E.09858
G1 X116.242 Y127.27 E.00431
G1 X116.105 Y127.507 E.00858
G1 X115.895 Y127.683 E.00859
G1 X115.637 Y127.777 E.00861
G1 X115.491 Y127.79 E.0046
G1 X114.363 Y127.777 E.03537
G1 X114.105 Y127.683 E.00861
G1 X113.895 Y127.507 E.00859
G1 X113.758 Y127.27 E.00858
G1 X113.71 Y126.991 E.00888
G1 X113.71 Y123.993 E.094
G1 X113.691 Y123.71 E.00889
G1 X113.635 Y123.426 E.00908
G1 X113.541 Y123.151 E.00911
G1 X113.412 Y122.891 E.0091
G1 X113.25 Y122.65 E.0091
G1 X113.058 Y122.432 E.00911
G1 X112.839 Y122.242 E.00909
G1 X112.597 Y122.081 E.00911
G1 X112.337 Y121.954 E.00907
G1 X112.061 Y121.862 E.00912
G1 X111.546 Y121.762 E.01645
G1 X111.323 Y121.688 E.00737
G1 X111.112 Y121.585 E.00736
G1 X110.916 Y121.455 E.00737
G1 X110.738 Y121.301 E.00738
G1 X110.583 Y121.124 E.00738
G1 X110.452 Y120.929 E.00737
G1 X110.3 Y120.58 E.01194
G1 X110.226 Y120.262 E.01024
G1 X110.21 Y120.024 E.00748
G1 X110.21 Y104.79 E.47765
G1 X109.21 Y104.79 E.03135
G1 X109.21 Y103.21 E.04954
G1 X111.987 Y103.21 E.08707
G1 X111.987 Y104.21 E.03135
G1 X112.826 Y104.21 E.02631
G1 X112.826 Y103.21 E.03135
G1 X117.298 Y103.21 E.14022
G1 X117.298 Y104.15 E.02947
G1 E-1.4 F2700
;WIPE_START
G1 F7200
G1 X117.298 Y104.21 E-.02138
G1 X118.864 Y104.21 E-.55789
G1 X118.864 Y104.152 E-.02073
;WIPE_END
G1 X111.336 Y120.311 F9000
G1 E2 F2400
;TYPE:Solid infill
;WIDTH:0.439999
G1 F1779
G1 X111.726 Y120.701 E.01821
G1 X111.141 Y120.15 F9000
;WIDTH:0.38292
G1 F1779
G1 X111.134 Y120.04 E.00312
;WIDTH:0.41146
G1 X111.208 Y119.867 E.00577
;WIDTH:0.439999
G1 X111.282 Y119.695 E.00618
G1 X112.463 Y120.877 E.05517
G1 X112.527 Y120.973 E.00381
;WIDTH:0.41146
G1 X112.591 Y121.07 E.00356
;WIDTH:0.38292
G1 X112.744 Y121.053 E.00435
G1 E-1.4 F2700
;WIPE_START
G1 F7200
G1 X112.591 Y121.07 E-.05484
;WIPE_END
G1 E-.54516 F2700
G1 X114.787 Y124.635 F9000
G1 E2 F2400
;WIDTH:0.468002
G1 F1779
G1 X114.787 Y124.343 E.01032
G1 X115.103 Y124.648 E.01552
G1 X115.213 Y124.632 E.00393
G1 X115.211 Y126.5 E.06603
;WIDTH:0.46542
G1 X115.21 Y126.711 E.00741
G1 X114.788 Y126.71 E.01483
G1 X114.788 Y126.5 E.00738
;WIDTH:0.468002
G1 X114.787 Y124.834 E.05889
;WIDTH:0.439999
G1 X115.207 Y124.181 E.02563
G1 X114.757 Y123.732 E.02099
G1 X115.247 Y123.661 E.01635
G1 X114.624 Y123.037 E.02911
G1 X114.207 Y122.422 E.02453
;WIDTH:0.38292
G1 X114.443 Y122.783 E.01219
G1 X114.207 Y122.422 E.01219
G1 X115.331 Y123.182 F9000
;WIDTH:0.439999
G1 F1779
G1 X111.281 Y119.133 E.18909
G1 X111.281 Y118.571 E.01856
G1 X115.47 Y122.76 E.1956
G1 X115.654 Y122.383 E.01385
G1 X111.281 Y118.009 E.20421
G1 X111.28 Y117.447 E.01856
G1 X115.877 Y122.044 E.21465
G1 X116.135 Y121.741 E.01314
G1 X111.28 Y116.885 E.22672
G1 X111.28 Y116.323 E.01856
G1 X116.428 Y121.471 E.24038
G1 X116.754 Y121.237 E.01325
G1 X111.279 Y115.761 E.25567
G1 X111.279 Y115.2 E.01852
G1 X117.118 Y121.038 E.27262
G1 X117.522 Y120.881 E.01431
G1 X111.278 Y114.638 E.29153
G1 X111.278 Y114.076 E.01856
G1 X117.976 Y120.773 E.31273
G1 X118.395 Y120.631 E.01461
G1 X111.278 Y113.514 E.33232
G1 X111.277 Y112.952 E.01856
G1 X118.658 Y120.333 E.34464
G1 X118.717 Y119.83 E.01672
G1 X111.277 Y112.39 E.3474
G1 X111.277 Y111.828 E.01856
G1 X118.718 Y119.269 E.34745
G1 X118.718 Y118.708 E.01852
G1 X111.276 Y111.266 E.34749
G1 X111.276 Y110.704 E.01856
G1 X118.719 Y118.147 E.34754
G1 X118.719 Y117.586 E.01852
G1 X111.276 Y110.142 E.34756
G1 X111.275 Y109.581 E.01852
G1 X118.719 Y117.024 E.34756
G1 X118.72 Y116.463 E.01852
G1 X111.275 Y109.019 E.34761
G1 X111.275 Y108.457 E.01856
G1 X118.72 Y115.902 E.34763
G1 X118.721 Y115.341 E.01852
G1 X111.274 Y107.895 E.3477
G1 X111.274 Y107.333 E.01856
G1 X118.721 Y114.78 E.34773
G1 X118.721 Y114.219 E.01852
G1 X111.274 Y106.771 E.34775
G1 X111.273 Y106.209 E.01856
G1 X118.722 Y113.658 E.34782
G1 X118.722 Y113.096 E.01856
G1 X111.273 Y105.647 E.34782
G1 X111.168 Y105.137 E.01719
;WIDTH:0.38292
G1 X111.149 Y105.208 E.00208
G1 X111.22 Y105.189 E.00208
G1 X111.209 Y105.148 E.0012
;WIDTH:0.41146
G1 X111.334 Y105.21 E.00428
;WIDTH:0.439999
G1 X111.459 Y105.272 E.00461
G1 X118.723 Y112.535 E.33916
G1 X118.723 Y111.974 E.01852
G1 X112.021 Y105.272 E.31294
G1 X112.583 Y105.272 E.01856
G1 X118.723 Y111.413 E.28672
G1 X118.724 Y110.852 E.01852
G1 X113.144 Y105.272 E.26055
G1 X113.536 Y105.062 E.01468
;WIDTH:0.38292
G1 X113.517 Y105.133 E.00208
G1 X113.588 Y105.114 E.00208
G1 X113.577 Y105.073 E.0012
;WIDTH:0.41146
G1 X113.641 Y105.172 E.00361
;WIDTH:0.439999
G1 X113.706 Y105.272 E.00394
G1 X118.724 Y110.291 E.23433
G1 X118.725 Y109.729 E.01856
G1 X113.888 Y104.893 E.22583
G1 X113.819 Y104.803 E.00374
;WIDTH:0.41146
G1 X113.749 Y104.713 E.00349
;WIDTH:0.38292
G1 X113.76 Y104.754 E.0012
G1 X113.689 Y104.773 E.00208
G1 X113.708 Y104.702 E.00208
;WIDTH:0.439999
G1 X113.749 Y104.132 E.01887
;WIDTH:0.38292
G1 X113.888 Y104.124 E.00394
;WIDTH:0.41146
G1 X113.888 Y104.228 E.00319
;WIDTH:0.439999
G1 X113.888 Y104.332 E.00343
G1 X118.725 Y109.168 E.22583
G1 X118.725 Y108.607 E.01852
G1 X114.39 Y104.272 E.20242
G1 X114.952 Y104.272 E.01856
G1 X118.726 Y108.046 E.17622
G1 X118.799 Y107.891 E.00566
;WIDTH:0.41146
G1 X118.872 Y107.736 E.00525
;WIDTH:0.38292
G1 X118.883 Y107.777 E.0012
G1 X118.812 Y107.796 E.00208
G1 X118.831 Y107.725 E.00208
G1 E-1.4 F2700
;WIPE_START
G1 F7200
G1 X118.812 Y107.796 E-.02618
G1 X118.883 Y107.777 E-.02618
G1 X118.872 Y107.736 E-.01512
;WIPE_END
G1 E-.53252 F2700
G1 X116.236 Y104.994 F9000
G1 E2 F2400
;WIDTH:0.439999
G1 F1779
G1 X115.513 Y104.272 E.03374
G1 X116.173 Y104.26 E.02179
;WIDTH:0.534074
G1 X116.129 Y104.303 E.00251
G1 X116.145 Y104.363 E.00254
G1 X116.204 Y104.378 E.00249
G1 X116.248 Y104.335 E.00251
G1 X116.232 Y104.276 E.0025
G1 X116.513 Y105.272 F9000
;WIDTH:0.439999
G1 F1779
G1 X118.726 Y107.485 E.10333
G1 X118.727 Y106.924 E.01852
G1 X117.075 Y105.272 E.07714
G1 X117.637 Y105.272 E.01856
G1 X118.727 Y106.363 E.05092
G1 X118.727 Y105.801 E.01856
G1 X118.198 Y105.272 E.0247
EXCLUDE_OBJECT_END NAME=Trigger2_holder_stl
;LAYER_CHANGE
;Z:1.6
;HEIGHT:0.2
;BEFORE_LAYER_CHANGE
G92 E0
;1.6


G1 E-1.4 F2700
;WIPE_START
G1 F7200
G1 X118.727 Y105.801 E-.26652
G1 X118.727 Y106.363 E-.20021
G1 X118.462 Y106.098 E-.13327
;WIPE_END
G1 Z1.6 F9000
;AFTER_LAYER_CHANGE
;1.6
EXCLUDE_OBJECT_START NAME=Trigger2_holder_stl
G1 X116.314 Y104.994
G1 E2 F2400
;TYPE:Perimeter
;WIDTH:0.44
G1 F1735
G1 X119.006 Y104.994 E.08888
G1 X118.995 Y120.163 E.50084
G1 X118.969 Y120.292 E.00434
G1 X118.868 Y120.535 E.00869
G1 X118.795 Y120.644 E.00433
G1 X118.608 Y120.83 E.00871
G1 X118.38 Y120.96 E.00867
G1 X118.255 Y121.002 E.00435
G1 X117.739 Y121.102 E.01735
G1 X117.366 Y121.227 E.01299
G1 X117.012 Y121.399 E.01299
G1 X116.684 Y121.616 E.01299
G1 X116.388 Y121.875 E.01299
G1 X116.127 Y122.17 E.01301
G1 X115.908 Y122.497 E.01299
G1 X115.734 Y122.849 E.01296
G1 X115.632 Y123.147 E.0104
G1 X115.53 Y123.594 E.01514
G1 X115.506 Y123.967 E.01234
G1 X115.5 Y127.002 E.10021
G1 X114.498 Y127.001 E.03308
G1 X114.494 Y123.967 E.10017
G1 X114.47 Y123.607 E.01191
G1 X114.393 Y123.222 E.01296
G1 X114.266 Y122.849 E.01301
G1 X114.092 Y122.497 E.01296
G1 X113.873 Y122.17 E.01299
G1 X113.612 Y121.875 E.01301
G1 X113.316 Y121.616 E.01299
G1 X112.988 Y121.399 E.01299
G1 X112.634 Y121.227 E.01299
G1 X112.261 Y121.102 E.01299
G1 X111.745 Y121.002 E.01735
G1 X111.62 Y120.96 E.00435
G1 X111.392 Y120.83 E.00867
G1 X111.205 Y120.644 E.00871
G1 X111.132 Y120.535 E.00433
G1 X111.048 Y120.342 E.00695
G1 X111.004 Y120.15 E.0065
G1 X110.994 Y104.006 E.53303
G1 X109.994 Y103.994 E.03302
G1 X111.054 Y103.994 E.035
G1 X111.054 Y104.994 E.03302
G1 X113.869 Y104.994 E.09294
G1 X113.869 Y103.994 E.03302
G1 X116.314 Y103.994 E.08073
G1 X116.314 Y104.934 E.03104
G1 E-1.4 F2700
;WIPE_START
G1 F7200
G1 X116.314 Y104.994 E-.02138
G1 X117.938 Y104.994 E-.57862
;WIPE_END
G1 X119.651 Y103.994 F9000
G1 E2 F2400
G1 F1735
G1 X119.648 Y103.994 E.0001
G1 X121.006 Y104.006 E.04484
G1 X119.711 Y103.995 E.04276
G1 X119.251 Y104.597 F9000
G1 F1735
G1 X119.251 Y103.597 E.03302
G1 X121.403 Y103.597 E.07105
G1 X121.403 Y104.403 E.02661
G1 X119.403 Y104.403 E.06603
G1 X119.403 Y120.012 E.51537
G1 X119.39 Y120.215 E.00672
G1 X119.354 Y120.396 E.00609
G1 X119.212 Y120.735 E.01214
G1 X119.11 Y120.887 E.00604
G1 X118.849 Y121.146 E.01214
G1 X118.53 Y121.329 E.01214
G1 X118.356 Y121.387 E.00606
G1 X117.84 Y121.487 E.01735
G1 X117.517 Y121.595 E.01124
G1 X117.21 Y121.745 E.01128
G1 X116.926 Y121.933 E.01125
G1 X116.668 Y122.157 E.01128
G1 X116.443 Y122.413 E.01125
G1 X116.252 Y122.696 E.01127
G1 X116.101 Y123.002 E.01127
G1 X116.015 Y123.255 E.00882
G1 X115.925 Y123.652 E.01344
G1 X115.903 Y123.98 E.01085
G1 X115.895 Y127.07 E.10202
G1 X115.847 Y127.2 E.00458
G1 X115.758 Y127.307 E.0046
G1 X115.57 Y127.395 E.00685
G1 X114.43 Y127.395 E.03764
G1 X114.242 Y127.307 E.00685
G1 X114.124 Y127.137 E.00683
G1 X114.097 Y126.974 E.00546
G1 X114.097 Y123.98 E.09885
G1 X114.076 Y123.66 E.01059
G1 X114.009 Y123.325 E.01128
G1 X113.899 Y123.002 E.01127
G1 X113.748 Y122.696 E.01127
G1 X113.557 Y122.413 E.01127
G1 X113.332 Y122.157 E.01125
G1 X113.074 Y121.933 E.01128
G1 X112.79 Y121.745 E.01125
G1 X112.483 Y121.595 E.01128
G1 X112.16 Y121.487 E.01124
G1 X111.644 Y121.387 E.01735
G1 X111.47 Y121.329 E.00606
G1 X111.151 Y121.146 E.01214
G1 X110.89 Y120.887 E.01214
G1 X110.788 Y120.735 E.00604
G1 X110.665 Y120.45 E.01025
G1 X110.61 Y120.207 E.00823
G1 X110.597 Y120.012 E.00645
G1 X110.597 Y104.403 E.51537
G1 X109.597 Y104.403 E.03302
G1 X109.597 Y103.597 E.02661
G1 X111.451 Y103.597 E.06121
G1 X111.451 Y104.597 E.03302
G1 X113.472 Y104.597 E.06673
G1 X113.472 Y103.597 E.03302
G1 X116.711 Y103.597 E.10694
G1 X116.711 Y104.597 E.03302
G1 X119.191 Y104.597 E.08188
G1 X118.864 Y104.21 F9000
;TYPE:External perimeter
;WIDTH:0.42
G1 F1735
G1 X118.864 Y103.21 E.03135
G1 X121.79 Y103.21 E.09174
G1 X121.79 Y104.79 E.04954
G1 X119.79 Y104.79 E.06271
G1 X119.79 Y120.024 E.47765
G1 X119.774 Y120.266 E.0076
G1 X119.728 Y120.496 E.00735
G1 X119.652 Y120.719 E.00739
G1 X119.548 Y120.929 E.00735
G1 X119.417 Y121.124 E.00737
G1 X119.262 Y121.301 E.00738
G1 X119.084 Y121.455 E.00738
G1 X118.888 Y121.585 E.00737
G1 X118.677 Y121.688 E.00736
G1 X118.454 Y121.762 E.00737
G1 X117.939 Y121.862 E.01645
G1 X117.663 Y121.954 E.00912
G1 X117.403 Y122.081 E.00907
G1 X117.161 Y122.242 E.00911
G1 X116.942 Y122.432 E.00909
G1 X116.75 Y122.65 E.00911
G1 X116.588 Y122.891 E.0091
G1 X116.459 Y123.151 E.0091
G1 X116.388 Y123.361 E.00695
G1 X116.309 Y123.708 E.01116
G1 X116.29 Y123.993 E.00896
G1 X116.277 Y127.137 E.09858
G1 X116.242 Y127.27 E.00431
G1 X116.105 Y127.507 E.00858
G1 X115.895 Y127.683 E.00859
G1 X115.637 Y127.777 E.00861
G1 X115.491 Y127.79 E.0046
G1 X114.363 Y127.777 E.03537
G1 X114.105 Y127.683 E.00861
G1 X113.895 Y127.507 E.00859
G1 X113.758 Y127.27 E.00858
G1 X113.71 Y126.991 E.00888
G1 X113.71 Y123.993 E.094
G1 X113.691 Y123.71 E.00889
G1 X113.635 Y123.426 E.00908
G1 X113.541 Y123.151 E.00911
G1 X113.412 Y122.891 E.0091
G1 X113.25 Y122.65 E.0091
G1 X113.058 Y122.432 E.00911
G1 X112.839 Y122.242 E.00909
G1 X112.597 Y122.081 E.00911
G1 X112.337 Y121.954 E.00907
G1 X112.061 Y121.862 E.00912
G1 X111.546 Y121.762 E.01645
G1 X111.323 Y121.688 E.00737
G1 X111.112 Y121.585 E.00736
G1 X110.916 Y121.455 E.00737
G1 X110.738 Y121.301 E.00738
G1 X110.583 Y121.124 E.00738
G1 X110.452 Y120.929 E.00737
G1 X110.348 Y120.719 E.00735
G1 X110.292 Y120.556 E.0054
G1 X110.226 Y120.263 E.00942
G1 X110.21 Y120.024 E.00751
G1 X110.21 Y104.79 E.47765
G1 X109.21 Y104.79 E.03135
G1 X109.21 Y103.21 E.04954
G1 X111.838 Y103.21 E.0824
G1 X111.838 Y104.21 E.03135
G1 X113.085 Y104.21 E.0391
G1 X113.085 Y103.21 E.03135
G1 X117.098 Y103.21 E.12582
G1 X117.098 Y104.21 E.03135
G1 X118.804 Y104.21 E.05349
G1 E-1.4 F2700
;WIPE_START
G1 F7200
G1 X118.864 Y104.21 E-.02138
G1 X118.864 Y103.21 E-.35625
G1 X119.488 Y103.21 E-.22237
;WIPE_END
G1 X111.381 Y105.304 F9000
G1 E2 F2400
;TYPE:Solid infill
;WIDTH:0.536248
G1 F1735
G1 X111.337 Y105.261 E.00252
G1 X111.277 Y105.277 E.00255
G1 X111.261 Y105.336 E.00251
G1 X111.305 Y105.38 E.00255
G1 X111.365 Y105.364 E.00255
;WIDTH:0.439999
G1 X111.273 Y105.998 E.02115
G1 X111.999 Y105.272 E.0339
G1 X112.56 Y105.272 E.01852
G1 X111.274 Y106.559 E.06007
G1 X111.274 Y107.12 E.01852
G1 X113.122 Y105.272 E.08629
G1 X113.683 Y105.272 E.01852
G1 X111.274 Y107.681 E.11248
G1 E-1.4 F2700
;WIPE_START
G1 F7200
G1 X112.465 Y106.49 E-.6
;WIPE_END
G1 X114.029 Y105.09 F9000
G1 E2 F2400
;WIDTH:0.38292
G1 F1735
G1 X113.964 Y105.155 E.0026
;WIDTH:0.41146
G1 X114.055 Y104.982 E.00599
;WIDTH:0.439999
G1 X114.147 Y104.809 E.00647
G1 X114.683 Y104.272 E.02505
G1 X115.245 Y104.272 E.01856
G1 X111.275 Y108.242 E.18537
G1 X111.275 Y108.804 E.01856
G1 X115.807 Y104.272 E.21161
G1 X116.036 Y104.605 E.01334
G1 X111.275 Y109.365 E.22228
G1 X111.276 Y109.926 E.01852
G1 X116.036 Y105.166 E.22226
G1 X116.491 Y105.272 E.01543
G1 X111.276 Y110.487 E.24351
G1 X111.276 Y111.048 E.01852
G1 X117.053 Y105.272 E.26972
G1 X117.614 Y105.272 E.01852
G1 X111.277 Y111.61 E.29592
G1 X111.277 Y112.171 E.01852
G1 X118.176 Y105.272 E.32214
G1 X118.728 Y105.282 E.01823
G1 X111.277 Y112.732 E.34789
G1 X111.278 Y113.293 E.01852
G1 X118.727 Y105.844 E.34782
G1 X118.727 Y106.406 E.01856
G1 X111.278 Y113.855 E.34782
G1 X111.279 Y114.416 E.01852
G1 X118.726 Y106.968 E.34775
G1 X118.726 Y107.53 E.01856
G1 X111.279 Y114.977 E.34773
G1 X111.279 Y115.538 E.01852
G1 X118.726 Y108.092 E.3477
G1 X118.725 Y108.654 E.01856
G1 X111.28 Y116.099 E.34763
G1 X111.28 Y116.661 E.01856
G1 X118.725 Y109.216 E.34763
G1 X118.724 Y109.778 E.01856
G1 X111.28 Y117.222 E.34759
G1 X111.281 Y117.783 E.01852
G1 X118.724 Y110.339 E.34756
G1 X118.724 Y110.901 E.01856
G1 X111.281 Y118.344 E.34754
G1 X111.281 Y118.905 E.01852
G1 X118.723 Y111.463 E.34749
G1 X118.723 Y112.025 E.01856
G1 X111.282 Y119.467 E.34747
G1 X111.282 Y120.028 E.01852
G1 X118.722 Y112.587 E.34742
G1 X118.722 Y113.149 E.01856
G1 X111.414 Y120.457 E.34124
G1 X111.73 Y120.703 E.01322
G1 X118.722 Y113.711 E.32648
G1 X118.721 Y114.273 E.01856
G1 X112.189 Y120.805 E.305
G1 X112.625 Y120.931 E.01498
G1 X118.721 Y114.835 E.28464
G1 X118.72 Y115.397 E.01856
G1 X113.015 Y121.103 E.26641
G1 X113.364 Y121.315 E.01348
G1 X118.72 Y115.959 E.25009
G1 X118.72 Y116.521 E.01856
G1 X113.678 Y121.563 E.23543
G1 X113.957 Y121.845 E.0131
G1 X118.719 Y117.083 E.22235
G1 X118.719 Y117.645 E.01856
G1 X114.202 Y122.162 E.21091
G1 X114.411 Y122.514 E.01352
G1 X118.718 Y118.207 E.20111
G1 X118.718 Y118.769 E.01856
G1 X114.58 Y122.907 E.19322
G1 E-1.4 F2700
;WIPE_START
G1 F7200
G1 X115.771 Y121.716 E-.6
;WIPE_END
G1 X116.907 Y121.141 F9000
G1 E2 F2400
G1 F1735
G1 X118.718 Y119.331 E.08454
G1 X118.717 Y119.893 E.01856
G1 X117.804 Y120.806 E.04263
G1 X117.685 Y120.885 E.00472
;WIDTH:0.41146
G1 X117.567 Y120.965 E.00437
;WIDTH:0.38292
G1 X117.496 Y120.945 E.00209
G1 X117.515 Y121.017 E.00211
G1 X117.556 Y121.006 E.0012
G1 X116.627 Y121.377 F9000
G1 F1735
G1 X116.225 Y121.735 E.01522
G1 X115.879 Y122.124 E.01472
;WIDTH:0.41146
G1 X115.761 Y122.265 E.00563
;WIDTH:0.439999
G1 X115.643 Y122.405 E.00605
G1 X114.702 Y123.347 E.04396
G1 X114.765 Y123.845 E.01657
G1 X115.313 Y123.297 E.02559
G1 X115.409 Y123.172 E.0052
;WIDTH:0.41146
G1 X115.504 Y123.046 E.00484
;WIDTH:0.38292
G1 X115.463 Y123.057 E.0012
G1 X115.444 Y122.986 E.00208
G1 X115.515 Y123.005 E.00208
G1 X115.229 Y123.943 F9000
;WIDTH:0.439999
G1 F1735
G1 X114.859 Y124.313 E.01728
G1 X115.213 Y124.54 E.01388
;WIDTH:0.467752
G1 X114.929 Y124.794 E.01346
G1 X114.787 Y124.762 E.00514
G1 X114.788 Y126.5 E.06139
;WIDTH:0.465419
G1 X114.788 Y126.71 E.00738
G1 X115.21 Y126.711 E.01483
G1 X115.211 Y126.5 E.00741
;WIDTH:0.467752
G1 X115.213 Y124.738 E.06224
EXCLUDE_OBJECT_END NAME=Trigger2_holder_stl
;LAYER_CHANGE
;Z:1.8
;HEIGHT:0.2
;BEFORE_LAYER_CHANGE
G92 E0
;1.8


G1 E-1.4 F2700
;WIPE_START
G1 F7200
G1 X115.211 Y126.422 E-.6
;WIPE_END
G1 Z1.8 F9000
;AFTER_LAYER_CHANGE
;1.8
EXCLUDE_OBJECT_START NAME=Trigger2_holder_stl
G1 X114.127 Y104.994
G1 E2 F2400
;TYPE:Perimeter
;WIDTH:0.44
G1 F1775
G1 X114.127 Y103.994 E.03302
G1 X116.114 Y103.994 E.06561
G1 X116.114 Y104.994 E.03302
G1 X119.006 Y104.994 E.09549
G1 X118.995 Y120.163 E.50084
G1 X118.969 Y120.292 E.00434
G1 X118.868 Y120.535 E.00869
G1 X118.708 Y120.743 E.00866
G1 X118.608 Y120.83 E.00438
G1 X118.38 Y120.96 E.00867
G1 X118.255 Y121.002 E.00435
G1 X117.739 Y121.102 E.01735
G1 X117.366 Y121.227 E.01299
G1 X117.012 Y121.399 E.01299
G1 X116.684 Y121.616 E.01299
G1 X116.388 Y121.875 E.01299
G1 X116.127 Y122.17 E.01301
G1 X115.908 Y122.497 E.01299
G1 X115.734 Y122.849 E.01296
G1 X115.622 Y123.176 E.01141
G1 X115.53 Y123.599 E.01429
G1 X115.506 Y123.967 E.01218
G1 X115.502 Y127.001 E.10017
G1 X114.543 Y127.006 E.03166
G1 X114.499 Y127.002 E.00146
G1 X114.494 Y126.957 E.00149
G1 X114.494 Y123.967 E.09872
G1 X114.47 Y123.607 E.01191
G1 X114.393 Y123.222 E.01296
G1 X114.266 Y122.849 E.01301
G1 X114.092 Y122.497 E.01296
G1 X113.873 Y122.17 E.01299
G1 X113.612 Y121.875 E.01301
G1 X113.316 Y121.616 E.01299
G1 X112.988 Y121.399 E.01299
G1 X112.634 Y121.227 E.01299
G1 X112.261 Y121.102 E.01299
G1 X111.745 Y121.002 E.01735
G1 X111.62 Y120.96 E.00435
G1 X111.392 Y120.83 E.00867
G1 X111.226 Y120.668 E.00766
G1 X111.128 Y120.527 E.00567
G1 X111.031 Y120.292 E.00839
G1 X111.005 Y120.163 E.00434
G1 X110.994 Y104.994 E.50084
G1 X114.067 Y104.994 E.10146
G1 E-1.4 F2700
;WIPE_START
G1 F7200
G1 X114.127 Y104.994 E-.02137
G1 X114.127 Y103.994 E-.35625
G1 X114.751 Y103.994 E-.22238
;WIPE_END
G1 X119.651 Y103.994 F9000
G1 E2 F2400
G1 F1775
G1 X119.648 Y103.994 E.0001
G1 X121.006 Y104.006 E.04484
G1 X119.711 Y103.995 E.04276
G1 E-1.4 F2700
;WIPE_START
G1 F7200
G1 X119.651 Y103.994 E-.02138
G1 X119.648 Y103.994 E-.00107
G1 X121.006 Y104.006 E-.48381
G1 X120.743 Y104.004 E-.09374
;WIPE_END
G1 X110.923 Y104.006 F9000
G1 E2 F2400
G1 F1775
G1 X109.994 Y103.994 E.03068
G1 X110.863 Y104.005 E.02869
G1 X111.32 Y104.21 F9000
G1 F1775
G1 X111.32 Y104.597 E.01278
G1 X113.73 Y104.597 E.07957
G1 X113.73 Y103.597 E.03302
G1 X116.511 Y103.597 E.09182
G1 X116.511 Y104.597 E.03302
G1 X119.251 Y104.597 E.09047
G1 X119.251 Y103.597 E.03302
G1 X121.403 Y103.597 E.07105
G1 X121.403 Y104.403 E.02661
G1 X119.403 Y104.403 E.06603
G1 X119.403 Y120.012 E.51537
G1 X119.39 Y120.215 E.00672
G1 X119.354 Y120.396 E.00609
G1 X119.212 Y120.735 E.01214
G1 X119.11 Y120.887 E.00604
G1 X118.849 Y121.146 E.01214
G1 X118.53 Y121.329 E.01214
G1 X118.356 Y121.387 E.00606
G1 X117.84 Y121.487 E.01735
G1 X117.517 Y121.595 E.01124
G1 X117.21 Y121.745 E.01128
G1 X116.926 Y121.933 E.01125
G1 X116.668 Y122.157 E.01128
G1 X116.443 Y122.413 E.01125
G1 X116.252 Y122.696 E.01127
G1 X116.101 Y123.002 E.01127
G1 X116.005 Y123.283 E.0098
G1 X115.924 Y123.654 E.01254
G1 X115.903 Y123.98 E.01079
G1 X115.895 Y127.07 E.10202
G1 X115.807 Y127.258 E.00685
G1 X115.7 Y127.347 E.0046
G1 X115.57 Y127.395 E.00458
G1 X114.43 Y127.395 E.03764
G1 X114.242 Y127.307 E.00685
G1 X114.124 Y127.137 E.00683
G1 X114.097 Y126.974 E.00546
G1 X114.097 Y123.98 E.09885
G1 X114.076 Y123.66 E.01059
G1 X114.009 Y123.325 E.01128
G1 X113.899 Y123.002 E.01127
G1 X113.748 Y122.696 E.01127
G1 X113.557 Y122.413 E.01127
G1 X113.332 Y122.157 E.01125
G1 X113.074 Y121.933 E.01128
G1 X112.79 Y121.745 E.01125
G1 X112.483 Y121.595 E.01128
G1 X112.16 Y121.487 E.01124
G1 X111.644 Y121.387 E.01735
G1 X111.47 Y121.329 E.00606
G1 X111.151 Y121.146 E.01214
G1 X110.913 Y120.913 E.011
G1 X110.785 Y120.73 E.00737
G1 X110.646 Y120.396 E.01194
G1 X110.61 Y120.215 E.00609
G1 X110.597 Y120.012 E.00672
G1 X110.597 Y104.403 E.51537
G1 X109.597 Y104.403 E.03302
G1 X109.597 Y103.597 E.02661
G1 X111.32 Y103.597 E.05689
G1 X111.32 Y104.15 E.01826
G1 X111.707 Y104.21 F9000
;TYPE:External perimeter
;WIDTH:0.42
G1 F1775
G1 X113.343 Y104.21 E.0513
G1 X113.343 Y103.21 E.03135
G1 X116.898 Y103.21 E.11146
G1 X116.898 Y104.21 E.03135
G1 X118.864 Y104.21 E.06164
G1 X118.864 Y103.21 E.03135
G1 X121.79 Y103.21 E.09174
G1 X121.79 Y104.79 E.04954
G1 X119.79 Y104.79 E.06271
G1 X119.79 Y120.024 E.47765
G1 X119.774 Y120.266 E.0076
G1 X119.728 Y120.496 E.00735
G1 X119.652 Y120.719 E.00739
G1 X119.548 Y120.929 E.00735
G1 X119.417 Y121.124 E.00737
G1 X119.262 Y121.301 E.00738
G1 X119.084 Y121.455 E.00738
G1 X118.888 Y121.585 E.00737
G1 X118.677 Y121.688 E.00736
G1 X118.454 Y121.762 E.00737
G1 X117.939 Y121.862 E.01645
G1 X117.663 Y121.954 E.00912
G1 X117.403 Y122.081 E.00907
G1 X117.161 Y122.242 E.00911
G1 X116.942 Y122.432 E.00909
G1 X116.75 Y122.65 E.00911
G1 X116.588 Y122.891 E.0091
G1 X116.459 Y123.151 E.0091
G1 X116.379 Y123.387 E.00781
G1 X116.309 Y123.709 E.01033
G1 X116.29 Y123.993 E.00892
G1 X116.277 Y127.137 E.09858
G1 X116.242 Y127.27 E.00431
G1 X116.105 Y127.507 E.00858
G1 X115.895 Y127.683 E.00859
G1 X115.637 Y127.777 E.00861
G1 X115.491 Y127.79 E.0046
G1 X114.363 Y127.777 E.03537
G1 X114.105 Y127.683 E.00861
G1 X113.895 Y127.507 E.00859
G1 X113.758 Y127.27 E.00858
G1 X113.71 Y126.991 E.00888
G1 X113.71 Y123.993 E.094
G1 X113.691 Y123.71 E.00889
G1 X113.635 Y123.426 E.00908
G1 X113.541 Y123.151 E.00911
G1 X113.412 Y122.891 E.0091
G1 X113.25 Y122.65 E.0091
G1 X113.058 Y122.432 E.00911
G1 X112.839 Y122.242 E.00909
G1 X112.597 Y122.081 E.00911
G1 X112.337 Y121.954 E.00907
G1 X112.061 Y121.862 E.00912
G1 X111.546 Y121.762 E.01645
G1 X111.323 Y121.688 E.00737
G1 X111.112 Y121.585 E.00736
G1 X110.916 Y121.455 E.00737
G1 X110.738 Y121.301 E.00738
G1 X110.608 Y121.153 E.00618
G1 X110.451 Y120.928 E.0086
G1 X110.348 Y120.719 E.00731
G1 X110.272 Y120.496 E.00739
G1 X110.226 Y120.266 E.00735
G1 X110.21 Y120.024 E.0076
G1 X110.21 Y104.79 E.47765
G1 X109.21 Y104.79 E.03135
G1 X109.21 Y103.21 E.04954
G1 X111.707 Y103.21 E.07829
G1 X111.707 Y104.15 E.02947
G1 E-1.4 F2700
;WIPE_START
G1 F7200
G1 X111.707 Y104.21 E-.02138
G1 X113.331 Y104.21 E-.57862
;WIPE_END
G1 X111.348 Y120.331 F9000
G1 E2 F2400
;TYPE:Solid infill
;WIDTH:0.439999
G1 F1775
G1 X111.706 Y120.689 E.01672
G1 X111.146 Y120.169 E.02523
;WIDTH:0.38292
G1 X111.135 Y119.98 E.00535
;WIDTH:0.41146
G1 X111.209 Y119.842 E.0048
;WIDTH:0.439999
G1 X111.283 Y119.704 E.00517
G1 X112.45 Y120.872 E.05451
G1 X112.514 Y120.969 E.00384
;WIDTH:0.41146
G1 X112.578 Y121.066 E.00356
;WIDTH:0.38292
G1 X112.731 Y121.048 E.00436
G1 E-1.4 F2700
;WIPE_START
G1 F7200
G1 X112.578 Y121.066 E-.05488
;WIPE_END
G1 E-.54512 F2700
G1 X114.787 Y124.643 F9000
G1 E2 F2400
;WIDTH:0.468779
G1 F1775
G1 X114.787 Y124.352 E.0103
G1 X115.102 Y124.655 E.01548
G1 X115.213 Y124.639 E.00397
G1 X115.211 Y126.499 E.06586
;WIDTH:0.467707
G1 X115.21 Y126.71 E.00745
G1 X114.786 Y126.713 E.01498
G1 X114.786 Y126.499 E.00756
;WIDTH:0.468779
G1 X114.787 Y124.842 E.05867
;WIDTH:0.439999
G1 X115.204 Y124.187 E.02564
G1 X114.758 Y123.741 E.02083
G1 X115.247 Y123.669 E.01632
G1 X114.629 Y123.051 E.02886
G1 X114.206 Y122.425 E.02495
;WIDTH:0.38292
G1 X114.451 Y122.781 E.01222
G1 X114.206 Y122.425 E.01222
G1 X115.334 Y123.194 F9000
;WIDTH:0.439999
G1 F1775
G1 X111.282 Y119.142 E.1892
G1 X111.282 Y118.58 E.01856
G1 X115.468 Y122.767 E.19548
G1 X115.651 Y122.389 E.01387
G1 X111.281 Y118.019 E.20405
G1 X111.281 Y117.457 E.01856
G1 X115.874 Y122.049 E.21444
G1 X116.131 Y121.745 E.01314
G1 X111.281 Y116.895 E.22646
G1 X111.28 Y116.333 E.01856
G1 X116.423 Y121.475 E.24012
G1 X116.749 Y121.24 E.01327
G1 X111.28 Y115.771 E.25537
G1 X111.279 Y115.209 E.01856
G1 X117.112 Y121.041 E.27234
G1 X117.516 Y120.884 E.01431
G1 X111.279 Y114.647 E.29123
G1 X111.279 Y114.085 E.01856
G1 X117.968 Y120.774 E.31233
G1 X118.39 Y120.635 E.01467
G1 X111.278 Y113.523 E.33208
G1 X111.278 Y112.961 E.01856
G1 X118.651 Y120.334 E.34427
G1 X118.717 Y119.839 E.01649
G1 X111.277 Y112.399 E.3474
G1 X111.277 Y111.837 E.01856
G1 X118.718 Y119.278 E.34745
G1 X118.718 Y118.717 E.01852
G1 X111.277 Y111.275 E.34747
G1 X111.276 Y110.713 E.01856
G1 X118.719 Y118.155 E.34752
G1 X118.719 Y117.594 E.01852
G1 X111.276 Y110.151 E.34754
G1 X111.275 Y109.589 E.01856
G1 X118.719 Y117.033 E.34759
G1 X118.72 Y116.472 E.01852
G1 X111.275 Y109.027 E.34763
G1 X111.275 Y108.465 E.01856
G1 X118.72 Y115.911 E.34766
G1 X118.721 Y115.35 E.01852
G1 X111.274 Y107.903 E.34773
G1 X111.274 Y107.341 E.01856
G1 X118.721 Y114.789 E.34775
G1 X118.721 Y114.227 E.01856
G1 X111.273 Y106.779 E.34777
G1 X111.273 Y106.217 E.01856
G1 X118.722 Y113.666 E.34782
G1 X118.722 Y113.105 E.01852
G1 X111.273 Y105.656 E.34782
G1 X111.165 Y105.135 E.01757
;WIDTH:0.38292
G1 X111.146 Y105.206 E.00208
G1 X111.217 Y105.187 E.00208
G1 X111.206 Y105.146 E.0012
;WIDTH:0.41146
G1 X111.329 Y105.209 E.00423
;WIDTH:0.439999
G1 X111.451 Y105.272 E.00453
G1 X118.723 Y112.544 E.33955
G1 X118.723 Y111.983 E.01852
G1 X112.012 Y105.272 E.31336
G1 X112.574 Y105.272 E.01856
G1 X118.723 Y111.422 E.28714
G1 X118.724 Y110.86 E.01856
G1 X113.135 Y105.272 E.26095
G1 X113.697 Y105.272 E.01856
G1 X118.724 Y110.299 E.23473
G1 X118.725 Y109.738 E.01852
G1 X114.258 Y105.272 E.20856
G1 X114.193 Y105.172 E.00394
;WIDTH:0.41146
G1 X114.128 Y105.073 E.00363
;WIDTH:0.38292
G1 X114.139 Y105.114 E.0012
G1 X114.067 Y105.133 E.00211
G1 X114.087 Y105.062 E.00209
;WIDTH:0.439999
G1 X114.405 Y104.857 E.01249
G1 X118.725 Y109.177 E.20172
G1 X118.831 Y108.294 F9000
;WIDTH:0.38292
G1 F1775
G1 X118.812 Y108.365 E.00208
G1 X118.883 Y108.346 E.00208
G1 X118.872 Y108.305 E.0012
;WIDTH:0.41146
G1 X118.799 Y108.461 E.00528
;WIDTH:0.439999
G1 X118.725 Y108.616 E.00567
G1 X114.405 Y104.295 E.20174
G1 X114.943 Y104.272 E.01778
G1 X118.726 Y108.055 E.17664
G1 X118.726 Y107.494 E.01852
G1 X116.505 Y105.272 E.10373
G1 X117.066 Y105.272 E.01852
G1 X118.727 Y106.932 E.07753
G1 X118.727 Y106.371 E.01852
G1 X117.628 Y105.272 E.05132
G1 X118.189 Y105.272 E.01852
G1 X118.727 Y105.81 E.02512
G1 E-1.4 F2700
;WIPE_START
G1 F7200
G1 X118.189 Y105.272 E-.27105
G1 X117.628 Y105.272 E-.19986
G1 X117.884 Y105.528 E-.12909
;WIPE_END
G1 X115.836 Y104.603 F9000
G1 E2 F2400
G1 F1775
G1 X115.505 Y104.272 E.01546
EXCLUDE_OBJECT_END NAME=Trigger2_holder_stl
;LAYER_CHANGE
;Z:2
;HEIGHT:0.2
;BEFORE_LAYER_CHANGE
G92 E0
;2


G1 E-1.4 F2700
;WIPE_START
G1 F7200
G1 X115.836 Y104.603 E-.16676
;WIPE_END
G1 E-.43324 F2700
G1 Z2 F9000
;AFTER_LAYER_CHANGE
;2
EXCLUDE_OBJECT_START NAME=Trigger2_holder_stl
G1 X114.178 Y104.994
G1 E2 F2400
;TYPE:Perimeter
;WIDTH:0.44
G1 F2011
G1 X114.178 Y103.994 E.03302
G1 X115.914 Y103.994 E.05732
G1 X115.914 Y104.994 E.03302
G1 X119.006 Y104.994 E.10209
G1 X119.006 Y119.999 E.49542
G1 X118.995 Y120.163 E.00543
G1 X118.927 Y120.417 E.00868
G1 X118.795 Y120.644 E.00867
G1 X118.608 Y120.83 E.00871
G1 X118.38 Y120.96 E.00867
G1 X118.255 Y121.002 E.00435
G1 X117.739 Y121.102 E.01735
G1 X117.366 Y121.227 E.01299
G1 X117.012 Y121.399 E.01299
G1 X116.684 Y121.616 E.01299
G1 X116.388 Y121.875 E.01299
G1 X116.127 Y122.17 E.01301
G1 X115.908 Y122.497 E.01299
G1 X115.734 Y122.849 E.01296
G1 X115.612 Y123.206 E.01246
G1 X115.53 Y123.604 E.01342
G1 X115.506 Y123.967 E.01201
G1 X115.502 Y127.001 E.10017
G1 X114.543 Y127.006 E.03166
G1 X114.499 Y127.002 E.00146
G1 X114.494 Y126.957 E.00149
G1 X114.494 Y123.967 E.09872
G1 X114.47 Y123.607 E.01191
G1 X114.393 Y123.222 E.01296
G1 X114.266 Y122.849 E.01301
G1 X114.092 Y122.497 E.01296
G1 X113.873 Y122.17 E.01299
G1 X113.612 Y121.875 E.01301
G1 X113.316 Y121.616 E.01299
G1 X112.988 Y121.399 E.01299
G1 X112.634 Y121.227 E.01299
G1 X112.261 Y121.102 E.01299
G1 X111.745 Y121.002 E.01735
G1 X111.62 Y120.96 E.00435
G1 X111.392 Y120.83 E.00867
G1 X111.292 Y120.743 E.00438
G1 X111.132 Y120.535 E.00866
G1 X111.034 Y120.302 E.00835
G1 X111.005 Y120.16 E.00479
G1 X110.994 Y104.994 E.50074
G1 X114.118 Y104.994 E.10315
G1 E-1.4 F2700
;WIPE_START
G1 F7200
G1 X114.178 Y104.994 E-.02137
G1 X114.178 Y103.994 E-.35625
G1 X114.802 Y103.994 E-.22238
;WIPE_END
G1 X119.651 Y103.994 F9000
G1 E2 F2400
G1 F1800
G1 X119.648 Y103.994 E.0001
G1 X121.006 Y104.006 E.04484
G1 X119.711 Y103.995 E.04276
G1 E-1.4 F2700
;WIPE_START
G1 F7200
G1 X119.651 Y103.994 E-.02138
G1 X119.648 Y103.994 E-.00107
G1 X121.006 Y104.006 E-.48381
G1 X120.743 Y104.004 E-.09374
;WIPE_END
G1 X110.807 Y104.006 F9000
G1 E2 F2400
G1 F1800
G1 X109.994 Y103.994 E.02685
G1 X110.747 Y104.005 E.02486
G1 X111.204 Y104.21 F9000
G1 F2011
G1 X111.204 Y104.597 E.01278
G1 X113.781 Y104.597 E.08509
G1 X113.781 Y103.597 E.03302
G1 X116.311 Y103.597 E.08353
G1 X116.311 Y104.597 E.03302
G1 X119.251 Y104.597 E.09707
G1 X119.251 Y103.597 E.03302
G1 X121.403 Y103.597 E.07105
G1 X121.403 Y104.403 E.02661
G1 X119.403 Y104.403 E.06603
G1 X119.403 Y120.012 E.51537
G1 X119.39 Y120.215 E.00672
G1 X119.354 Y120.396 E.00609
G1 X119.294 Y120.57 E.00608
G1 X119.11 Y120.887 E.0121
G1 X118.849 Y121.146 E.01214
G1 X118.53 Y121.329 E.01214
G1 X118.356 Y121.387 E.00606
G1 X117.84 Y121.487 E.01735
G1 X117.517 Y121.595 E.01124
G1 X117.21 Y121.744 E.01127
G1 X116.926 Y121.933 E.01126
G1 X116.668 Y122.157 E.01128
G1 X116.443 Y122.413 E.01125
G1 X116.252 Y122.696 E.01127
G1 X116.101 Y123.002 E.01127
G1 X115.996 Y123.311 E.01078
G1 X115.924 Y123.658 E.0117
G1 X115.903 Y123.98 E.01065
G1 X115.895 Y127.07 E.10202
G1 X115.847 Y127.2 E.00458
G1 X115.758 Y127.307 E.0046
G1 X115.57 Y127.395 E.00685
G1 X114.43 Y127.395 E.03764
G1 X114.242 Y127.307 E.00685
G1 X114.124 Y127.137 E.00683
G1 X114.097 Y126.974 E.00546
G1 X114.097 Y123.98 E.09885
G1 X114.076 Y123.66 E.01059
G1 X114.009 Y123.325 E.01128
G1 X113.899 Y123.002 E.01127
G1 X113.748 Y122.696 E.01127
G1 X113.557 Y122.413 E.01127
G1 X113.332 Y122.157 E.01125
G1 X113.074 Y121.933 E.01128
G1 X112.79 Y121.745 E.01125
G1 X112.483 Y121.595 E.01128
G1 X112.16 Y121.487 E.01124
G1 X111.644 Y121.387 E.01735
G1 X111.47 Y121.329 E.00606
G1 X111.151 Y121.146 E.01214
G1 X111.012 Y121.025 E.00608
G1 X110.788 Y120.735 E.0121
G1 X110.65 Y120.406 E.01178
G1 X110.61 Y120.213 E.00651
G1 X110.597 Y120.012 E.00665
G1 X110.597 Y104.403 E.51537
G1 X109.597 Y104.403 E.03302
G1 X109.597 Y103.597 E.02661
G1 X111.204 Y103.597 E.05306
G1 X111.204 Y104.15 E.01826
G1 X111.591 Y104.21 F9000
;TYPE:External perimeter
;WIDTH:0.42
G1 F1800
G1 X113.394 Y104.21 E.05653
G1 X113.394 Y103.21 E.03135
G1 X116.698 Y103.21 E.10359
G1 X116.698 Y104.21 E.03135
G1 X118.864 Y104.21 E.06791
G1 X118.864 Y103.21 E.03135
G1 X121.79 Y103.21 E.09174
G1 X121.79 Y104.79 E.04954
G1 X119.79 Y104.79 E.06271
G1 X119.79 Y120.024 E.47765
G1 X119.774 Y120.266 E.0076
G1 X119.728 Y120.496 E.00735
G1 X119.652 Y120.719 E.00739
G1 X119.548 Y120.929 E.00735
G1 X119.417 Y121.124 E.00737
G1 X119.262 Y121.301 E.00738
G1 X119.084 Y121.455 E.00738
G1 X118.888 Y121.585 E.00737
G1 X118.677 Y121.688 E.00736
G1 X118.454 Y121.762 E.00737
G1 X117.939 Y121.862 E.01645
G1 X117.663 Y121.954 E.00912
G1 X117.403 Y122.081 E.00907
G1 X117.161 Y122.242 E.00911
G1 X116.942 Y122.432 E.00909
G1 X116.75 Y122.65 E.00911
G1 X116.588 Y122.891 E.0091
G1 X116.459 Y123.151 E.0091
G1 X116.37 Y123.413 E.00868
G1 X116.309 Y123.71 E.00951
G1 X116.29 Y123.993 E.00889
G1 X116.277 Y127.137 E.09858
G1 X116.183 Y127.395 E.00861
G1 X116.105 Y127.507 E.00428
G1 X115.895 Y127.683 E.00859
G1 X115.637 Y127.777 E.00861
G1 X115.491 Y127.79 E.0046
G1 X114.363 Y127.777 E.03537
G1 X114.105 Y127.683 E.00861
G1 X113.895 Y127.507 E.00859
G1 X113.758 Y127.27 E.00858
G1 X113.71 Y126.991 E.00888
G1 X113.71 Y123.993 E.094
G1 X113.691 Y123.71 E.00889
G1 X113.635 Y123.426 E.00908
G1 X113.541 Y123.151 E.00911
G1 X113.412 Y122.891 E.0091
G1 X113.25 Y122.65 E.0091
G1 X113.058 Y122.432 E.00911
G1 X112.839 Y122.242 E.00909
G1 X112.597 Y122.081 E.00911
G1 X112.337 Y121.954 E.00907
G1 X112.061 Y121.862 E.00912
G1 X111.546 Y121.762 E.01645
G1 X111.323 Y121.688 E.00737
G1 X111.112 Y121.585 E.00736
G1 X110.916 Y121.455 E.00737
G1 X110.738 Y121.301 E.00738
G1 X110.583 Y121.124 E.00738
G1 X110.452 Y120.929 E.00737
G1 X110.348 Y120.719 E.00735
G1 X110.276 Y120.508 E.00699
G1 X110.226 Y120.265 E.00778
G1 X110.21 Y120.024 E.00757
G1 X110.21 Y104.79 E.47765
G1 X109.21 Y104.79 E.03135
G1 X109.21 Y103.21 E.04954
G1 X111.591 Y103.21 E.07465
G1 X111.591 Y104.15 E.02947
G1 X110.9 Y104.204 F9000
;TYPE:Gap fill
;WIDTH:0.252556
G1 F1800
G1 X110.9 Y104.796 E.01032
G1 E-1.4 F2700
;WIPE_START
G1 F7200
G1 X110.9 Y104.204 E-.2109
;WIPE_END
G1 E-.3891 F2700
G1 X118.066 Y120.94 F9000
G1 E2 F2400
;TYPE:Top solid infill
;WIDTH:0.406139
G1 F1800
G1 X118.686 Y120.317 E.02655
G1 X118.739 Y120.121 E.00613
G1 X118.748 Y119.744 E.01139
G1 X117.369 Y121.123 E.0589
G1 E-1.4 F2700
;WIPE_START
G1 F7200
G1 X118.56 Y119.932 E-.6
;WIPE_END
G1 X115.406 Y126.168 F9000
G1 E2 F2400
G1 F1800
G1 X114.827 Y126.746 E.02471
G1 X114.752 Y126.747 E.00227
G1 X114.752 Y126.308 E.01326
G1 X115.246 Y125.815 E.02108
G1 X115.246 Y125.3 E.01555
G1 X114.752 Y125.794 E.0211
G1 X114.752 Y125.281 E.01549
G1 X115.247 Y124.786 E.02114
G1 X115.248 Y124.272 E.01552
G1 X114.752 Y124.767 E.02116
G1 X114.752 Y124.253 E.01552
G1 X115.262 Y123.743 E.02178
G1 X115.274 Y123.57 E.00524
G1 X115.367 Y123.125 E.01373
G1 X114.739 Y123.753 E.02682
G1 X114.727 Y123.574 E.00542
G1 X114.673 Y123.305 E.00829
G1 X118.748 Y119.23 E.17405
G1 X118.748 Y118.717 E.01549
G1 X114.558 Y122.906 E.17894
G1 X114.505 Y122.75 E.00498
G1 X114.404 Y122.546 E.00687
G1 X118.748 Y118.203 E.18552
G1 X118.748 Y117.689 E.01552
G1 X114.217 Y122.22 E.19353
G1 X113.999 Y121.924 E.0111
G1 X118.748 Y117.175 E.20284
G1 X118.748 Y116.662 E.01549
G1 X113.754 Y121.656 E.2133
G1 X113.479 Y121.417 E.011
G1 X118.748 Y116.148 E.22505
G1 X118.748 Y115.634 E.01552
G1 X113.171 Y121.211 E.2382
G1 X112.832 Y121.036 E.01152
G1 X118.748 Y115.121 E.25266
G1 X118.748 Y114.607 E.01552
G1 X112.459 Y120.896 E.26861
G1 X112.044 Y120.797 E.01289
G1 X118.748 Y114.093 E.28634
G1 X118.748 Y113.58 E.01549
G1 X111.648 Y120.679 E.30323
G1 X111.481 Y120.566 E.00609
G1 X111.38 Y120.434 E.00502
G1 X118.748 Y113.066 E.3147
G1 X118.748 Y112.552 E.01552
G1 X111.263 Y120.038 E.31972
G1 X111.262 Y119.524 E.01552
G1 X118.748 Y112.039 E.31972
G1 X118.748 Y111.525 E.01552
G1 X111.262 Y119.011 E.31974
G1 X111.262 Y118.498 E.01549
G1 X118.748 Y111.011 E.31976
G1 X118.748 Y110.498 E.01549
G1 X111.261 Y117.985 E.31978
G1 X111.261 Y117.471 E.01552
G1 X118.748 Y109.984 E.31978
G1 X118.748 Y109.47 E.01552
G1 X111.26 Y116.958 E.31983
G1 X111.26 Y116.445 E.01549
G1 X118.748 Y108.957 E.31983
G1 X118.748 Y108.443 E.01552
G1 X111.26 Y115.931 E.31983
G1 X111.259 Y115.418 E.01549
G1 X118.748 Y107.929 E.31987
G1 X118.748 Y107.416 E.01549
G1 X111.259 Y114.905 E.31987
G1 X111.259 Y114.391 E.01552
G1 X118.748 Y106.902 E.31987
G1 X118.748 Y106.388 E.01552
G1 X111.258 Y113.878 E.31991
G1 X111.258 Y113.365 E.01549
G1 X118.748 Y105.875 E.31991
G1 X118.748 Y105.361 E.01552
G1 X111.258 Y112.851 E.31991
G1 X111.257 Y112.338 E.01549
G1 X118.343 Y105.252 E.30266
G1 X117.83 Y105.252 E.01549
G1 X111.257 Y111.825 E.28074
G1 X111.257 Y111.311 E.01552
G1 X117.316 Y105.252 E.25879
G1 X116.802 Y105.252 E.01552
G1 X111.256 Y110.798 E.23688
G1 X111.256 Y110.285 E.01549
G1 X116.289 Y105.252 E.21497
G1 X115.775 Y105.252 E.01552
G1 X111.255 Y109.772 E.19306
G1 X111.255 Y109.258 E.01552
G1 X115.656 Y104.858 E.18795
G1 X115.656 Y104.344 E.01552
G1 X111.255 Y108.745 E.18797
G1 X111.254 Y108.232 E.01549
G1 X115.234 Y104.252 E.16999
G1 X114.72 Y104.252 E.01552
G1 X114.276 Y104.697 E.01899
G1 X113.881 Y105.091 F9000
G1 F1800
G1 X111.254 Y107.718 E.1122
G1 X111.254 Y107.205 E.01549
G1 X113.207 Y105.252 E.08342
G1 X112.693 Y105.252 E.01552
G1 X111.253 Y106.692 E.0615
G1 X111.253 Y106.178 E.01552
G1 X112.179 Y105.252 E.03955
G1 X111.666 Y105.252 E.01549
G1 X111.092 Y105.826 E.02452
EXCLUDE_OBJECT_END NAME=Trigger2_holder_stl
;LAYER_CHANGE
;Z:2.2
;HEIGHT:0.2
;BEFORE_LAYER_CHANGE
G92 E0
;2.2


G1 E-1.4 F2700
;WIPE_START
G1 F7200
G1 X111.666 Y105.252 E-.28919
G1 X112.179 Y105.252 E-.18276
G1 X111.925 Y105.506 E-.12805
;WIPE_END
G1 Z2.2 F9000
;AFTER_LAYER_CHANGE
;2.2
EXCLUDE_OBJECT_START NAME=Trigger2_holder_stl
G1 X114.043 Y103.994
G1 E2 F2400
;TYPE:Perimeter
;WIDTH:0.44
G1 F900
G1 X115.714 Y104.006 E.05517
G1 X114.051 Y103.994 E.05491
G1 X113.62 Y104.403 F9000
G1 F900
G1 X113.62 Y103.597 E.02661
G1 X116.111 Y103.597 E.08225
G1 X116.111 Y104.403 E.02661
G1 X113.68 Y104.403 E.08027
G1 E-1.4 F2700
;WIPE_START
G1 F7200
G1 X113.62 Y104.403 E-.02138
G1 X113.62 Y103.597 E-.28714
G1 X114.438 Y103.597 E-.29148
;WIPE_END
G1 X119.651 Y103.994 F9000
G1 E2 F2400
G1 F900
G1 X121.006 Y104.006 E.04474
G1 X119.704 Y103.995 E.04299
G1 X119.251 Y104.403 F9000
G1 F900
G1 X119.251 Y103.597 E.02661
G1 X119.78 Y103.597 E.01747
G1 X121.403 Y103.597 E.05359
G1 X121.403 Y104.403 E.02661
G1 X119.311 Y104.403 E.06907
G1 E-1.4 F2700
;WIPE_START
G1 F7200
G1 X119.251 Y104.403 E-.02138
G1 X119.251 Y103.597 E-.28714
G1 X119.78 Y103.597 E-.18846
G1 X120.069 Y103.597 E-.10302
;WIPE_END
G1 X110.708 Y104.006 F9000
G1 E2 F2400
G1 F900
G1 X109.994 Y103.994 E.02358
G1 X110.648 Y104.005 E.0216
G1 X111.105 Y104.403 F9000
G1 F900
G1 X109.597 Y104.403 E.04979
G1 X109.597 Y103.597 E.02661
G1 X111.105 Y103.597 E.04979
G1 X111.105 Y104.343 E.02463
G1 X111.492 Y104.21 F9000
;TYPE:External perimeter
;WIDTH:0.42
G1 F900
G1 X113.233 Y104.21 E.05459
G1 X113.233 Y103.21 E.03135
G1 X116.498 Y103.21 E.10237
G1 X116.498 Y104.21 E.03135
G1 X118.864 Y104.21 E.07418
G1 X118.864 Y103.21 E.03135
G1 X119.78 Y103.21 E.02872
G1 X121.79 Y103.21 E.06302
G1 X121.79 Y104.79 E.04954
G1 X109.21 Y104.79 E.39444
G1 X109.21 Y103.21 E.04954
G1 X111.492 Y103.21 E.07155
G1 X111.492 Y104.15 E.02947
G1 X111.299 Y104.5 F9000
;TYPE:Gap fill
;WIDTH:0.235842
G1 F900
G1 X113.426 Y104.5 E.03412
G1 E-1.4 F2700
;WIPE_START
G1 F7200
G1 X111.741 Y104.5 E-.6
;WIPE_END
G1 X116.304 Y104.5 F9000
G1 E2 F2400
G1 F900
G1 X119.057 Y104.5 E.04416
EXCLUDE_OBJECT_END NAME=Trigger2_holder_stl
;LAYER_CHANGE
;Z:2.4
;HEIGHT:0.2
;BEFORE_LAYER_CHANGE
G92 E0
;2.4


G1 E-1.4 F2700
;WIPE_START
G1 F7200
G1 X117.373 Y104.5 E-.6
;WIPE_END
G1 Z2.4 F9000
;AFTER_LAYER_CHANGE
;2.4
EXCLUDE_OBJECT_START NAME=Trigger2_holder_stl
G1 X113.907 Y103.994
G1 E2 F2400
;TYPE:Perimeter
;WIDTH:0.44
G1 F900
G1 X115.514 Y104.006 E.05306
G1 X113.915 Y103.994 E.0528
G1 X113.484 Y104.403 F9000
G1 F900
G1 X113.484 Y103.597 E.02661
G1 X115.911 Y103.597 E.08013
G1 X115.911 Y104.403 E.02661
G1 X113.544 Y104.403 E.07815
G1 E-1.4 F2700
;WIPE_START
G1 F7200
G1 X113.484 Y104.403 E-.02137
G1 X113.484 Y103.597 E-.28714
G1 X114.302 Y103.597 E-.29149
;WIPE_END
G1 X110.626 Y104.006 F9000
G1 E2 F2400
G1 F900
G1 X109.994 Y103.994 E.02087
G1 X110.566 Y104.005 E.01889
G1 X111.023 Y104.21 F9000
G1 F900
G1 X111.023 Y104.403 E.00637
G1 X109.597 Y104.403 E.04708
G1 X109.597 Y103.597 E.02661
G1 X111.023 Y103.597 E.04708
G1 X111.023 Y104.15 E.01826
G1 E-1.4 F2700
;WIPE_START
G1 F7200
G1 X111.023 Y104.21 E-.02138
G1 X111.023 Y104.403 E-.06876
G1 X109.597 Y104.403 E-.50801
G1 X109.597 Y104.398 E-.00185
;WIPE_END
G1 X119.648 Y103.994 F9000
G1 E2 F2400
G1 F900
G1 X121.006 Y104.006 E.04484
G1 X119.708 Y103.995 E.04286
G1 X119.251 Y104.403 F9000
G1 F900
G1 X119.251 Y103.597 E.02661
G1 X121.403 Y103.597 E.07105
G1 X121.403 Y104.403 E.02661
G1 X119.311 Y104.403 E.06907
G1 X118.864 Y104.21 F9000
;TYPE:External perimeter
;WIDTH:0.42
G1 F900
G1 X118.864 Y103.21 E.03135
G1 X121.79 Y103.21 E.09174
G1 X121.79 Y104.79 E.04954
G1 X109.21 Y104.79 E.39444
G1 X109.21 Y103.21 E.04954
G1 X111.41 Y103.21 E.06898
G1 X111.41 Y104.21 E.03135
G1 X113.097 Y104.21 E.05289
G1 X113.097 Y103.21 E.03135
G1 X116.298 Y103.21 E.10037
G1 X116.298 Y104.21 E.03135
G1 X118.804 Y104.21 E.07857
G1 X119.057 Y104.5 F9000
;TYPE:Gap fill
;WIDTH:0.235842
G1 F900
G1 X116.104 Y104.5 E.04737
G1 E-1.4 F2700
;WIPE_START
G1 F7200
G1 X117.788 Y104.5 E-.6
;WIPE_END
G1 X113.291 Y104.5 F9000
G1 E2 F2400
G1 F900
G1 X111.217 Y104.5 E.03327
EXCLUDE_OBJECT_END NAME=Trigger2_holder_stl
;LAYER_CHANGE
;Z:2.6
;HEIGHT:0.2
;BEFORE_LAYER_CHANGE
G92 E0
;2.6


G1 E-1.4 F2700
;WIPE_START
G1 F7200
G1 X112.901 Y104.5 E-.6
;WIPE_END
G1 Z2.6 F9000
;AFTER_LAYER_CHANGE
;2.6
EXCLUDE_OBJECT_START NAME=Trigger2_holder_stl
G1 X113.797 Y103.994
G1 E2 F2400
;TYPE:Perimeter
;WIDTH:0.44
G1 F900
G1 X115.314 Y104.006 E.05009
G1 X113.804 Y103.994 E.04986
G1 X113.373 Y104.403 F9000
G1 F900
G1 X113.373 Y103.597 E.02661
G1 X115.711 Y103.597 E.07719
G1 X115.711 Y104.403 E.02661
G1 X113.433 Y104.403 E.07521
G1 E-1.4 F2700
;WIPE_START
G1 F7200
G1 X113.373 Y104.403 E-.02138
G1 X113.373 Y103.597 E-.28714
G1 X114.191 Y103.597 E-.29148
;WIPE_END
G1 X110.556 Y104.006 F9000
G1 E2 F2400
G1 F900
G1 X109.994 Y103.994 E.01856
G1 X110.496 Y104.005 E.01658
G1 X110.954 Y104.21 F9000
G1 F900
G1 X110.954 Y104.403 E.00637
G1 X109.597 Y104.403 E.0448
G1 X109.597 Y103.597 E.02661
G1 X110.954 Y103.597 E.0448
G1 X110.954 Y104.15 E.01826
G1 E-1.4 F2700
;WIPE_START
G1 F7200
G1 X110.954 Y104.21 E-.02138
G1 X110.954 Y104.403 E-.06876
G1 X109.597 Y104.403 E-.48343
G1 X109.597 Y104.329 E-.02643
;WIPE_END
G1 X119.648 Y103.994 F9000
G1 E2 F2400
G1 F900
G1 X121.006 Y104.006 E.04484
G1 X119.708 Y103.995 E.04286
G1 X119.251 Y104.403 F9000
G1 F900
G1 X119.251 Y103.597 E.02661
G1 X121.403 Y103.597 E.07105
G1 X121.403 Y104.403 E.02661
G1 X119.311 Y104.403 E.06907
G1 X118.864 Y104.21 F9000
;TYPE:External perimeter
;WIDTH:0.42
G1 F900
G1 X118.864 Y103.21 E.03135
G1 X121.79 Y103.21 E.09174
G1 X121.79 Y104.79 E.04954
G1 X109.21 Y104.79 E.39444
G1 X109.21 Y103.21 E.04954
G1 X111.341 Y103.21 E.06682
G1 X111.341 Y104.21 E.03135
G1 X112.986 Y104.21 E.05158
G1 X112.986 Y103.21 E.03135
G1 X116.098 Y103.21 E.09757
G1 X116.098 Y104.21 E.03135
G1 X118.804 Y104.21 E.08484
G1 X119.057 Y104.5 F9000
;TYPE:Gap fill
;WIDTH:0.235844
G1 F900
G1 X115.904 Y104.5 E.05058
G1 E-1.4 F2700
;WIPE_START
G1 F7200
G1 X117.588 Y104.5 E-.6
;WIPE_END
G1 X113.18 Y104.5 F9000
G1 E2 F2400
;WIDTH:0.235842
G1 F900
G1 X111.147 Y104.5 E.03261
EXCLUDE_OBJECT_END NAME=Trigger2_holder_stl
;LAYER_CHANGE
;Z:2.8
;HEIGHT:0.2
;BEFORE_LAYER_CHANGE
G92 E0
;2.8


G1 E-1.4 F2700
;WIPE_START
G1 F7200
G1 X112.831 Y104.5 E-.6
;WIPE_END
G1 Z2.8 F9000
;AFTER_LAYER_CHANGE
;2.8
EXCLUDE_OBJECT_START NAME=Trigger2_holder_stl
G1 X113.714 Y103.994
G1 E2 F2400
;TYPE:Perimeter
;WIDTH:0.44
G1 F900
G1 X113.687 Y103.994 E.00089
G1 X115.114 Y104.006 E.04712
G1 X113.774 Y103.995 E.04424
G1 X113.29 Y104.403 F9000
G1 F900
G1 X113.29 Y103.597 E.02661
G1 X115.511 Y103.597 E.07333
G1 X115.511 Y104.403 E.02661
G1 X113.35 Y104.403 E.07135
G1 E-1.4 F2700
;WIPE_START
G1 F7200
G1 X113.29 Y104.403 E-.02138
G1 X113.29 Y103.597 E-.28714
G1 X114.108 Y103.597 E-.29148
;WIPE_END
G1 X110.504 Y104.006 F9000
G1 E2 F2400
G1 F900
G1 X109.994 Y103.994 E.01684
G1 X110.444 Y104.004 E.01486
G1 X110.901 Y104.21 F9000
G1 F900
G1 X110.901 Y104.403 E.00637
G1 X109.597 Y104.403 E.04305
G1 X109.597 Y103.597 E.02661
G1 X110.901 Y103.597 E.04305
G1 X110.901 Y104.15 E.01826
G1 E-1.4 F2700
;WIPE_START
G1 F7200
G1 X110.901 Y104.21 E-.02138
G1 X110.901 Y104.403 E-.06876
G1 X109.597 Y104.403 E-.46455
G1 X109.597 Y104.276 E-.04531
;WIPE_END
G1 X119.648 Y103.994 F9000
G1 E2 F2400
G1 F900
G1 X121.006 Y104.006 E.04484
G1 X119.708 Y103.995 E.04286
G1 X119.251 Y104.403 F9000
G1 F900
G1 X119.251 Y103.597 E.02661
G1 X121.403 Y103.597 E.07105
G1 X121.403 Y104.403 E.02661
G1 X119.311 Y104.403 E.06907
G1 X118.864 Y104.21 F9000
;TYPE:External perimeter
;WIDTH:0.42
G1 F900
G1 X118.864 Y103.21 E.03135
G1 X121.79 Y103.21 E.09174
G1 X121.79 Y104.79 E.04954
G1 X109.21 Y104.79 E.39444
G1 X109.21 Y103.21 E.04954
G1 X111.288 Y103.21 E.06515
G1 X111.288 Y104.21 E.03135
G1 X112.903 Y104.21 E.05064
G1 X112.903 Y103.21 E.03135
G1 X115.898 Y103.21 E.09391
G1 X115.898 Y104.21 E.03135
G1 X118.804 Y104.21 E.09112
G1 X119.057 Y104.5 F9000
;TYPE:Gap fill
;WIDTH:0.235842
G1 F900
G1 X115.704 Y104.5 E.05379
G1 E-1.4 F2700
;WIPE_START
G1 F7200
G1 X117.388 Y104.5 E-.6
;WIPE_END
G1 X113.097 Y104.5 F9000
G1 E2 F2400
G1 F900
G1 X111.095 Y104.5 E.03212
EXCLUDE_OBJECT_END NAME=Trigger2_holder_stl
;LAYER_CHANGE
;Z:3
;HEIGHT:0.2
;BEFORE_LAYER_CHANGE
G92 E0
;3


G1 E-1.4 F2700
;WIPE_START
G1 F7200
G1 X112.779 Y104.5 E-.6
;WIPE_END
G1 Z3 F9000
;AFTER_LAYER_CHANGE
;3
EXCLUDE_OBJECT_START NAME=Trigger2_holder_stl
G1 X113.659 Y103.994
G1 E2 F2400
;TYPE:Perimeter
;WIDTH:0.44
G1 F900
G1 X113.633 Y103.994 E.00086
G1 X114.913 Y104.006 E.04226
G1 X113.719 Y103.995 E.03942
G1 X113.235 Y104.403 F9000
G1 F900
G1 X113.235 Y103.597 E.02661
G1 X115.31 Y103.597 E.06851
G1 X115.31 Y104.403 E.02661
G1 X113.295 Y104.403 E.06653
G1 E-1.4 F2700
;WIPE_START
G1 F7200
G1 X113.235 Y104.403 E-.02138
G1 X113.235 Y103.597 E-.28714
G1 X114.053 Y103.597 E-.29148
;WIPE_END
G1 X110.468 Y104.006 F9000
G1 E2 F2400
G1 F900
G1 X109.994 Y103.994 E.01566
G1 X110.408 Y104.004 E.01367
G1 X110.865 Y104.21 F9000
G1 F900
G1 X110.865 Y104.403 E.00637
G1 X109.597 Y104.403 E.04187
G1 X109.597 Y103.597 E.02661
G1 X110.865 Y103.597 E.04187
G1 X110.865 Y104.15 E.01826
G1 E-1.4 F2700
;WIPE_START
G1 F7200
G1 X110.865 Y104.21 E-.02138
G1 X110.865 Y104.403 E-.06876
G1 X109.597 Y104.403 E-.45173
G1 X109.597 Y104.24 E-.05813
;WIPE_END
G1 X119.648 Y103.994 F9000
G1 E2 F2400
G1 F900
G1 X121.006 Y104.006 E.04484
G1 X119.708 Y103.995 E.04286
G1 X119.251 Y104.403 F9000
G1 F900
G1 X119.251 Y103.597 E.02661
G1 X121.403 Y103.597 E.07105
G1 X121.403 Y104.403 E.02661
G1 X119.311 Y104.403 E.06907
G1 X118.864 Y104.21 F9000
;TYPE:External perimeter
;WIDTH:0.42
G1 F900
G1 X118.864 Y103.21 E.03135
G1 X121.79 Y103.21 E.09174
G1 X121.79 Y104.79 E.04954
G1 X109.21 Y104.79 E.39444
G1 X109.21 Y103.21 E.04954
G1 X111.252 Y103.21 E.06403
G1 X111.252 Y104.21 E.03135
G1 X112.848 Y104.21 E.05004
G1 X112.848 Y103.21 E.03135
G1 X115.697 Y103.21 E.08933
G1 X115.697 Y104.21 E.03135
G1 X118.804 Y104.21 E.09742
G1 X119.057 Y104.5 F9000
;TYPE:Gap fill
;WIDTH:0.235842
G1 F900
G1 X115.504 Y104.5 E.057
G1 E-1.4 F2700
;WIPE_START
G1 F7200
G1 X117.188 Y104.5 E-.6
;WIPE_END
G1 X113.042 Y104.5 F9000
G1 E2 F2400
G1 F900
G1 X111.059 Y104.5 E.03181
EXCLUDE_OBJECT_END NAME=Trigger2_holder_stl
;LAYER_CHANGE
;Z:3.2
;HEIGHT:0.2
;BEFORE_LAYER_CHANGE
G92 E0
;3.2


G1 E-1.4 F2700
;WIPE_START
G1 F7200
G1 X112.743 Y104.5 E-.6
;WIPE_END
G1 Z3.2 F9000
;AFTER_LAYER_CHANGE
;3.2
EXCLUDE_OBJECT_START NAME=Trigger2_holder_stl
G1 X113.629 Y103.994
G1 E2 F2400
;TYPE:Perimeter
;WIDTH:0.44
G1 F900
G1 X114.71 Y104.006 E.03569
G1 X113.636 Y103.995 E.03546
G1 X113.205 Y104.403 F9000
G1 F900
G1 X113.205 Y103.597 E.02661
G1 X115.107 Y103.597 E.0628
G1 X115.107 Y104.403 E.02661
G1 X113.265 Y104.403 E.06082
G1 E-1.4 F2700
;WIPE_START
G1 F7200
G1 X113.205 Y104.403 E-.02138
G1 X113.205 Y103.597 E-.28714
G1 X114.023 Y103.597 E-.29148
;WIPE_END
G1 X110.44 Y104.006 F9000
G1 E2 F2400
G1 F900
G1 X109.994 Y103.994 E.01473
G1 X110.38 Y104.004 E.01275
G1 X110.838 Y104.21 F9000
G1 F900
G1 X110.838 Y104.403 E.00637
G1 X109.597 Y104.403 E.04097
G1 X109.597 Y103.597 E.02661
G1 X110.838 Y103.597 E.04097
G1 X110.838 Y104.15 E.01826
G1 E-1.4 F2700
;WIPE_START
G1 F7200
G1 X110.838 Y104.21 E-.02138
G1 X110.838 Y104.403 E-.06876
G1 X109.597 Y104.403 E-.44211
G1 X109.597 Y104.213 E-.06775
;WIPE_END
G1 X119.648 Y103.994 F9000
G1 E2 F2400
G1 F900
G1 X121.006 Y104.006 E.04484
G1 X119.708 Y103.995 E.04286
G1 X119.251 Y104.403 F9000
G1 F900
G1 X119.251 Y103.597 E.02661
G1 X121.403 Y103.597 E.07105
G1 X121.403 Y104.403 E.02661
G1 X119.311 Y104.403 E.06907
G1 X118.864 Y104.21 F9000
;TYPE:External perimeter
;WIDTH:0.42
G1 F900
G1 X118.864 Y103.21 E.03135
G1 X121.79 Y103.21 E.09174
G1 X121.79 Y104.79 E.04954
G1 X109.21 Y104.79 E.39444
G1 X109.21 Y103.21 E.04954
G1 X111.225 Y103.21 E.06318
G1 X111.225 Y104.21 E.03135
G1 X112.818 Y104.21 E.04995
G1 X112.818 Y103.21 E.03135
G1 X115.495 Y103.21 E.08394
G1 X115.495 Y104.21 E.03135
G1 X118.804 Y104.21 E.10375
G1 X119.057 Y104.5 F9000
;TYPE:Gap fill
;WIDTH:0.235842
G1 F900
G1 X115.301 Y104.5 E.06025
G1 E-1.4 F2700
;WIPE_START
G1 F7200
G1 X116.985 Y104.5 E-.6
;WIPE_END
G1 X113.012 Y104.5 F9000
G1 E2 F2400
G1 F900
G1 X111.031 Y104.5 E.03178
EXCLUDE_OBJECT_END NAME=Trigger2_holder_stl
;LAYER_CHANGE
;Z:3.4
;HEIGHT:0.2
;BEFORE_LAYER_CHANGE
G92 E0
;3.4


G1 E-1.4 F2700
;WIPE_START
G1 F7200
G1 X112.715 Y104.5 E-.6
;WIPE_END
G1 Z3.4 F9000
;AFTER_LAYER_CHANGE
;3.4
EXCLUDE_OBJECT_START NAME=Trigger2_holder_stl
G1 X113.621 Y103.994
G1 E2 F2400
;TYPE:Perimeter
;WIDTH:0.44
G1 F900
G1 X113.594 Y103.994 E.00089
G1 X114.499 Y104.006 E.02988
G1 X113.681 Y103.995 E.02701
G1 X113.197 Y104.403 F9000
G1 F900
G1 X113.197 Y103.597 E.02661
G1 X114.896 Y103.597 E.0561
G1 X114.896 Y104.403 E.02661
G1 X113.257 Y104.403 E.05412
G1 E-1.4 F2700
;WIPE_START
G1 F7200
G1 X113.197 Y104.403 E-.02138
G1 X113.197 Y103.597 E-.28714
G1 X114.015 Y103.597 E-.29148
;WIPE_END
G1 X110.431 Y104.006 F9000
G1 E2 F2400
G1 F900
G1 X109.994 Y103.994 E.01443
G1 X110.371 Y104.004 E.01245
G1 X110.828 Y104.21 F9000
G1 F900
G1 X110.828 Y104.403 E.00637
G1 X109.597 Y104.403 E.04064
G1 X109.597 Y103.597 E.02661
G1 X110.828 Y103.597 E.04064
G1 X110.828 Y104.15 E.01826
G1 E-1.4 F2700
;WIPE_START
G1 F7200
G1 X110.828 Y104.21 E-.02138
G1 X110.828 Y104.403 E-.06876
G1 X109.597 Y104.403 E-.43854
G1 X109.597 Y104.203 E-.07132
;WIPE_END
G1 X119.648 Y103.994 F9000
G1 E2 F2400
G1 F900
G1 X121.006 Y104.006 E.04484
G1 X119.708 Y103.995 E.04286
G1 X119.251 Y104.403 F9000
G1 F900
G1 X119.251 Y103.597 E.02661
G1 X121.403 Y103.597 E.07105
G1 X121.403 Y104.403 E.02661
G1 X119.311 Y104.403 E.06907
G1 X118.864 Y104.21 F9000
;TYPE:External perimeter
;WIDTH:0.42
G1 F900
G1 X118.864 Y103.21 E.03135
G1 X121.79 Y103.21 E.09174
G1 X121.79 Y104.79 E.04954
G1 X109.21 Y104.79 E.39444
G1 X109.21 Y103.21 E.04954
G1 X111.215 Y103.21 E.06287
G1 X111.215 Y104.21 E.03135
G1 X112.81 Y104.21 E.05001
G1 X112.81 Y103.21 E.03135
G1 X115.283 Y103.21 E.07754
G1 X115.283 Y104.21 E.03135
G1 X118.804 Y104.21 E.1104
G1 X119.057 Y104.5 F9000
;TYPE:Gap fill
;WIDTH:0.235842
G1 F900
G1 X115.09 Y104.5 E.06364
G1 E-1.4 F2700
;WIPE_START
G1 F7200
G1 X116.774 Y104.5 E-.6
;WIPE_END
G1 X113.004 Y104.5 F9000
G1 E2 F2400
G1 F900
G1 X111.021 Y104.5 E.03181
EXCLUDE_OBJECT_END NAME=Trigger2_holder_stl
;LAYER_CHANGE
;Z:3.6
;HEIGHT:0.2
;BEFORE_LAYER_CHANGE
G92 E0
;3.6


G1 E-1.4 F2700
;WIPE_START
G1 F7200
G1 X112.705 Y104.5 E-.6
;WIPE_END
G1 Z3.6 F9000
;AFTER_LAYER_CHANGE
;3.6
EXCLUDE_OBJECT_START NAME=Trigger2_holder_stl
G1 X113.613 Y103.994
G1 E2 F2400
;TYPE:Perimeter
;WIDTH:0.44
G1 F900
G1 X114.276 Y104.006 E.02189
G1 X113.673 Y103.995 E.01991
G1 X113.216 Y104.21 F9000
G1 F900
G1 X113.216 Y103.597 E.02024
G1 X114.673 Y103.597 E.04811
G1 X114.673 Y104.403 E.02661
G1 X113.216 Y104.403 E.04811
G1 X113.216 Y104.27 E.00439
G1 E-1.4 F2700
;WIPE_START
G1 F7200
G1 X113.216 Y104.21 E-.02137
G1 X113.216 Y103.597 E-.21838
G1 X114.227 Y103.597 E-.36025
;WIPE_END
G1 X110.403 Y104.005 F9000
G1 E2 F2400
G1 F900
G1 X109.994 Y103.994 E.01351
G1 X110.395 Y104.005 E.01324
G1 X110.826 Y104.21 F9000
G1 F900
G1 X110.826 Y104.403 E.00637
G1 X109.597 Y104.403 E.04058
G1 X109.597 Y103.597 E.02661
G1 X110.826 Y103.597 E.04058
G1 X110.826 Y104.15 E.01826
G1 E-1.4 F2700
;WIPE_START
G1 F7200
G1 X110.826 Y104.21 E-.02138
G1 X110.826 Y104.403 E-.06876
G1 X109.597 Y104.403 E-.43783
G1 X109.597 Y104.201 E-.07203
;WIPE_END
G1 X119.648 Y103.994 F9000
G1 E2 F2400
G1 F900
G1 X121.006 Y104.006 E.04484
G1 X119.708 Y103.995 E.04286
G1 X119.251 Y104.403 F9000
G1 F900
G1 X119.251 Y103.597 E.02661
G1 X121.403 Y103.597 E.07105
G1 X121.403 Y104.403 E.02661
G1 X119.311 Y104.403 E.06907
G1 E-1.4 F2700
;WIPE_START
G1 F7200
G1 X119.251 Y104.403 E-.02138
G1 X119.251 Y103.597 E-.28714
G1 X120.069 Y103.597 E-.29148
;WIPE_END
G1 X117.22 Y104.21 F9000
G1 E2 F2400
;TYPE:External perimeter
;WIDTH:0.42
G1 F900
G1 X118.864 Y104.21 E.05155
G1 X118.864 Y103.21 E.03135
G1 X121.79 Y103.21 E.09174
G1 X121.79 Y104.79 E.04954
G1 X109.21 Y104.79 E.39444
G1 X109.21 Y103.21 E.04954
G1 X111.213 Y103.21 E.0628
G1 X111.213 Y104.21 E.03135
G1 X112.829 Y104.21 E.05067
G1 X112.829 Y103.21 E.03135
G1 X115.06 Y103.21 E.06995
G1 X115.06 Y104.21 E.03135
G1 X117.128 Y104.21 E.06484
G1 X117.128 Y103.21 E.03135
G1 X117.22 Y103.21 E.00288
G1 X117.22 Y104.15 E.02947
G1 E-1.4 F2700
;WIPE_START
G1 F7200
G1 X117.22 Y104.21 E-.02138
G1 X118.844 Y104.21 E-.57862
;WIPE_END
G1 X119.057 Y104.5 F9000
G1 E2 F2400
;TYPE:Gap fill
;WIDTH:0.235842
G1 F900
G1 X114.866 Y104.5 E.06723
G1 E-1.4 F2700
;WIPE_START
G1 F7200
G1 X116.55 Y104.5 E-.6
;WIPE_END
G1 X113.022 Y104.5 F9000
G1 E2 F2400
G1 F900
G1 X111.019 Y104.5 E.03213
EXCLUDE_OBJECT_END NAME=Trigger2_holder_stl
;LAYER_CHANGE
;Z:3.8
;HEIGHT:0.2
;BEFORE_LAYER_CHANGE
G92 E0
;3.8


G1 E-1.4 F2700
;WIPE_START
G1 F7200
G1 X112.703 Y104.5 E-.6
;WIPE_END
G1 Z3.8 F9000
;AFTER_LAYER_CHANGE
;3.8
EXCLUDE_OBJECT_START NAME=Trigger2_holder_stl
G1 X113.671 Y103.994
G1 E2 F2400
;TYPE:Perimeter
;WIDTH:0.44
G1 F900
G1 X114.035 Y104.006 E.01202
G1 X113.731 Y103.996 E.01004
G1 X113.274 Y104.21 F9000
G1 F900
G1 X113.274 Y103.597 E.02024
G1 X114.432 Y103.597 E.03823
G1 X114.432 Y104.403 E.02661
G1 X113.274 Y104.403 E.03823
G1 X113.274 Y104.27 E.00439
G1 E-1.4 F2700
;WIPE_START
G1 F7200
G1 X113.274 Y104.21 E-.02137
G1 X113.274 Y103.597 E-.21838
G1 X114.285 Y103.597 E-.36025
;WIPE_END
G1 X110.412 Y104.005 F9000
G1 E2 F2400
G1 F900
G1 X109.994 Y103.994 E.01381
G1 X110.404 Y104.005 E.01354
G1 X110.835 Y104.21 F9000
G1 F900
G1 X110.835 Y104.403 E.00637
G1 X109.597 Y104.403 E.04088
G1 X109.597 Y103.597 E.02661
G1 X110.835 Y103.597 E.04088
G1 X110.835 Y104.15 E.01826
G1 E-1.4 F2700
;WIPE_START
G1 F7200
G1 X110.835 Y104.21 E-.02138
G1 X110.835 Y104.403 E-.06876
G1 X109.597 Y104.403 E-.44104
G1 X109.597 Y104.21 E-.06882
;WIPE_END
G1 X119.648 Y103.994 F9000
G1 E2 F2400
G1 F900
G1 X121.006 Y104.006 E.04484
G1 X119.708 Y103.995 E.04286
G1 X119.251 Y104.403 F9000
G1 F900
G1 X119.251 Y103.597 E.02661
G1 X121.403 Y103.597 E.07105
G1 X121.403 Y104.403 E.02661
G1 X119.311 Y104.403 E.06907
G1 E-1.4 F2700
;WIPE_START
G1 F7200
G1 X119.251 Y104.403 E-.02138
G1 X119.251 Y103.597 E-.28714
G1 X120.069 Y103.597 E-.29148
;WIPE_END
G1 X117.22 Y104.21 F9000
G1 E2 F2400
;TYPE:External perimeter
;WIDTH:0.42
G1 F900
G1 X118.864 Y104.21 E.05155
G1 X118.864 Y103.21 E.03135
G1 X121.79 Y103.21 E.09174
G1 X121.79 Y104.79 E.04954
G1 X109.21 Y104.79 E.39444
G1 X109.21 Y103.21 E.04954
G1 X111.222 Y103.21 E.06308
G1 X111.222 Y104.21 E.03135
G1 X112.887 Y104.21 E.0522
G1 X112.887 Y103.21 E.03135
G1 X114.819 Y103.21 E.06058
G1 X114.819 Y104.21 E.03135
G1 X116.936 Y104.21 E.06638
G1 X116.936 Y103.21 E.03135
G1 X117.22 Y103.21 E.0089
G1 X117.22 Y104.15 E.02947
G1 E-1.4 F2700
;WIPE_START
G1 F7200
G1 X117.22 Y104.21 E-.02138
G1 X118.844 Y104.21 E-.57862
;WIPE_END
G1 X119.057 Y104.5 F9000
G1 E2 F2400
;TYPE:Gap fill
;WIDTH:0.235842
G1 F900
G1 X114.625 Y104.5 E.0711
G1 E-1.4 F2700
;WIPE_START
G1 F7200
G1 X116.309 Y104.5 E-.6
;WIPE_END
G1 X113.081 Y104.5 F9000
G1 E2 F2400
G1 F900
G1 X111.029 Y104.5 E.03292
EXCLUDE_OBJECT_END NAME=Trigger2_holder_stl
;LAYER_CHANGE
;Z:4
;HEIGHT:0.2
;BEFORE_LAYER_CHANGE
G92 E0
;4


G1 E-1.4 F2700
;WIPE_START
G1 F7200
G1 X112.713 Y104.5 E-.6
;WIPE_END
G1 Z4 F9000
;AFTER_LAYER_CHANGE
;4
EXCLUDE_OBJECT_START NAME=Trigger2_holder_stl
G1 X113.385 Y104.21
G1 E2 F2400
;TYPE:Perimeter
;WIDTH:0.44
G1 F900
G1 X113.385 Y103.597 E.02024
G1 X114.161 Y103.597 E.02562
G1 X114.161 Y104.403 E.02661
G1 X113.385 Y104.403 E.02562
G1 X113.385 Y104.27 E.00439
G1 E-1.4 F2700
;WIPE_START
G1 F7200
G1 X113.385 Y104.21 E-.02137
G1 X113.385 Y103.597 E-.21838
G1 X114.161 Y103.597 E-.27645
G1 X114.161 Y103.832 E-.0838
;WIPE_END
G1 X110.433 Y104.005 F9000
G1 E2 F2400
G1 F900
G1 X110.459 Y104.006 E.00086
G1 X109.994 Y103.994 E.01536
G1 X110.373 Y104.004 E.01252
G1 X110.856 Y104.21 F9000
G1 F900
G1 X110.856 Y104.403 E.00637
G1 X109.597 Y104.403 E.04157
G1 X109.597 Y103.597 E.02661
G1 X110.856 Y103.597 E.04157
G1 X110.856 Y104.15 E.01826
G1 E-1.4 F2700
;WIPE_START
G1 F7200
G1 X110.856 Y104.21 E-.02138
G1 X110.856 Y104.403 E-.06876
G1 X109.597 Y104.403 E-.44852
G1 X109.597 Y104.231 E-.06134
;WIPE_END
G1 X119.648 Y103.994 F9000
G1 E2 F2400
G1 F900
G1 X121.006 Y104.006 E.04484
G1 X119.708 Y103.995 E.04286
G1 X119.251 Y104.403 F9000
G1 F900
G1 X119.251 Y103.597 E.02661
G1 X121.403 Y103.597 E.07105
G1 X121.403 Y104.403 E.02661
G1 X119.311 Y104.403 E.06907
G1 E-1.4 F2700
;WIPE_START
G1 F7200
G1 X119.251 Y104.403 E-.02138
G1 X119.251 Y103.597 E-.28714
G1 X120.069 Y103.597 E-.29148
;WIPE_END
G1 X117.22 Y104.21 F9000
G1 E2 F2400
;TYPE:External perimeter
;WIDTH:0.42
G1 F900
G1 X118.864 Y104.21 E.05155
G1 X118.864 Y103.21 E.03135
G1 X121.79 Y103.21 E.09174
G1 X121.79 Y104.79 E.04954
G1 X109.21 Y104.79 E.39444
G1 X109.21 Y103.21 E.04954
G1 X111.243 Y103.21 E.06374
G1 X111.243 Y104.21 E.03135
G1 X112.998 Y104.21 E.05503
G1 X112.998 Y103.21 E.03135
G1 X114.548 Y103.21 E.0486
G1 X114.548 Y104.21 E.03135
G1 X116.745 Y104.21 E.06889
G1 X116.745 Y103.21 E.03135
G1 X117.22 Y103.21 E.01489
G1 X117.22 Y104.15 E.02947
G1 X116.982 Y104.495 F9000
;TYPE:Gap fill
;WIDTH:0.245814
G1 F900
G1 X114.354 Y104.5 E.04434
G1 X113.192 Y104.5 F9000
;WIDTH:0.235842
G1 F900
G1 X111.05 Y104.5 E.03436
G1 E-1.4 F2700
;WIPE_START
G1 F7200
G1 X112.734 Y104.5 E-.6
;WIPE_END
G1 X116.982 Y103.404 F9000
G1 E2 F2400
;WIDTH:0.169033
G1 F900
G1 X116.982 Y104.434 E.0108
;WIDTH:0.235842
G1 X116.982 Y104.495 E.00098
G1 X117.026 Y104.5 E.00071
G1 X119.057 Y104.5 E.03258
EXCLUDE_OBJECT_END NAME=Trigger2_holder_stl
;LAYER_CHANGE
;Z:4.2
;HEIGHT:0.2
;BEFORE_LAYER_CHANGE
G92 E0
;4.2


G1 E-1.4 F2700
;WIPE_START
G1 F7200
G1 X117.373 Y104.5 E-.6
;WIPE_END
G1 Z4.2 F9000
;AFTER_LAYER_CHANGE
;4.2
EXCLUDE_OBJECT_START NAME=Trigger2_holder_stl
G1 X113.827 Y104.403
G1 E2 F2400
;TYPE:Perimeter
;WIDTH:0.44
G1 F900
G1 X113.591 Y104.403 E.00779
G1 X113.591 Y103.597 E.02661
G1 X113.827 Y103.597 E.00779
G1 X113.827 Y104.343 E.02463
G1 E-1.4 F2700
;WIPE_START
G1 F7200
G1 X113.827 Y104.403 E-.02138
G1 X113.591 Y104.403 E-.08407
G1 X113.591 Y103.597 E-.28714
G1 X113.827 Y103.597 E-.08407
G1 X113.827 Y103.943 E-.12334
;WIPE_END
G1 X110.495 Y104.006 F9000
G1 E2 F2400
G1 F900
G1 X109.999 Y103.994 E.01638
G1 X110.435 Y104.004 E.0144
G1 X110.892 Y104.21 F9000
G1 F900
G1 X110.892 Y104.403 E.00637
G1 X109.602 Y104.403 E.04259
G1 X109.602 Y103.597 E.02661
G1 X110.892 Y103.597 E.04259
G1 X110.892 Y104.15 E.01826
G1 E-1.4 F2700
;WIPE_START
G1 F7200
G1 X110.892 Y104.21 E-.02138
G1 X110.892 Y104.403 E-.06876
G1 X109.602 Y104.403 E-.45956
G1 X109.602 Y104.262 E-.0503
;WIPE_END
G1 X119.648 Y103.994 F9000
G1 E2 F2400
G1 F900
G1 X121.001 Y104.006 E.04467
G1 X119.708 Y103.995 E.04269
G1 X119.251 Y104.403 F9000
G1 F900
G1 X119.251 Y103.597 E.02661
G1 X121.398 Y103.597 E.07089
G1 X121.398 Y104.403 E.02661
G1 X119.311 Y104.403 E.06891
G1 E-1.4 F2700
;WIPE_START
G1 F7200
G1 X119.251 Y104.403 E-.02138
G1 X119.251 Y103.597 E-.28714
G1 X120.069 Y103.597 E-.29148
;WIPE_END
G1 X117.22 Y104.21 F9000
G1 E2 F2400
;TYPE:External perimeter
;WIDTH:0.42
G1 F900
G1 X118.864 Y104.21 E.05155
G1 X118.864 Y103.21 E.03135
G1 X121.785 Y103.21 E.09159
G1 X121.785 Y104.79 E.04954
G1 X109.215 Y104.79 E.39412
G1 X109.215 Y103.21 E.04954
G1 X111.279 Y103.21 E.06472
G1 X111.279 Y104.21 E.03135
G1 X113.204 Y104.21 E.06036
G1 X113.204 Y103.21 E.03135
G1 X114.214 Y103.21 E.03167
G1 X114.214 Y104.21 E.03135
G1 X116.555 Y104.21 E.0734
G1 X116.555 Y103.21 E.03135
G1 X117.22 Y103.21 E.02085
G1 X117.22 Y104.15 E.02947
G1 X116.888 Y104.45 F9000
;TYPE:Gap fill
;WIDTH:0.335572
G1 F900
G1 X116.749 Y104.5 E.00359
;WIDTH:0.235842
G1 X114.021 Y104.5 E.04376
G1 X113.398 Y104.5 F9000
G1 F900
G1 X111.086 Y104.5 E.03709
G1 E-1.4 F2700
;WIPE_START
G1 F7200
G1 X112.77 Y104.5 E-.6
;WIPE_END
G1 X116.888 Y103.404 F9000
G1 E2 F2400
;WIDTH:0.335571
G1 F900
G1 X116.888 Y104.45 E.02545
G1 X116.957 Y104.475 E.00179
;WIDTH:0.235842
G1 X117.026 Y104.5 E.00118
G1 X119.057 Y104.5 E.03258
EXCLUDE_OBJECT_END NAME=Trigger2_holder_stl
;LAYER_CHANGE
;Z:4.4
;HEIGHT:0.2
;BEFORE_LAYER_CHANGE
G92 E0
;4.4


G1 E-1.4 F2700
;WIPE_START
G1 F7200
G1 X117.373 Y104.5 E-.6
;WIPE_END
G1 Z4.4 F9000
;AFTER_LAYER_CHANGE
;4.4
EXCLUDE_OBJECT_START NAME=Trigger2_holder_stl
G1 X116.833 Y104.403
G1 E2 F2400
;TYPE:Perimeter
;WIDTH:0.44
G1 F900
G1 X116.75 Y104.403 E.00274
G1 X116.75 Y103.597 E.02661
G1 X116.833 Y103.597 E.00274
G1 X116.833 Y104.343 E.02463
G1 E-1.4 F2700
;WIPE_START
G1 F7200
G1 X116.833 Y104.403 E-.02138
G1 X116.75 Y104.403 E-.02957
G1 X116.75 Y103.597 E-.28714
G1 X116.833 Y103.597 E-.02957
G1 X116.833 Y104.249 E-.23234
;WIPE_END
G1 X119.648 Y103.994 F9000
G1 E2 F2400
G1 F900
G1 X120.99 Y104.006 E.04431
G1 X119.708 Y103.995 E.04233
G1 X119.251 Y104.403 F9000
G1 F900
G1 X119.251 Y103.597 E.02661
G1 X121.387 Y103.597 E.07052
G1 X121.387 Y104.403 E.02661
G1 X119.311 Y104.403 E.06854
G1 E-1.4 F2700
;WIPE_START
G1 F7200
G1 X119.251 Y104.403 E-.02138
G1 X119.251 Y103.597 E-.28714
G1 X120.069 Y103.597 E-.29148
;WIPE_END
G1 X110.543 Y104.006 F9000
G1 E2 F2400
G1 F900
G1 X110.01 Y103.994 E.0176
G1 X110.489 Y104.005 E.01582
G1 X110.943 Y104.21 F9000
G1 F900
G1 X110.943 Y104.403 E.00637
G1 X109.613 Y104.403 E.04391
G1 X109.613 Y103.597 E.02661
G1 X110.943 Y103.597 E.04391
G1 X110.943 Y104.15 E.01826
G1 X111.33 Y104.21 F9000
;TYPE:External perimeter
;WIDTH:0.42
G1 F900
G1 X116.363 Y104.21 E.15781
G1 X116.363 Y103.21 E.03135
G1 X117.22 Y103.21 E.02687
G1 X117.22 Y104.21 E.03135
G1 X118.864 Y104.21 E.05155
G1 X118.864 Y103.21 E.03135
G1 X121.774 Y103.21 E.09124
G1 X121.774 Y104.79 E.04954
G1 X109.226 Y104.79 E.39343
G1 X109.226 Y103.21 E.04954
G1 X111.33 Y103.21 E.06597
G1 X111.33 Y104.15 E.02947
G1 X111.136 Y104.5 F9000
;TYPE:Gap fill
;WIDTH:0.235842
G1 F900
G1 X116.557 Y104.5 E.08696
G1 X117.026 Y104.5 F9000
G1 F900
G1 X119.057 Y104.5 E.03258
EXCLUDE_OBJECT_END NAME=Trigger2_holder_stl
;LAYER_CHANGE
;Z:4.6
;HEIGHT:0.2
;BEFORE_LAYER_CHANGE
G92 E0
;4.6


G1 E-1.4 F2700
;WIPE_START
G1 F7200
G1 X117.373 Y104.5 E-.6
;WIPE_END
G1 Z4.6 F9000
;AFTER_LAYER_CHANGE
;4.6
EXCLUDE_OBJECT_START NAME=Trigger2_holder_stl
G1 X116.833 Y104.403
G1 E2 F2400
;TYPE:Perimeter
;WIDTH:0.44
G1 F900
G1 X116.55 Y104.403 E.00934
G1 X116.55 Y103.597 E.02661
G1 X116.833 Y103.597 E.00934
G1 X116.833 Y104.343 E.02463
G1 E-1.4 F2700
;WIPE_START
G1 F7200
G1 X116.833 Y104.403 E-.02138
G1 X116.55 Y104.403 E-.10082
G1 X116.55 Y103.597 E-.28714
G1 X116.833 Y103.597 E-.10082
G1 X116.833 Y103.849 E-.08984
;WIPE_END
G1 X119.648 Y103.994 F9000
G1 E2 F2400
G1 F900
G1 X120.96 Y104.006 E.04332
G1 X119.708 Y103.995 E.04134
G1 X119.251 Y104.403 F9000
G1 F900
G1 X119.251 Y103.597 E.02661
G1 X121.357 Y103.597 E.06953
G1 X121.357 Y104.403 E.02661
G1 X119.311 Y104.403 E.06755
G1 E-1.4 F2700
;WIPE_START
G1 F7200
G1 X119.251 Y104.403 E-.02138
G1 X119.251 Y103.597 E-.28714
G1 X120.069 Y103.597 E-.29148
;WIPE_END
G1 X110.611 Y104.006 F9000
G1 E2 F2400
G1 F900
G1 X110.04 Y103.994 E.01886
G1 X110.557 Y104.005 E.01707
G1 X111.011 Y104.21 F9000
G1 F900
G1 X111.011 Y104.403 E.00637
G1 X109.643 Y104.403 E.04517
G1 X109.643 Y103.597 E.02661
G1 X111.011 Y103.597 E.04517
G1 X111.011 Y104.15 E.01826
G1 X111.398 Y104.21 F9000
;TYPE:External perimeter
;WIDTH:0.42
G1 F900
G1 X116.163 Y104.21 E.1494
G1 X116.163 Y103.21 E.03135
G1 X117.22 Y103.21 E.03314
G1 X117.22 Y104.21 E.03135
G1 X118.864 Y104.21 E.05155
G1 X118.864 Y103.21 E.03135
G1 X121.744 Y103.21 E.0903
G1 X121.744 Y104.79 E.04954
G1 X109.256 Y104.79 E.39155
G1 X109.256 Y103.21 E.04954
G1 X111.398 Y103.21 E.06716
G1 X111.398 Y104.15 E.02947
G1 X111.205 Y104.5 F9000
;TYPE:Gap fill
;WIDTH:0.235842
G1 F900
G1 X116.356 Y104.5 E.08263
G1 X117.026 Y104.5 F9000
G1 F900
G1 X119.057 Y104.5 E.03258
EXCLUDE_OBJECT_END NAME=Trigger2_holder_stl
;LAYER_CHANGE
;Z:4.8
;HEIGHT:0.2
;BEFORE_LAYER_CHANGE
G92 E0
;4.8


G1 E-1.4 F2700
;WIPE_START
G1 F7200
G1 X117.373 Y104.5 E-.6
;WIPE_END
G1 Z4.8 F9000
;AFTER_LAYER_CHANGE
;4.8
EXCLUDE_OBJECT_START NAME=Trigger2_holder_stl
G1 X116.833 Y104.403
G1 E2 F2400
;TYPE:Perimeter
;WIDTH:0.44
G1 F900
G1 X116.339 Y104.403 E.01631
G1 X116.339 Y103.597 E.02661
G1 X116.833 Y103.597 E.01631
G1 X116.833 Y104.343 E.02463
G1 E-1.4 F2700
;WIPE_START
G1 F7200
G1 X116.833 Y104.403 E-.02138
G1 X116.339 Y104.403 E-.17599
G1 X116.339 Y103.597 E-.28714
G1 X116.663 Y103.597 E-.11549
;WIPE_END
G1 X119.648 Y103.994 F9000
G1 E2 F2400
G1 F900
G1 X120.92 Y104.006 E.042
G1 X119.708 Y103.995 E.04002
G1 X119.251 Y104.403 F9000
G1 F900
G1 X119.251 Y103.597 E.02661
G1 X121.317 Y103.597 E.06821
G1 X121.317 Y104.403 E.02661
G1 X119.311 Y104.403 E.06623
G1 E-1.4 F2700
;WIPE_START
G1 F7200
G1 X119.251 Y104.403 E-.02138
G1 X119.251 Y103.597 E-.28714
G1 X120.069 Y103.597 E-.29148
;WIPE_END
G1 X110.701 Y104.006 F9000
G1 E2 F2400
G1 F900
G1 X110.704 Y104.006 E.0001
G1 X110.08 Y103.994 E.02061
G1 X110.641 Y104.005 E.01853
G1 X111.101 Y104.21 F9000
G1 F900
G1 X111.101 Y104.403 E.00637
G1 X109.683 Y104.403 E.04682
G1 X109.683 Y103.597 E.02661
G1 X111.101 Y103.597 E.04682
G1 X111.101 Y104.15 E.01826
G1 X111.488 Y104.21 F9000
;TYPE:External perimeter
;WIDTH:0.42
G1 F900
G1 X115.951 Y104.21 E.13993
G1 X115.951 Y103.21 E.03135
G1 X117.22 Y103.21 E.03979
G1 X117.22 Y104.21 E.03135
G1 X118.864 Y104.21 E.05155
G1 X118.864 Y103.21 E.03135
G1 X121.704 Y103.21 E.08905
G1 X121.704 Y104.79 E.04954
G1 X109.296 Y104.79 E.38904
G1 X109.296 Y103.21 E.04954
G1 X111.488 Y103.21 E.06873
G1 X111.488 Y104.15 E.02947
G1 X111.294 Y104.5 F9000
;TYPE:Gap fill
;WIDTH:0.235842
G1 F900
G1 X116.145 Y104.5 E.07782
G1 X116.586 Y103.796 F9000
;WIDTH:0.1401
G1 F900
G1 X116.586 Y104.204 E.0033
G1 X117.026 Y104.5 F9000
;WIDTH:0.235842
G1 F900
G1 X119.057 Y104.5 E.03258
EXCLUDE_OBJECT_END NAME=Trigger2_holder_stl
;LAYER_CHANGE
;Z:5
;HEIGHT:0.2
;BEFORE_LAYER_CHANGE
G92 E0
;5


G1 E-1.4 F2700
;WIPE_START
G1 F7200
G1 X117.373 Y104.5 E-.6
;WIPE_END
G1 Z5 F9000
;AFTER_LAYER_CHANGE
;5
EXCLUDE_OBJECT_START NAME=Trigger2_holder_stl
G1 X116.833 Y104.403
G1 E2 F2400
;TYPE:Perimeter
;WIDTH:0.44
G1 F900
G1 X116.11 Y104.403 E.02387
G1 X116.11 Y103.597 E.02661
G1 X116.833 Y103.597 E.02387
G1 X116.833 Y104.343 E.02463
G1 E-1.4 F2700
;WIPE_START
G1 F7200
G1 X116.833 Y104.403 E-.02138
G1 X116.11 Y104.403 E-.25757
G1 X116.11 Y103.597 E-.28714
G1 X116.205 Y103.597 E-.03391
;WIPE_END
G1 X119.648 Y103.994 F9000
G1 E2 F2400
G1 F900
G1 X120.866 Y104.006 E.04022
G1 X119.708 Y103.995 E.03824
G1 X119.251 Y104.403 F9000
G1 F900
G1 X119.251 Y103.597 E.02661
G1 X121.263 Y103.597 E.06643
G1 X121.263 Y104.403 E.02661
G1 X119.311 Y104.403 E.06445
G1 E-1.4 F2700
;WIPE_START
G1 F7200
G1 X119.251 Y104.403 E-.02138
G1 X119.251 Y103.597 E-.28714
G1 X120.069 Y103.597 E-.29148
;WIPE_END
G1 X110.817 Y104.006 F9000
G1 E2 F2400
G1 F900
G1 X110.821 Y104.006 E.00013
G1 X110.134 Y103.994 E.02269
G1 X110.757 Y104.005 E.02057
G1 X111.218 Y104.21 F9000
G1 F900
G1 X111.218 Y104.403 E.00637
G1 X109.737 Y104.403 E.0489
G1 X109.737 Y103.597 E.02661
G1 X111.218 Y103.597 E.0489
G1 X111.218 Y104.15 E.01826
G1 X111.605 Y104.21 F9000
;TYPE:External perimeter
;WIDTH:0.42
G1 F900
G1 X115.723 Y104.21 E.12912
G1 X115.723 Y103.21 E.03135
G1 X117.22 Y103.21 E.04694
G1 X117.22 Y104.21 E.03135
G1 X118.864 Y104.21 E.05155
G1 X118.864 Y103.21 E.03135
G1 X121.65 Y103.21 E.08735
G1 X121.65 Y104.79 E.04954
G1 X109.35 Y104.79 E.38566
G1 X109.35 Y103.21 E.04954
G1 X111.605 Y103.21 E.0707
G1 X111.605 Y104.15 E.02947
G1 X111.411 Y104.5 F9000
;TYPE:Gap fill
;WIDTH:0.235842
G1 F900
G1 X115.917 Y104.5 E.07228
G1 X117.026 Y104.5 F9000
G1 F900
G1 X119.057 Y104.5 E.03258
EXCLUDE_OBJECT_END NAME=Trigger2_holder_stl
;LAYER_CHANGE
;Z:5.2
;HEIGHT:0.2
;BEFORE_LAYER_CHANGE
G92 E0
;5.2


G1 E-1.4 F2700
;WIPE_START
G1 F7200
G1 X117.373 Y104.5 E-.6
;WIPE_END
G1 Z5.2 F9000
;AFTER_LAYER_CHANGE
;5.2
EXCLUDE_OBJECT_START NAME=Trigger2_holder_stl
G1 X116.41 Y104.004
G1 E2 F2400
;TYPE:Perimeter
;WIDTH:0.44
G1 F900
G1 X116.249 Y103.994 E.00533
G1 X116.402 Y104.004 E.00506
G1 X116.833 Y104.403 F9000
G1 F900
G1 X115.852 Y104.403 E.03239
G1 X115.852 Y103.597 E.02661
G1 X116.833 Y103.597 E.03239
G1 X116.833 Y104.343 E.02463
G1 E-1.4 F2700
;WIPE_START
G1 F7200
G1 X116.833 Y104.403 E-.02138
G1 X115.852 Y104.403 E-.34948
G1 X115.852 Y103.76 E-.22914
;WIPE_END
G1 X119.648 Y103.994 F9000
G1 E2 F2400
G1 F900
G1 X120.793 Y104.006 E.03781
G1 X119.708 Y103.995 E.03583
G1 X119.251 Y104.403 F9000
G1 F900
G1 X119.251 Y103.597 E.02661
G1 X121.19 Y103.597 E.06402
G1 X121.19 Y104.403 E.02661
G1 X119.311 Y104.403 E.06204
G1 E-1.4 F2700
;WIPE_START
G1 F7200
G1 X119.251 Y104.403 E-.02138
G1 X119.251 Y103.597 E-.28714
G1 X120.069 Y103.597 E-.29148
;WIPE_END
G1 X110.973 Y104.006 F9000
G1 E2 F2400
G1 F900
G1 X110.207 Y103.994 E.02529
G1 X110.92 Y104.005 E.02354
G1 X111.374 Y104.21 F9000
G1 F900
G1 X111.374 Y104.403 E.00637
G1 X109.81 Y104.403 E.05164
G1 X109.81 Y103.597 E.02661
G1 X111.374 Y103.597 E.05164
G1 X111.374 Y104.15 E.01826
G1 X111.761 Y104.21 F9000
;TYPE:External perimeter
;WIDTH:0.42
G1 F900
G1 X115.465 Y104.21 E.11614
G1 X115.465 Y103.21 E.03135
G1 X117.22 Y103.21 E.05503
G1 X117.22 Y104.21 E.03135
G1 X118.864 Y104.21 E.05155
G1 X118.864 Y103.21 E.03135
G1 X121.577 Y103.21 E.08506
G1 X121.577 Y104.79 E.04954
G1 X109.423 Y104.79 E.38108
G1 X109.423 Y103.21 E.04954
G1 X111.761 Y103.21 E.07331
G1 X111.761 Y104.15 E.02947
G1 X111.567 Y104.5 F9000
;TYPE:Gap fill
;WIDTH:0.235842
G1 F900
G1 X115.658 Y104.5 E.06563
G1 X117.026 Y104.5 F9000
G1 F900
G1 X119.057 Y104.5 E.03258
EXCLUDE_OBJECT_END NAME=Trigger2_holder_stl
;LAYER_CHANGE
;Z:5.4
;HEIGHT:0.2
;BEFORE_LAYER_CHANGE
G92 E0
;5.4


G1 E-1.4 F2700
;WIPE_START
G1 F7200
G1 X117.373 Y104.5 E-.6
;WIPE_END
G1 Z5.4 F9000
;AFTER_LAYER_CHANGE
;5.4
EXCLUDE_OBJECT_START NAME=Trigger2_holder_stl
G1 X116.41 Y104.005
G1 E2 F2400
;TYPE:Perimeter
;WIDTH:0.44
G1 F900
G1 X116.436 Y104.006 E.00086
G1 X115.946 Y103.994 E.01618
G1 X116.35 Y104.004 E.01334
G1 X116.833 Y104.403 F9000
G1 F900
G1 X115.549 Y104.403 E.04239
G1 X115.549 Y103.597 E.02661
G1 X116.833 Y103.597 E.04239
G1 X116.833 Y104.343 E.02463
G1 E-1.4 F2700
;WIPE_START
G1 F7200
G1 X116.833 Y104.403 E-.02138
G1 X115.549 Y104.403 E-.45742
G1 X115.549 Y104.063 E-.1212
;WIPE_END
G1 X119.648 Y103.994 F9000
G1 E2 F2400
G1 F900
G1 X120.706 Y104.006 E.03493
G1 X119.708 Y103.995 E.03295
G1 X119.251 Y104.403 F9000
G1 F900
G1 X119.251 Y103.597 E.02661
G1 X121.103 Y103.597 E.06115
G1 X121.103 Y104.403 E.02661
G1 X119.311 Y104.403 E.05917
G1 E-1.4 F2700
;WIPE_START
G1 F7200
G1 X119.251 Y104.403 E-.02138
G1 X119.251 Y103.597 E-.28714
G1 X120.069 Y103.597 E-.29148
;WIPE_END
G1 X111.188 Y104.006 F9000
G1 E2 F2400
G1 F900
G1 X110.294 Y103.994 E.02952
G1 X111.135 Y104.005 E.02777
G1 X111.589 Y104.21 F9000
G1 F900
G1 X111.589 Y104.403 E.00637
G1 X109.897 Y104.403 E.05587
G1 X109.897 Y103.597 E.02661
G1 X111.589 Y103.597 E.05587
G1 X111.589 Y104.15 E.01826
G1 X111.976 Y104.21 F9000
;TYPE:External perimeter
;WIDTH:0.42
G1 F900
G1 X115.162 Y104.21 E.09989
G1 X115.162 Y103.21 E.03135
G1 X117.22 Y103.21 E.06453
G1 X117.22 Y104.21 E.03135
G1 X118.864 Y104.21 E.05155
G1 X118.864 Y103.21 E.03135
G1 X121.49 Y103.21 E.08234
G1 X121.49 Y104.79 E.04954
G1 X109.51 Y104.79 E.37562
G1 X109.51 Y103.21 E.04954
G1 X111.976 Y103.21 E.07732
G1 X111.976 Y104.15 E.02947
G1 X111.782 Y104.5 F9000
;TYPE:Gap fill
;WIDTH:0.235842
G1 F900
G1 X115.356 Y104.5 E.05733
G1 E-1.4 F2700
;WIPE_START
G1 F7200
G1 X113.672 Y104.5 E-.6
;WIPE_END
G1 X117.026 Y104.5 F9000
G1 E2 F2400
G1 F900
G1 X119.057 Y104.5 E.03258
EXCLUDE_OBJECT_END NAME=Trigger2_holder_stl
;LAYER_CHANGE
;Z:5.6
;HEIGHT:0.2
;BEFORE_LAYER_CHANGE
G92 E0
;5.6


G1 E-1.4 F2700
;WIPE_START
G1 F7200
G1 X117.373 Y104.5 E-.6
;WIPE_END
G1 Z5.6 F9000
;AFTER_LAYER_CHANGE
;5.6
EXCLUDE_OBJECT_START NAME=Trigger2_holder_stl
G1 X116.41 Y104.005
G1 E2 F2400
;TYPE:Perimeter
;WIDTH:0.44
G1 F900
G1 X116.436 Y104.006 E.00086
G1 X115.552 Y103.994 E.02919
G1 X116.35 Y104.005 E.02635
G1 X116.833 Y104.403 F9000
G1 F900
G1 X115.155 Y104.403 E.0554
G1 X115.155 Y103.597 E.02661
G1 X116.833 Y103.597 E.0554
G1 X116.833 Y104.343 E.02463
G1 E-1.4 F2700
;WIPE_START
G1 F7200
G1 X116.833 Y104.403 E-.02138
G1 X115.208 Y104.403 E-.57862
;WIPE_END
G1 X119.648 Y103.994 F9000
G1 E2 F2400
G1 F900
G1 X120.604 Y104.006 E.03157
G1 X119.708 Y103.995 E.02959
G1 X119.251 Y104.403 F9000
G1 F900
G1 X119.251 Y103.597 E.02661
G1 X121.001 Y103.597 E.05778
G1 X121.001 Y104.403 E.02661
G1 X119.311 Y104.403 E.0558
G1 E-1.4 F2700
;WIPE_START
G1 F7200
G1 X119.251 Y104.403 E-.02138
G1 X119.251 Y103.597 E-.28714
G1 X120.069 Y103.597 E-.29148
;WIPE_END
G1 X111.51 Y103.994 F9000
G1 E2 F2400
G1 F900
G1 X111.513 Y103.994 E.0001
G1 X110.396 Y104.006 E.03688
G1 X111.45 Y103.995 E.0348
G1 X111.911 Y104.403 F9000
G1 F900
G1 X109.999 Y104.403 E.06313
G1 X109.999 Y103.597 E.02661
G1 X111.911 Y103.597 E.06313
G1 X111.911 Y104.343 E.02463
G1 X112.298 Y104.21 F9000
;TYPE:External perimeter
;WIDTH:0.42
G1 F900
G1 X114.767 Y104.21 E.07741
G1 X114.767 Y103.21 E.03135
G1 X117.22 Y103.21 E.07691
G1 X117.22 Y104.21 E.03135
G1 X118.864 Y104.21 E.05155
G1 X118.864 Y103.21 E.03135
G1 X121.388 Y103.21 E.07914
G1 X121.388 Y104.79 E.04954
G1 X109.612 Y104.79 E.36923
G1 X109.612 Y103.21 E.04954
G1 X112.298 Y103.21 E.08422
G1 X112.298 Y104.15 E.02947
G1 X112.104 Y104.5 F9000
;TYPE:Gap fill
;WIDTH:0.235842
G1 F900
G1 X114.961 Y104.5 E.04583
G1 E-1.4 F2700
;WIPE_START
G1 F7200
G1 X113.277 Y104.5 E-.6
;WIPE_END
G1 X117.026 Y104.5 F9000
G1 E2 F2400
G1 F900
G1 X119.057 Y104.5 E.03258
EXCLUDE_OBJECT_END NAME=Trigger2_holder_stl
;LAYER_CHANGE
;Z:5.8
;HEIGHT:0.2
;BEFORE_LAYER_CHANGE
G92 E0
;5.8


G1 E-1.4 F2700
;WIPE_START
G1 F7200
G1 X117.373 Y104.5 E-.6
;WIPE_END
G1 Z5.8 F9000
;AFTER_LAYER_CHANGE
;5.8
EXCLUDE_OBJECT_START NAME=Trigger2_holder_stl
G1 X112.248 Y104.006
G1 E2 F2400
;TYPE:Perimeter
;WIDTH:0.44
G1 F900
G1 X112.252 Y104.006 E.00013
G1 X110.526 Y103.994 E.05699
G1 X112.188 Y104.005 E.05488
G1 X112.649 Y104.403 F9000
G1 F900
G1 X110.129 Y104.403 E.0832
G1 X110.129 Y103.597 E.02661
G1 X112.649 Y103.597 E.0832
G1 X112.649 Y104.343 E.02463
G1 E-1.4 F2700
;WIPE_START
G1 F7200
G1 X112.649 Y104.403 E-.02138
G1 X111.025 Y104.403 E-.57862
;WIPE_END
G1 X114.776 Y103.994 F9000
G1 E2 F2400
G1 F900
G1 X114.75 Y103.994 E.00086
G1 X116.436 Y104.006 E.05567
G1 X114.836 Y103.995 E.05283
G1 E-1.4 F2700
;WIPE_START
G1 F7200
G1 X114.776 Y103.994 E-.02138
G1 X114.75 Y103.994 E-.00926
G1 X116.348 Y104.005 E-.56936
;WIPE_END
G1 X116.833 Y104.403 F9000
G1 E2 F2400
G1 F900
G1 X114.353 Y104.403 E.08188
G1 X114.353 Y103.8 E.01991
M204 S250
;TYPE:Overhang perimeter
;WIDTH:0.389872
;HEIGHT:0.389872
G1 F1800
G1 X114.357 Y103.597 E.01008
M204 S500
;TYPE:Perimeter
;WIDTH:0.44
;HEIGHT:0.2
G1 F900
G1 X116.833 Y103.597 E.08175
G1 X116.833 Y104.343 E.02463
G1 E-1.4 F2700
;WIPE_START
G1 F7200
G1 X116.833 Y104.403 E-.02138
G1 X115.209 Y104.403 E-.57862
;WIPE_END
G1 X119.648 Y103.994 F9000
G1 E2 F2400
G1 F900
G1 X120.474 Y104.006 E.02728
G1 X119.708 Y103.995 E.02529
G1 X119.251 Y104.403 F9000
G1 F900
G1 X119.251 Y103.597 E.02661
G1 X120.871 Y103.597 E.05349
G1 X120.871 Y104.403 E.02661
G1 X119.311 Y104.403 E.05151
G1 E-1.4 F2700
;WIPE_START
G1 F7200
G1 X119.251 Y104.403 E-.02138
G1 X119.251 Y103.597 E-.28714
G1 X120.069 Y103.597 E-.29148
;WIPE_END
G1 X117.22 Y104.21 F9000
G1 E2 F2400
;TYPE:External perimeter
;WIDTH:0.42
G1 F900
G1 X118.864 Y104.21 E.05155
G1 X118.864 Y103.21 E.03135
G1 X121.258 Y103.21 E.07506
G1 X121.258 Y104.79 E.04954
G1 X109.742 Y104.79 E.36108
G1 X109.742 Y103.21 E.04954
G1 X112.708 Y103.21 E.093
M204 S250
;TYPE:Overhang perimeter
;WIDTH:0.389872
;HEIGHT:0.389872
G1 F1800
G1 X113.036 Y103.21 E.01628
G1 X113.036 Y103.8 E.02928
M204 S500
;TYPE:External perimeter
;WIDTH:0.42
;HEIGHT:0.2
G1 F900
G1 X113.036 Y104.21 E.01286
G1 X113.966 Y104.21 E.02916
G1 X113.966 Y103.8 E.01286
M204 S250
;TYPE:Overhang perimeter
;WIDTH:0.389872
;HEIGHT:0.389872
G1 F1800
G1 X113.966 Y103.21 E.02928
G1 X114.357 Y103.21 E.01941
M204 S500
;TYPE:External perimeter
;WIDTH:0.42
;HEIGHT:0.2
G1 F900
G1 X117.22 Y103.21 E.08977
G1 X117.22 Y104.15 E.02947
G1 X117.026 Y104.5 F9000
;TYPE:Gap fill
;WIDTH:0.235842
G1 F900
G1 X119.057 Y104.5 E.03258
G1 E-1.4 F2700
;WIPE_START
G1 F7200
G1 X117.373 Y104.5 E-.6
;WIPE_END
G1 X114.16 Y104.5 F9000
G1 E2 F2400
G1 F900
G1 X112.843 Y104.5 E.02113
EXCLUDE_OBJECT_END NAME=Trigger2_holder_stl
;LAYER_CHANGE
;Z:6
;HEIGHT:0.2
;BEFORE_LAYER_CHANGE
G92 E0
;6


G1 E-1.4 F2700
;WIPE_START
G1 F7200
G1 X114.16 Y104.5 E-.46918
;WIPE_END
G1 E-.13082 F2700
G1 Z6 F9000
;AFTER_LAYER_CHANGE
;6
EXCLUDE_OBJECT_START NAME=Trigger2_holder_stl
G1 X116.41 Y104.006
G1 E2 F2400
;TYPE:Perimeter
;WIDTH:0.44
G1 F900
G1 X116.436 Y104.006 E.00086
G1 X110.678 Y103.994 E.19011
G1 X116.35 Y104.006 E.18727
G1 X116.833 Y104.403 F9000
G1 F900
G1 X110.281 Y104.403 E.21633
G1 X110.281 Y103.597 E.02661
G1 X113.446 Y103.597 E.1045
M204 S250
;TYPE:Overhang perimeter
;WIDTH:0.389872
;HEIGHT:0.389872
G1 F1800
G1 X113.556 Y103.597 E.00546
M204 S500
;TYPE:Perimeter
;WIDTH:0.44
;HEIGHT:0.2
G1 F900
G1 X116.833 Y103.597 E.1082
G1 X116.833 Y104.343 E.02463
G1 E-1.4 F2700
;WIPE_START
G1 F7200
G1 X116.833 Y104.403 E-.02138
G1 X115.209 Y104.403 E-.57862
;WIPE_END
G1 X119.648 Y103.994 F9000
G1 E2 F2400
G1 F900
G1 X120.322 Y104.006 E.02226
G1 X119.708 Y103.995 E.02028
G1 X119.251 Y104.403 F9000
G1 F900
G1 X119.251 Y103.597 E.02661
G1 X120.719 Y103.597 E.04847
G1 X120.719 Y104.403 E.02661
G1 X119.311 Y104.403 E.04649
G1 E-1.4 F2700
;WIPE_START
G1 F7200
G1 X119.251 Y104.403 E-.02138
G1 X119.251 Y103.597 E-.28714
G1 X120.069 Y103.597 E-.29148
;WIPE_END
G1 X117.22 Y104.21 F9000
G1 E2 F2400
;TYPE:External perimeter
;WIDTH:0.42
G1 F900
G1 X118.864 Y104.21 E.05155
G1 X118.864 Y103.21 E.03135
G1 X121.106 Y103.21 E.0703
G1 X121.106 Y104.79 E.04954
G1 X109.894 Y104.79 E.35154
G1 X109.894 Y103.21 E.04954
G1 X113.446 Y103.21 E.11137
M204 S250
;TYPE:Overhang perimeter
;WIDTH:0.389872
;HEIGHT:0.389872
G1 F1800
G1 X113.556 Y103.21 E.00546
M204 S500
;TYPE:External perimeter
;WIDTH:0.42
;HEIGHT:0.2
G1 F900
G1 X117.22 Y103.21 E.11488
G1 X117.22 Y104.15 E.02947
G1 X117.026 Y104.5 F9000
;TYPE:Gap fill
;WIDTH:0.235842
G1 F900
G1 X119.057 Y104.5 E.03258
EXCLUDE_OBJECT_END NAME=Trigger2_holder_stl
;LAYER_CHANGE
;Z:6.2
;HEIGHT:0.2
;BEFORE_LAYER_CHANGE
G92 E0
;6.2


G1 E-1.4 F2700
;WIPE_START
G1 F7200
G1 X117.373 Y104.5 E-.6
;WIPE_END
G1 Z6.2 F9000
;AFTER_LAYER_CHANGE
;6.2
EXCLUDE_OBJECT_START NAME=Trigger2_holder_stl
G1 X120.143 Y104.006
G1 E2 F2400
;TYPE:Perimeter
;WIDTH:0.44
G1 F900
G1 X110.857 Y103.994 E.3066
G1 X120.083 Y104.006 E.30462
G1 X120.54 Y104.403 F9000
G1 F900
G1 X110.46 Y104.403 E.33281
G1 X110.46 Y103.597 E.02661
G1 X117.63 Y103.597 E.23673
M204 S250
;TYPE:Overhang perimeter
;WIDTH:0.389872
;HEIGHT:0.389872
G1 F1800
G1 X118.454 Y103.597 E.0409
M204 S500
;TYPE:Perimeter
;WIDTH:0.44
;HEIGHT:0.2
G1 F900
G1 X120.54 Y103.597 E.06887
G1 X120.54 Y104.343 E.02463
G1 X120.927 Y104.79 F9000
;TYPE:External perimeter
;WIDTH:0.42
G1 F900
G1 X110.073 Y104.79 E.34032
G1 X110.073 Y103.21 E.04954
G1 X117.63 Y103.21 E.23694
M204 S250
;TYPE:Overhang perimeter
;WIDTH:0.389872
;HEIGHT:0.389872
G1 F1800
G1 X118.454 Y103.21 E.0409
M204 S500
;TYPE:External perimeter
;WIDTH:0.42
;HEIGHT:0.2
G1 F900
G1 X120.927 Y103.21 E.07754
G1 X120.927 Y104.73 E.04766
EXCLUDE_OBJECT_END NAME=Trigger2_holder_stl
;LAYER_CHANGE
;Z:6.4
;HEIGHT:0.2
;BEFORE_LAYER_CHANGE
G92 E0
;6.4


G1 E-1.4 F2700
;WIPE_START
G1 F7200
G1 X120.927 Y104.79 E-.02138
G1 X119.303 Y104.79 E-.57862
;WIPE_END
G1 Z6.4 F9000
;AFTER_LAYER_CHANGE
;6.4
EXCLUDE_OBJECT_START NAME=Trigger2_holder_stl
G1 X119.926 Y104.006
G1 E2 F2400
;TYPE:Perimeter
;WIDTH:0.44
G1 F900
G1 X111.074 Y103.994 E.29227
G1 X119.866 Y104.006 E.29029
G1 X120.323 Y104.403 F9000
G1 F900
G1 X110.677 Y104.403 E.31848
G1 X110.677 Y103.597 E.02661
G1 X120.323 Y103.597 E.31848
G1 X120.323 Y104.343 E.02463
G1 X120.71 Y104.79 F9000
;TYPE:External perimeter
;WIDTH:0.42
G1 F900
G1 X110.29 Y104.79 E.32671
G1 X110.29 Y103.21 E.04954
G1 X120.71 Y103.21 E.32671
G1 X120.71 Y104.73 E.04766
EXCLUDE_OBJECT_END NAME=Trigger2_holder_stl
;LAYER_CHANGE
;Z:6.6
;HEIGHT:0.2
;BEFORE_LAYER_CHANGE
G92 E0
;6.6


G1 E-1.4 F2700
;WIPE_START
G1 F7200
G1 X120.71 Y104.79 E-.02138
G1 X119.086 Y104.79 E-.57862
;WIPE_END
G1 Z6.6 F9000
;AFTER_LAYER_CHANGE
;6.6
EXCLUDE_OBJECT_START NAME=Trigger2_holder_stl
G1 X119.657 Y104.006
G1 E2 F2400
;TYPE:Perimeter
;WIDTH:0.44
G1 F900
G1 X111.343 Y103.994 E.27451
G1 X119.597 Y104.006 E.27253
G1 X120.054 Y104.403 F9000
G1 F900
G1 X110.946 Y104.403 E.30072
G1 X110.946 Y103.597 E.02661
G1 X120.054 Y103.597 E.30072
G1 X120.054 Y104.343 E.02463
G1 X120.441 Y104.79 F9000
;TYPE:External perimeter
;WIDTH:0.42
G1 F900
G1 X110.559 Y104.79 E.30984
G1 X110.559 Y103.21 E.04954
G1 X120.441 Y103.21 E.30984
G1 X120.441 Y104.73 E.04766
EXCLUDE_OBJECT_END NAME=Trigger2_holder_stl
;LAYER_CHANGE
;Z:6.8
;HEIGHT:0.2
;BEFORE_LAYER_CHANGE
G92 E0
;6.8


G1 E-1.4 F2700
;WIPE_START
G1 F7200
G1 X120.441 Y104.79 E-.02138
G1 X118.817 Y104.79 E-.57862
;WIPE_END
G1 Z6.8 F9000
;AFTER_LAYER_CHANGE
;6.8
EXCLUDE_OBJECT_START NAME=Trigger2_holder_stl
G1 X119.306 Y104.006
G1 E2 F2400
;TYPE:Perimeter
;WIDTH:0.44
G1 F900
G1 X111.694 Y103.994 E.25133
G1 X119.246 Y104.006 E.24935
G1 X119.703 Y104.403 F9000
G1 F900
G1 X111.297 Y104.403 E.27754
G1 X111.297 Y103.597 E.02661
G1 X119.703 Y103.597 E.27754
G1 X119.703 Y104.343 E.02463
G1 X120.09 Y104.79 F9000
;TYPE:External perimeter
;WIDTH:0.42
G1 F900
G1 X110.91 Y104.79 E.28783
G1 X110.91 Y103.21 E.04954
G1 X120.09 Y103.21 E.28783
G1 X120.09 Y104.73 E.04766
EXCLUDE_OBJECT_END NAME=Trigger2_holder_stl
;LAYER_CHANGE
;Z:7
;HEIGHT:0.2
;BEFORE_LAYER_CHANGE
G92 E0
;7


G1 E-1.4 F2700
;WIPE_START
G1 F7200
G1 X120.09 Y104.79 E-.02138
G1 X118.466 Y104.79 E-.57862
;WIPE_END
G1 Z7 F9000
;AFTER_LAYER_CHANGE
;7
EXCLUDE_OBJECT_START NAME=Trigger2_holder_stl
G1 X118.758 Y104.006
G1 E2 F2400
;TYPE:Perimeter
;WIDTH:0.44
G1 F900
G1 X112.242 Y103.994 E.21514
G1 X118.698 Y104.006 E.21316
G1 X119.155 Y104.403 F9000
G1 F900
G1 X111.845 Y104.403 E.24136
G1 X111.845 Y103.597 E.02661
G1 X119.155 Y103.597 E.24136
G1 X119.155 Y104.343 E.02463
G1 X119.542 Y104.79 F9000
;TYPE:External perimeter
;WIDTH:0.42
G1 F900
G1 X111.458 Y104.79 E.25347
G1 X111.458 Y103.21 E.04954
G1 X119.542 Y103.21 E.25347
G1 X119.542 Y104.73 E.04766
EXCLUDE_OBJECT_END NAME=Trigger2_holder_stl
G1 E-1.4 F2700
;WIPE_START
G1 F7200;_WIPE
G1 X119.542 Y104.79 E-.02138
G1 X117.918 Y104.79 E-.57862
;WIPE_END
M107
;TYPE:Custom
; Filament-specific end gcode 
;END gcode for filament
END_PRINT
; filament used [mm] = 236.87
; filament used [cm3] = 0.57
; filament used [g] = 0.71
; filament cost = 0.01
; total filament used [g] = 0.71
; total filament cost = 0.01
; estimated printing time (normal mode) = 6m 44s
; estimated first layer printing time (normal mode) = 41s

; prusaslicer_config = begin
; arc_fitting = disabled
; autoemit_temperature_commands = 1
; avoid_crossing_curled_overhangs = 0
; avoid_crossing_perimeters = 0
; avoid_crossing_perimeters_max_detour = 0
; bed_custom_model = 
; bed_custom_texture = 
; bed_shape = 3x3,228x3,228x228,3x228
; bed_temperature = 60
; before_layer_gcode = ;BEFORE_LAYER_CHANGE\nG92 E0\n;{layer_z}\n\n
; between_objects_gcode = 
; bottom_fill_pattern = monotonic
; bottom_solid_layers = 4
; bottom_solid_min_thickness = 0
; bridge_acceleration = 250
; bridge_angle = 0
; bridge_fan_speed = 50
; bridge_flow_ratio = 0.95
; bridge_speed = 25
; brim_separation = 0
; brim_type = outer_only
; brim_width = 0
; color_change_gcode = M600
; compatible_printers_condition_cummulative = "printer_model=~/(ENDER|CR|SERMOON).*/ and nozzle_diameter[0]==0.4";printer_notes=~/.*PRINTER_VENDOR_CREALITY.*/
; complete_objects = 0
; cooling = 1
; cooling_tube_length = 5
; cooling_tube_retraction = 91.5
; default_acceleration = 500
; default_filament_profile = "Generic PLA @CREALITY"
; default_print_profile = "0.16 mm OPTIMAL (0.4 mm nozzle) @CREALITY"
; deretract_speed = 40
; disable_fan_first_layers = 1
; dont_support_bridges = 1
; draft_shield = disabled
; duplicate_distance = 6
; elefant_foot_compensation = 0.1
; enable_dynamic_fan_speeds = 0
; enable_dynamic_overhang_speeds = 0
; end_filament_gcode = "; Filament-specific end gcode \n;END gcode for filament\n"
; end_gcode = END_PRINT
; external_perimeter_acceleration = 0
; external_perimeter_extrusion_width = 0.42
; external_perimeter_speed = 30
; external_perimeters_first = 0
; extra_loading_move = -2
; extra_perimeters = 0
; extra_perimeters_on_overhangs = 0
; extruder_clearance_height = 25
; extruder_clearance_radius = 55
; extruder_colour = #FCE94F
; extruder_offset = 0x0
; extrusion_axis = E
; extrusion_multiplier = 1
; extrusion_width = 0.44
; fan_always_on = 1
; fan_below_layer_time = 100
; filament_colour = #FFFFFF
; filament_cooling_final_speed = 3.4
; filament_cooling_initial_speed = 2.2
; filament_cooling_moves = 4
; filament_cost = 20
; filament_density = 1.24
; filament_diameter = 1.75
; filament_load_time = 0
; filament_loading_speed = 28
; filament_loading_speed_start = 3
; filament_max_volumetric_speed = 15
; filament_minimal_purge_on_wipe_tower = 15
; filament_multitool_ramming = 0
; filament_multitool_ramming_flow = 10
; filament_multitool_ramming_volume = 10
; filament_notes = ""
; filament_ramming_parameters = "120 100 6.6 6.8 7.2 7.6 7.9 8.2 8.7 9.4 9.9 10.0| 0.05 6.6 0.45 6.8 0.95 7.8 1.45 8.3 1.95 9.7 2.45 10 2.95 7.6 3.45 7.6 3.95 7.6 4.45 7.6 4.95 7.6"
; filament_settings_id = "Generic PLA @CREALITY - Copy"
; filament_soluble = 0
; filament_spool_weight = 0
; filament_toolchange_delay = 0
; filament_type = PLA
; filament_unload_time = 0
; filament_unloading_speed = 90
; filament_unloading_speed_start = 100
; filament_vendor = Generic
; fill_angle = 45
; fill_density = 100%
; fill_pattern = rectilinear
; first_layer_acceleration = 0
; first_layer_acceleration_over_raft = 0
; first_layer_bed_temperature = 60
; first_layer_extrusion_width = 0.42
; first_layer_height = 0.2
; first_layer_speed = 20
; first_layer_speed_over_raft = 30
; first_layer_temperature = 200
; full_fan_speed_layer = 0
; fuzzy_skin = none
; fuzzy_skin_point_dist = 0.8
; fuzzy_skin_thickness = 0.3
; gap_fill_enabled = 1
; gap_fill_speed = 30
; gcode_binary = 0
; gcode_comments = 0
; gcode_flavor = klipper
; gcode_label_objects = firmware
; gcode_resolution = 0.0125
; gcode_substitutions = 
; high_current_on_filament_swap = 0
; host_type = prusalink
; infill_acceleration = 0
; infill_anchor = 600%
; infill_anchor_max = 50
; infill_every_layers = 1
; infill_extruder = 1
; infill_extrusion_width = 0.44
; infill_first = 0
; infill_overlap = 30%
; infill_speed = 80
; inherits_cummulative = "0.20 mm NORMAL (0.4 mm nozzle) @CREALITY";"Generic PLA @CREALITY";"Creality Ender-3 BLTouch (0.4 mm nozzle)"
; interface_shells = 0
; ironing = 0
; ironing_flowrate = 15%
; ironing_spacing = 0.1
; ironing_speed = 15
; ironing_type = top
; layer_gcode = ;AFTER_LAYER_CHANGE\n;{layer_z}
; layer_height = 0.2
; machine_limits_usage = time_estimate_only
; machine_max_acceleration_e = 5000
; machine_max_acceleration_extruding = 500
; machine_max_acceleration_retracting = 1000
; machine_max_acceleration_travel = 500
; machine_max_acceleration_x = 500
; machine_max_acceleration_y = 500
; machine_max_acceleration_z = 100
; machine_max_feedrate_e = 60
; machine_max_feedrate_x = 500
; machine_max_feedrate_y = 500
; machine_max_feedrate_z = 10
; machine_max_jerk_e = 5
; machine_max_jerk_x = 8
; machine_max_jerk_y = 8
; machine_max_jerk_z = 0.4
; machine_min_extruding_rate = 0
; machine_min_travel_rate = 0
; max_fan_speed = 50
; max_layer_height = 0.32
; max_print_height = 250
; max_print_speed = 100
; max_volumetric_extrusion_rate_slope_negative = 0
; max_volumetric_extrusion_rate_slope_positive = 0
; max_volumetric_speed = 0
; min_bead_width = 85%
; min_fan_speed = 50
; min_feature_size = 25%
; min_layer_height = 0.06
; min_print_speed = 15
; min_skirt_length = 4
; mmu_segmented_region_interlocking_depth = 0
; mmu_segmented_region_max_width = 0
; notes = 
; nozzle_diameter = 0.4
; only_retract_when_crossing_perimeters = 0
; ooze_prevention = 0
; output_filename_format = {input_filename_base}_{print_time}_{digits(layer_height,1,2)}mm_{temperature[0]}C_{filament_type[0]}_{printer_model}.gcode
; overhang_fan_speed_0 = 0
; overhang_fan_speed_1 = 0
; overhang_fan_speed_2 = 0
; overhang_fan_speed_3 = 0
; overhang_speed_0 = 15
; overhang_speed_1 = 15
; overhang_speed_2 = 20
; overhang_speed_3 = 25
; overhangs = 1
; parking_pos_retraction = 92
; pause_print_gcode = 
; perimeter_acceleration = 0
; perimeter_extruder = 1
; perimeter_extrusion_width = 0.44
; perimeter_generator = classic
; perimeter_speed = 60
; perimeters = 3
; physical_printer_settings_id = 
; post_process = 
; print_settings_id = 0.20 mm NORMAL (0.4 mm nozzle) @CREALITY - Copy
; printer_model = ENDER3BLTOUCH
; printer_notes = Don't remove the following keywords! These keywords are used in the "compatible printer" condition of the print and filament profiles to link the particular print and filament profiles to this printer profile.\nPRINTER_VENDOR_CREALITY\nPRINTER_MODEL_ENDER3BLTOUCH\nPRINTER_HAS_BOWDEN
; printer_settings_id = Creality Ender-3 BLTouch (0.4 mm nozzle) - Copy
; printer_technology = FFF
; printer_variant = 0.4
; printer_vendor = 
; raft_contact_distance = 0.1
; raft_expansion = 1.5
; raft_first_layer_density = 90%
; raft_first_layer_expansion = 3
; raft_layers = 0
; remaining_times = 0
; resolution = 0
; retract_before_travel = 1.5
; retract_before_wipe = 70%
; retract_layer_change = 1
; retract_length = 2
; retract_length_toolchange = 1
; retract_lift = 0
; retract_lift_above = 0.2
; retract_lift_below = 0
; retract_restart_extra = 0
; retract_restart_extra_toolchange = 0
; retract_speed = 45
; seam_position = nearest
; silent_mode = 0
; single_extruder_multi_material = 0
; single_extruder_multi_material_priming = 0
; skirt_distance = 3
; skirt_height = 2
; skirts = 1
; slice_closing_radius = 0.049
; slicing_mode = regular
; slowdown_below_layer_time = 20
; small_perimeter_speed = 30
; solid_infill_acceleration = 0
; solid_infill_below_area = 0
; solid_infill_every_layers = 0
; solid_infill_extruder = 1
; solid_infill_extrusion_width = 0.44
; solid_infill_speed = 40
; spiral_vase = 0
; staggered_inner_seams = 0
; standby_temperature_delta = -5
; start_filament_gcode = "; Filament gcode\n"
; start_gcode = START_PRINT
; support_material = 0
; support_material_angle = 0
; support_material_auto = 1
; support_material_bottom_contact_distance = 0
; support_material_bottom_interface_layers = -1
; support_material_buildplate_only = 1
; support_material_closing_radius = 2
; support_material_contact_distance = 0.15
; support_material_enforce_layers = 0
; support_material_extruder = 0
; support_material_extrusion_width = 0.36
; support_material_interface_contact_loops = 0
; support_material_interface_extruder = 0
; support_material_interface_layers = 2
; support_material_interface_pattern = rectilinear
; support_material_interface_spacing = 0.2
; support_material_interface_speed = 100%
; support_material_pattern = rectilinear
; support_material_spacing = 1
; support_material_speed = 40
; support_material_style = organic
; support_material_synchronize_layers = 0
; support_material_threshold = 40
; support_material_with_sheath = 0
; support_material_xy_spacing = 60%
; support_tree_angle = 40
; support_tree_angle_slow = 25
; support_tree_branch_diameter = 2
; support_tree_branch_diameter_angle = 5
; support_tree_branch_diameter_double_wall = 3
; support_tree_branch_distance = 1
; support_tree_tip_diameter = 0.8
; support_tree_top_rate = 15%
; temperature = 200
; template_custom_gcode = 
; thick_bridges = 1
; thin_walls = 0
; thumbnails = 
; thumbnails_format = PNG
; toolchange_gcode = 
; top_fill_pattern = monotonic
; top_infill_extrusion_width = 0.4
; top_solid_infill_acceleration = 0
; top_solid_infill_speed = 30
; top_solid_layers = 5
; top_solid_min_thickness = 0
; travel_acceleration = 0
; travel_lift_before_obstacle = 0
; travel_max_lift = 0
; travel_ramping_lift = 0
; travel_slope = 0
; travel_speed = 150
; travel_speed_z = 0
; use_firmware_retraction = 0
; use_relative_e_distances = 1
; use_volumetric_e = 0
; variable_layer_height = 1
; wall_distribution_count = 1
; wall_transition_angle = 10
; wall_transition_filter_deviation = 25%
; wall_transition_length = 100%
; wipe = 1
; wipe_into_infill = 0
; wipe_into_objects = 0
; wipe_tower = 0
; wipe_tower_bridging = 10
; wipe_tower_brim_width = 2
; wipe_tower_cone_angle = 0
; wipe_tower_extra_spacing = 100%
; wipe_tower_extruder = 0
; wipe_tower_no_sparse_layers = 0
; wipe_tower_rotation_angle = 0
; wipe_tower_width = 60
; wipe_tower_x = 170
; wipe_tower_y = 140
; wiping_volumes_extruders = 70,70
; wiping_volumes_matrix = 0
; xy_size_compensation = 0
; z_offset = 0
; prusaslicer_config = end
